[INFO] Scanning for projects...
[INFO] 
[INFO] ------------------------< com.saxion.proj:tfms >------------------------
[INFO] Building TFMS Starter Application 1.0.0-dev
[INFO]   from pom.xml
[INFO] --------------------------------[ jar ]---------------------------------
[INFO] 
[INFO] >>> spring-boot:3.5.5:run (default-cli) > test-compile @ tfms >>>
[INFO] 
[INFO] --- jacoco:0.8.11:prepare-agent (default) @ tfms ---
[INFO] argLine set to -javaagent:/Users/abuchi/.m2/repository/org/jacoco/org.jacoco.agent/0.8.11/org.jacoco.agent-0.8.11-runtime.jar=destfile=/Users/abuchi/IdeaProjects/SaxionProject/02/tfms-starter/target/jacoco.exec
[INFO] 
[INFO] --- frontend:1.13.4:install-node-and-npm (install node and npm) @ tfms ---
[INFO] Skipping execution.
[INFO] 
[INFO] --- frontend:1.13.4:npm (npm install) @ tfms ---
[INFO] Skipping execution.
[INFO] 
[INFO] --- resources:3.3.1:resources (default-resources) @ tfms ---
[INFO] Copying 3 resources from src/main/resources to target/classes
[INFO] Copying 24 resources from src/main/resources to target/classes
[INFO] 
[INFO] --- compiler:3.13.0:compile (default-compile) @ tfms ---
[INFO] Nothing to compile - all classes are up to date.
[INFO] 
[INFO] --- frontend:1.13.4:npm (npm run build) @ tfms ---
[INFO] Skipping execution.
[INFO] 
[INFO] --- resources:3.3.1:copy-resources (copy-react-build) @ tfms ---
[INFO] Skipping the execution.
[INFO] 
[INFO] --- resources:3.3.1:testResources (default-testResources) @ tfms ---
[INFO] skip non existing resourceDirectory /Users/abuchi/IdeaProjects/SaxionProject/02/tfms-starter/src/test/resources
[INFO] 
[INFO] --- compiler:3.13.0:testCompile (default-testCompile) @ tfms ---
[INFO] Nothing to compile - all classes are up to date.
[INFO] 
[INFO] <<< spring-boot:3.5.5:run (default-cli) < test-compile @ tfms <<<
[INFO] 
[INFO] 
[INFO] --- spring-boot:3.5.5:run (default-cli) @ tfms ---
[INFO] Attaching agents: []
Listening for transport dt_socket at address: 5005

  .   ____          _            __ _ _
 /\\ / ___'_ __ _ _(_)_ __  __ _ \ \ \ \
( ( )\___ | '_ | '_| | '_ \/ _` | \ \ \ \
 \\/  ___)| |_)| | | | | || (_| |  ) ) ) )
  '  |____| .__|_| |_|_| |_\__, | / / / /
 =========|_|==============|___/=/_/_/_/

 :: Spring Boot ::                (v3.5.5)

2025-12-06 01:55:42.214 [background-preinit] INFO  [] [] org.hibernate.validator.internal.util.Version - HV000001: Hibernate Validator 8.0.3.Final
2025-12-06 01:55:42.261 [main] INFO  [tfms-truck-fleet-management-system] [] com.saxion.proj.tfms.TfmsApplication - Starting TfmsApplication using Java 17.0.16 with PID 57459 (/Users/abuchi/IdeaProjects/SaxionProject/02/tfms-starter/target/classes started by abuchi in /Users/abuchi/IdeaProjects/SaxionProject/02/tfms-starter)
2025-12-06 01:55:42.268 [main] DEBUG [tfms-truck-fleet-management-system] [] com.saxion.proj.tfms.TfmsApplication - Running with Spring Boot v3.5.5, Spring v6.2.10
2025-12-06 01:55:42.269 [main] INFO  [tfms-truck-fleet-management-system] [] com.saxion.proj.tfms.TfmsApplication - The following 1 profile is active: "dev"
2025-12-06 01:55:43.752 [main] INFO  [tfms-truck-fleet-management-system] [] org.springframework.data.repository.config.RepositoryConfigurationDelegate - Bootstrapping Spring Data JPA repositories in DEFAULT mode.
2025-12-06 01:55:43.864 [main] INFO  [tfms-truck-fleet-management-system] [] org.springframework.data.repository.config.RepositoryConfigurationDelegate - Finished Spring Data repository scanning in 101 ms. Found 13 JPA repository interfaces.
2025-12-06 01:55:44.616 [main] INFO  [tfms-truck-fleet-management-system] [] org.springframework.boot.web.embedded.tomcat.TomcatWebServer - Tomcat initialized with port 8443 (https)
2025-12-06 01:55:44.630 [main] INFO  [tfms-truck-fleet-management-system] [] org.apache.coyote.http11.Http11NioProtocol - Initializing ProtocolHandler ["https-jsse-nio-8443"]
2025-12-06 01:55:44.638 [main] INFO  [tfms-truck-fleet-management-system] [] org.apache.catalina.core.StandardService - Starting service [Tomcat]
2025-12-06 01:55:44.638 [main] INFO  [tfms-truck-fleet-management-system] [] org.apache.catalina.core.StandardEngine - Starting Servlet engine: [Apache Tomcat/10.1.44]
2025-12-06 01:55:44.697 [main] INFO  [tfms-truck-fleet-management-system] [] org.apache.catalina.core.ContainerBase.[Tomcat].[localhost].[/] - Initializing Spring embedded WebApplicationContext
2025-12-06 01:55:44.698 [main] INFO  [tfms-truck-fleet-management-system] [] org.springframework.boot.web.servlet.context.ServletWebServerApplicationContext - Root WebApplicationContext: initialization completed in 2388 ms
2025-12-06 01:55:44.812 [main] INFO  [tfms-truck-fleet-management-system] [] com.saxion.proj.tfms.config.security.RateLimitingFilter - Rate limiting filter initialized with limit: 60 requests per minute
2025-12-06 01:55:44.848 [main] DEBUG [tfms-truck-fleet-management-system] [] com.saxion.proj.tfms.config.security.JwtAuthenticationFilter - Filter 'jwtAuthenticationFilter' configured for use
2025-12-06 01:55:44.849 [main] DEBUG [tfms-truck-fleet-management-system] [] com.saxion.proj.tfms.config.security.RateLimitingFilter - Filter 'rateLimitingFilter' configured for use
2025-12-06 01:55:44.974 [main] INFO  [tfms-truck-fleet-management-system] [] org.hibernate.jpa.internal.util.LogHelper - HHH000204: Processing PersistenceUnitInfo [name: default]
2025-12-06 01:55:45.025 [main] INFO  [tfms-truck-fleet-management-system] [] org.hibernate.Version - HHH000412: Hibernate ORM core version 6.6.26.Final
2025-12-06 01:55:45.060 [main] INFO  [tfms-truck-fleet-management-system] [] org.hibernate.cache.internal.RegionFactoryInitiator - HHH000026: Second-level cache disabled
2025-12-06 01:55:45.350 [main] INFO  [tfms-truck-fleet-management-system] [] org.springframework.orm.jpa.persistenceunit.SpringPersistenceUnitInfo - No LoadTimeWeaver setup: ignoring JPA class transformer
2025-12-06 01:55:45.385 [main] INFO  [tfms-truck-fleet-management-system] [] com.zaxxer.hikari.HikariDataSource - HikariPool-1 - Starting...
2025-12-06 01:55:45.665 [main] INFO  [tfms-truck-fleet-management-system] [] com.zaxxer.hikari.pool.HikariPool - HikariPool-1 - Added connection org.postgresql.jdbc.PgConnection@a11efe6
2025-12-06 01:55:45.666 [main] INFO  [tfms-truck-fleet-management-system] [] com.zaxxer.hikari.HikariDataSource - HikariPool-1 - Start completed.
2025-12-06 01:55:45.730 [main] WARN  [tfms-truck-fleet-management-system] [] org.hibernate.orm.deprecation - HHH90000025: PostgreSQLDialect does not need to be specified explicitly using 'hibernate.dialect' (remove the property setting and it will be selected by default)
2025-12-06 01:55:45.753 [main] INFO  [tfms-truck-fleet-management-system] [] org.hibernate.orm.connections.pooling - HHH10001005: Database info:
	Database JDBC URL [Connecting through datasource 'HikariDataSource (HikariPool-1)']
	Database driver: undefined/unknown
	Database version: 17.6
	Autocommit mode: undefined/unknown
	Isolation level: undefined/unknown
	Minimum pool size: undefined/unknown
	Maximum pool size: undefined/unknown
2025-12-06 01:55:47.052 [main] INFO  [tfms-truck-fleet-management-system] [] org.hibernate.engine.transaction.jta.platform.internal.JtaPlatformInitiator - HHH000489: No JTA platform available (set 'hibernate.transaction.jta.platform' to enable JTA platform integration)
2025-12-06 01:55:47.070 [main] DEBUG [tfms-truck-fleet-management-system] [] org.hibernate.SQL - 
    set client_min_messages = WARNING
Hibernate: 
    set client_min_messages = WARNING
2025-12-06 01:55:47.106 [main] DEBUG [tfms-truck-fleet-management-system] [] org.hibernate.SQL - 
    alter table if exists depot 
       drop constraint if exists FKe301iowoaqjm6tyewp59qfwar
Hibernate: 
    alter table if exists depot 
       drop constraint if exists FKe301iowoaqjm6tyewp59qfwar
2025-12-06 01:55:47.118 [main] DEBUG [tfms-truck-fleet-management-system] [] org.hibernate.SQL - 
    alter table if exists driver_availability 
       drop constraint if exists FKpmbvukj9cxp3gh1k5qef2wlgc
Hibernate: 
    alter table if exists driver_availability 
       drop constraint if exists FKpmbvukj9cxp3gh1k5qef2wlgc
2025-12-06 01:55:47.121 [main] DEBUG [tfms-truck-fleet-management-system] [] org.hibernate.SQL - 
    alter table if exists driver_feedback 
       drop constraint if exists FK14bs22seumen5ujybvhbiqgid
Hibernate: 
    alter table if exists driver_feedback 
       drop constraint if exists FK14bs22seumen5ujybvhbiqgid
2025-12-06 01:55:47.122 [main] DEBUG [tfms-truck-fleet-management-system] [] org.hibernate.SQL - 
    alter table if exists driver_truck_assignment 
       drop constraint if exists FKcsuas72gnx4wiys76lfr3frx9
Hibernate: 
    alter table if exists driver_truck_assignment 
       drop constraint if exists FKcsuas72gnx4wiys76lfr3frx9
2025-12-06 01:55:47.123 [main] DEBUG [tfms-truck-fleet-management-system] [] org.hibernate.SQL - 
    alter table if exists driver_truck_assignment 
       drop constraint if exists FKojdwijoc98dbfltpsl4ptifvr
Hibernate: 
    alter table if exists driver_truck_assignment 
       drop constraint if exists FKojdwijoc98dbfltpsl4ptifvr
2025-12-06 01:55:47.124 [main] DEBUG [tfms-truck-fleet-management-system] [] org.hibernate.SQL - 
    alter table if exists drivers 
       drop constraint if exists FKpm96np638t9xhgj0cpbd80so2
Hibernate: 
    alter table if exists drivers 
       drop constraint if exists FKpm96np638t9xhgj0cpbd80so2
2025-12-06 01:55:47.125 [main] DEBUG [tfms-truck-fleet-management-system] [] org.hibernate.SQL - 
    alter table if exists drivers 
       drop constraint if exists FKfscpnjt46gco44xh86l99rxh7
Hibernate: 
    alter table if exists drivers 
       drop constraint if exists FKfscpnjt46gco44xh86l99rxh7
2025-12-06 01:55:47.126 [main] DEBUG [tfms-truck-fleet-management-system] [] org.hibernate.SQL - 
    alter table if exists maintenance_records 
       drop constraint if exists FKfxk5kmlv4sota7yuut3e445ey
Hibernate: 
    alter table if exists maintenance_records 
       drop constraint if exists FKfxk5kmlv4sota7yuut3e445ey
2025-12-06 01:55:47.127 [main] DEBUG [tfms-truck-fleet-management-system] [] org.hibernate.SQL - 
    alter table if exists maintenance_records 
       drop constraint if exists FK44jqd9qs4v5yaok9mnbw7odh6
Hibernate: 
    alter table if exists maintenance_records 
       drop constraint if exists FK44jqd9qs4v5yaok9mnbw7odh6
2025-12-06 01:55:47.128 [main] DEBUG [tfms-truck-fleet-management-system] [] org.hibernate.SQL - 
    alter table if exists maintenance_records 
       drop constraint if exists FK3nnro82drqwl32kixdi26b0eh
Hibernate: 
    alter table if exists maintenance_records 
       drop constraint if exists FK3nnro82drqwl32kixdi26b0eh
2025-12-06 01:55:47.129 [main] DEBUG [tfms-truck-fleet-management-system] [] org.hibernate.SQL - 
    alter table if exists parcel_stop 
       drop constraint if exists FKkvedi2peoy3kemqqstjb4xy4x
Hibernate: 
    alter table if exists parcel_stop 
       drop constraint if exists FKkvedi2peoy3kemqqstjb4xy4x
2025-12-06 01:55:47.130 [main] DEBUG [tfms-truck-fleet-management-system] [] org.hibernate.SQL - 
    alter table if exists parcel_stop 
       drop constraint if exists FKkj3ptd9rut8iej1miysqgvw99
Hibernate: 
    alter table if exists parcel_stop 
       drop constraint if exists FKkj3ptd9rut8iej1miysqgvw99
2025-12-06 01:55:47.131 [main] DEBUG [tfms-truck-fleet-management-system] [] org.hibernate.SQL - 
    alter table if exists parcels 
       drop constraint if exists FKnv2yi0jrhhk8ggr7xs3gvkwts
Hibernate: 
    alter table if exists parcels 
       drop constraint if exists FKnv2yi0jrhhk8ggr7xs3gvkwts
2025-12-06 01:55:47.132 [main] DEBUG [tfms-truck-fleet-management-system] [] org.hibernate.SQL - 
    alter table if exists parcels 
       drop constraint if exists FKgi5727h7aynukv9c4hqt89k58
Hibernate: 
    alter table if exists parcels 
       drop constraint if exists FKgi5727h7aynukv9c4hqt89k58
2025-12-06 01:55:47.132 [main] DEBUG [tfms-truck-fleet-management-system] [] org.hibernate.SQL - 
    alter table if exists parcels 
       drop constraint if exists FK1n63sg4bq9lpaxdsvx4w6cgp5
Hibernate: 
    alter table if exists parcels 
       drop constraint if exists FK1n63sg4bq9lpaxdsvx4w6cgp5
2025-12-06 01:55:47.133 [main] DEBUG [tfms-truck-fleet-management-system] [] org.hibernate.SQL - 
    alter table if exists route_computations 
       drop constraint if exists FK3c01sxk46leij2gki1cnnsi9o
Hibernate: 
    alter table if exists route_computations 
       drop constraint if exists FK3c01sxk46leij2gki1cnnsi9o
2025-12-06 01:55:47.134 [main] DEBUG [tfms-truck-fleet-management-system] [] org.hibernate.SQL - 
    alter table if exists route_stops 
       drop constraint if exists FKp1fka8xfu6pf91algbjueupey
Hibernate: 
    alter table if exists route_stops 
       drop constraint if exists FKp1fka8xfu6pf91algbjueupey
2025-12-06 01:55:47.135 [main] DEBUG [tfms-truck-fleet-management-system] [] org.hibernate.SQL - 
    alter table if exists route_stops 
       drop constraint if exists FK63y33daxb1qs5nbnkuicbpkej
Hibernate: 
    alter table if exists route_stops 
       drop constraint if exists FK63y33daxb1qs5nbnkuicbpkej
2025-12-06 01:55:47.136 [main] DEBUG [tfms-truck-fleet-management-system] [] org.hibernate.SQL - 
    alter table if exists routes 
       drop constraint if exists FK1et1n18fssg80csy4xlp5yeha
Hibernate: 
    alter table if exists routes 
       drop constraint if exists FK1et1n18fssg80csy4xlp5yeha
2025-12-06 01:55:47.137 [main] DEBUG [tfms-truck-fleet-management-system] [] org.hibernate.SQL - 
    alter table if exists routes 
       drop constraint if exists FKop0qr5t6dwfrb9sg8x25o5ivd
Hibernate: 
    alter table if exists routes 
       drop constraint if exists FKop0qr5t6dwfrb9sg8x25o5ivd
2025-12-06 01:55:47.138 [main] DEBUG [tfms-truck-fleet-management-system] [] org.hibernate.SQL - 
    alter table if exists routes 
       drop constraint if exists FKjasq7qb9iqn2ym54o4kfmafac
Hibernate: 
    alter table if exists routes 
       drop constraint if exists FKjasq7qb9iqn2ym54o4kfmafac
2025-12-06 01:55:47.139 [main] DEBUG [tfms-truck-fleet-management-system] [] org.hibernate.SQL - 
    alter table if exists routes 
       drop constraint if exists FK622q1farflqa2gr7c5oo767jw
Hibernate: 
    alter table if exists routes 
       drop constraint if exists FK622q1farflqa2gr7c5oo767jw
2025-12-06 01:55:47.140 [main] DEBUG [tfms-truck-fleet-management-system] [] org.hibernate.SQL - 
    alter table if exists warehouse 
       drop constraint if exists FKm7is2pg5vfxb3iqrhs1741fa
Hibernate: 
    alter table if exists warehouse 
       drop constraint if exists FKm7is2pg5vfxb3iqrhs1741fa
2025-12-06 01:55:47.141 [main] DEBUG [tfms-truck-fleet-management-system] [] org.hibernate.SQL - 
    drop table if exists depot cascade
Hibernate: 
    drop table if exists depot cascade
2025-12-06 01:55:47.150 [main] DEBUG [tfms-truck-fleet-management-system] [] org.hibernate.SQL - 
    drop table if exists driver_availability cascade
Hibernate: 
    drop table if exists driver_availability cascade
2025-12-06 01:55:47.236 [main] DEBUG [tfms-truck-fleet-management-system] [] org.hibernate.SQL - 
    drop table if exists driver_feedback cascade
Hibernate: 
    drop table if exists driver_feedback cascade
2025-12-06 01:55:47.239 [main] DEBUG [tfms-truck-fleet-management-system] [] org.hibernate.SQL - 
    drop table if exists driver_truck_assignment cascade
Hibernate: 
    drop table if exists driver_truck_assignment cascade
2025-12-06 01:55:47.241 [main] DEBUG [tfms-truck-fleet-management-system] [] org.hibernate.SQL - 
    drop table if exists drivers cascade
Hibernate: 
    drop table if exists drivers cascade
2025-12-06 01:55:47.245 [main] DEBUG [tfms-truck-fleet-management-system] [] org.hibernate.SQL - 
    drop table if exists locations cascade
Hibernate: 
    drop table if exists locations cascade
2025-12-06 01:55:47.249 [main] DEBUG [tfms-truck-fleet-management-system] [] org.hibernate.SQL - 
    drop table if exists maintenance_records cascade
Hibernate: 
    drop table if exists maintenance_records cascade
2025-12-06 01:55:47.252 [main] DEBUG [tfms-truck-fleet-management-system] [] org.hibernate.SQL - 
    drop table if exists parcel_stop cascade
Hibernate: 
    drop table if exists parcel_stop cascade
2025-12-06 01:55:47.255 [main] DEBUG [tfms-truck-fleet-management-system] [] org.hibernate.SQL - 
    drop table if exists parcels cascade
Hibernate: 
    drop table if exists parcels cascade
2025-12-06 01:55:47.258 [main] DEBUG [tfms-truck-fleet-management-system] [] org.hibernate.SQL - 
    drop table if exists route_computations cascade
Hibernate: 
    drop table if exists route_computations cascade
2025-12-06 01:55:47.261 [main] DEBUG [tfms-truck-fleet-management-system] [] org.hibernate.SQL - 
    drop table if exists route_stops cascade
Hibernate: 
    drop table if exists route_stops cascade
2025-12-06 01:55:47.262 [main] DEBUG [tfms-truck-fleet-management-system] [] org.hibernate.SQL - 
    drop table if exists routes cascade
Hibernate: 
    drop table if exists routes cascade
2025-12-06 01:55:47.265 [main] DEBUG [tfms-truck-fleet-management-system] [] org.hibernate.SQL - 
    drop table if exists trucks cascade
Hibernate: 
    drop table if exists trucks cascade
2025-12-06 01:55:47.267 [main] DEBUG [tfms-truck-fleet-management-system] [] org.hibernate.SQL - 
    drop table if exists users cascade
Hibernate: 
    drop table if exists users cascade
2025-12-06 01:55:47.270 [main] DEBUG [tfms-truck-fleet-management-system] [] org.hibernate.SQL - 
    drop table if exists warehouse cascade
Hibernate: 
    drop table if exists warehouse cascade
2025-12-06 01:55:47.277 [main] DEBUG [tfms-truck-fleet-management-system] [] org.hibernate.SQL - 
    create table depot (
        capacity float(53) not null,
        is_active boolean not null,
        created_at timestamp(6) with time zone,
        id bigint generated by default as identity,
        location_id bigint not null unique,
        updated_at timestamp(6) with time zone,
        name varchar(255) not null,
        primary key (id)
    )
Hibernate: 
    create table depot (
        capacity float(53) not null,
        is_active boolean not null,
        created_at timestamp(6) with time zone,
        id bigint generated by default as identity,
        location_id bigint not null unique,
        updated_at timestamp(6) with time zone,
        name varchar(255) not null,
        primary key (id)
    )
2025-12-06 01:55:47.335 [main] DEBUG [tfms-truck-fleet-management-system] [] org.hibernate.SQL - 
    create table driver_availability (
        is_active boolean not null,
        available_at timestamp(6) with time zone,
        created_at timestamp(6) with time zone,
        driver_id bigint,
        id bigint generated by default as identity,
        updated_at timestamp(6) with time zone,
        end_time varchar(255),
        start_time varchar(255),
        status varchar(255) not null check (status in ('AVAILABLE','PENDING','SCHEDULED','DELIVERED','RETURNED','PLANNED','ASSIGNED','COMPLETED')),
        primary key (id)
    )
Hibernate: 
    create table driver_availability (
        is_active boolean not null,
        available_at timestamp(6) with time zone,
        created_at timestamp(6) with time zone,
        driver_id bigint,
        id bigint generated by default as identity,
        updated_at timestamp(6) with time zone,
        end_time varchar(255),
        start_time varchar(255),
        status varchar(255) not null check (status in ('AVAILABLE','PENDING','SCHEDULED','DELIVERED','RETURNED','PLANNED','ASSIGNED','COMPLETED')),
        primary key (id)
    )
2025-12-06 01:55:47.343 [main] DEBUG [tfms-truck-fleet-management-system] [] org.hibernate.SQL - 
    create table driver_feedback (
        is_active boolean not null,
        created_at timestamp(6) with time zone,
        driver_id bigint,
        id bigint generated by default as identity,
        updated_at timestamp(6) with time zone,
        suggestion varchar(255),
        primary key (id)
    )
Hibernate: 
    create table driver_feedback (
        is_active boolean not null,
        created_at timestamp(6) with time zone,
        driver_id bigint,
        id bigint generated by default as identity,
        updated_at timestamp(6) with time zone,
        suggestion varchar(255),
        primary key (id)
    )
2025-12-06 01:55:47.345 [main] DEBUG [tfms-truck-fleet-management-system] [] org.hibernate.SQL - 
    create table driver_truck_assignment (
        is_active boolean not null,
        created_at timestamp(6) with time zone,
        date_assigned timestamp(6) with time zone not null,
        driver_id bigint,
        id bigint generated by default as identity,
        truck_id bigint,
        updated_at timestamp(6) with time zone,
        "assignment-status" varchar(255) not null check ("assignment-status" in ('AVAILABLE','PENDING','SCHEDULED','DELIVERED','RETURNED','PLANNED','ASSIGNED','COMPLETED')),
        primary key (id)
    )
Hibernate: 
    create table driver_truck_assignment (
        is_active boolean not null,
        created_at timestamp(6) with time zone,
        date_assigned timestamp(6) with time zone not null,
        driver_id bigint,
        id bigint generated by default as identity,
        truck_id bigint,
        updated_at timestamp(6) with time zone,
        "assignment-status" varchar(255) not null check ("assignment-status" in ('AVAILABLE','PENDING','SCHEDULED','DELIVERED','RETURNED','PLANNED','ASSIGNED','COMPLETED')),
        primary key (id)
    )
2025-12-06 01:55:47.351 [main] DEBUG [tfms-truck-fleet-management-system] [] org.hibernate.SQL - 
    create table drivers (
        is_active boolean not null,
        is_available boolean not null,
        created_at timestamp(6) with time zone,
        id bigint generated by default as identity,
        location_id bigint,
        updated_at timestamp(6) with time zone,
        user_id bigint not null unique,
        primary key (id)
    )
Hibernate: 
    create table drivers (
        is_active boolean not null,
        is_available boolean not null,
        created_at timestamp(6) with time zone,
        id bigint generated by default as identity,
        location_id bigint,
        updated_at timestamp(6) with time zone,
        user_id bigint not null unique,
        primary key (id)
    )
2025-12-06 01:55:47.353 [main] DEBUG [tfms-truck-fleet-management-system] [] org.hibernate.SQL - 
    create table locations (
        is_active boolean not null,
        latitude float(53) not null,
        longitude float(53) not null,
        created_at timestamp(6) with time zone,
        id bigint generated by default as identity,
        updated_at timestamp(6) with time zone,
        address varchar(255) not null,
        city varchar(255) not null,
        postal_code varchar(255) not null,
        primary key (id)
    )
Hibernate: 
    create table locations (
        is_active boolean not null,
        latitude float(53) not null,
        longitude float(53) not null,
        created_at timestamp(6) with time zone,
        id bigint generated by default as identity,
        updated_at timestamp(6) with time zone,
        address varchar(255) not null,
        city varchar(255) not null,
        postal_code varchar(255) not null,
        primary key (id)
    )
2025-12-06 01:55:47.357 [main] DEBUG [tfms-truck-fleet-management-system] [] org.hibernate.SQL - 
    create table maintenance_records (
        cost float(53),
        is_active boolean not null,
        created_at timestamp(6) with time zone,
        id bigint generated by default as identity,
        service_date timestamp(6) not null,
        serviced_by_user_id bigint not null,
        truck_id bigint not null,
        updated_at timestamp(6) with time zone,
        user_id bigint not null,
        notes TEXT,
        service_type varchar(255) not null,
        primary key (id)
    )
Hibernate: 
    create table maintenance_records (
        cost float(53),
        is_active boolean not null,
        created_at timestamp(6) with time zone,
        id bigint generated by default as identity,
        service_date timestamp(6) not null,
        serviced_by_user_id bigint not null,
        truck_id bigint not null,
        updated_at timestamp(6) with time zone,
        user_id bigint not null,
        notes TEXT,
        service_type varchar(255) not null,
        primary key (id)
    )
2025-12-06 01:55:47.360 [main] DEBUG [tfms-truck-fleet-management-system] [] org.hibernate.SQL - 
    create table parcel_stop (
        is_active boolean not null,
        created_at timestamp(6) with time zone,
        id bigint generated by default as identity,
        parcel_id bigint,
        route_stop_id bigint,
        updated_at timestamp(6) with time zone,
        primary key (id)
    )
Hibernate: 
    create table parcel_stop (
        is_active boolean not null,
        created_at timestamp(6) with time zone,
        id bigint generated by default as identity,
        parcel_id bigint,
        route_stop_id bigint,
        updated_at timestamp(6) with time zone,
        primary key (id)
    )
2025-12-06 01:55:47.362 [main] DEBUG [tfms-truck-fleet-management-system] [] org.hibernate.SQL - 
    create table parcels (
        active boolean not null,
        estimated_travel_time integer,
        volume float(53),
        weight float(53),
        created_at timestamp(6) with time zone,
        delivery_location_id bigint,
        id bigint generated by default as identity,
        planned_delivery_date timestamp(6) with time zone,
        stop_id bigint,
        updated_at timestamp(6) with time zone,
        warehouse_id bigint not null,
        delivery_instructions TEXT,
        name varchar(255) not null,
        recipient_name varchar(255),
        recipient_phone varchar(255) not null,
        status varchar(255) not null check (status in ('AVAILABLE','PENDING','SCHEDULED','DELIVERED','RETURNED','PLANNED','ASSIGNED','COMPLETED')),
        primary key (id)
    )
Hibernate: 
    create table parcels (
        active boolean not null,
        estimated_travel_time integer,
        volume float(53),
        weight float(53),
        created_at timestamp(6) with time zone,
        delivery_location_id bigint,
        id bigint generated by default as identity,
        planned_delivery_date timestamp(6) with time zone,
        stop_id bigint,
        updated_at timestamp(6) with time zone,
        warehouse_id bigint not null,
        delivery_instructions TEXT,
        name varchar(255) not null,
        recipient_name varchar(255),
        recipient_phone varchar(255) not null,
        status varchar(255) not null check (status in ('AVAILABLE','PENDING','SCHEDULED','DELIVERED','RETURNED','PLANNED','ASSIGNED','COMPLETED')),
        primary key (id)
    )
2025-12-06 01:55:47.367 [main] DEBUG [tfms-truck-fleet-management-system] [] org.hibernate.SQL - 
    create table route_computations (
        is_active boolean not null,
        success boolean not null,
        total_distance float(53) not null,
        total_duration float(53) not null,
        total_fuel_cost float(53) not null,
        total_stops integer not null,
        computation_end timestamp(6) with time zone,
        computation_start timestamp(6) with time zone,
        created_at timestamp(6) with time zone,
        id bigint generated by default as identity,
        route_id bigint,
        updated_at timestamp(6) with time zone,
        algorithm_parameters TEXT,
        algorithm_type varchar(255) not null check (algorithm_type in ('OR_TOOLS','CVRP','MANUAL','HYBRID')),
        failure_reason varchar(255),
        notes TEXT,
        optimized_route_order TEXT,
        route_geometry TEXT,
        primary key (id)
    )
Hibernate: 
    create table route_computations (
        is_active boolean not null,
        success boolean not null,
        total_distance float(53) not null,
        total_duration float(53) not null,
        total_fuel_cost float(53) not null,
        total_stops integer not null,
        computation_end timestamp(6) with time zone,
        computation_start timestamp(6) with time zone,
        created_at timestamp(6) with time zone,
        id bigint generated by default as identity,
        route_id bigint,
        updated_at timestamp(6) with time zone,
        algorithm_parameters TEXT,
        algorithm_type varchar(255) not null check (algorithm_type in ('OR_TOOLS','CVRP','MANUAL','HYBRID')),
        failure_reason varchar(255),
        notes TEXT,
        optimized_route_order TEXT,
        route_geometry TEXT,
        primary key (id)
    )
2025-12-06 01:55:47.371 [main] DEBUG [tfms-truck-fleet-management-system] [] org.hibernate.SQL - 
    create table route_stops (
        is_active boolean not null,
        priority integer not null,
        created_at timestamp(6) with time zone,
        id bigint generated by default as identity,
        location_id bigint,
        route_id bigint,
        updated_at timestamp(6) with time zone,
        description varchar(255) not null,
        duration varchar(255),
        stop_type varchar(255) not null check (stop_type in ('WAREHOUSE','CUSTOMER','DEPOT')),
        primary key (id)
    )
Hibernate: 
    create table route_stops (
        is_active boolean not null,
        priority integer not null,
        created_at timestamp(6) with time zone,
        id bigint generated by default as identity,
        location_id bigint,
        route_id bigint,
        updated_at timestamp(6) with time zone,
        description varchar(255) not null,
        duration varchar(255),
        stop_type varchar(255) not null check (stop_type in ('WAREHOUSE','CUSTOMER','DEPOT')),
        primary key (id)
    )
2025-12-06 01:55:47.375 [main] DEBUG [tfms-truck-fleet-management-system] [] org.hibernate.SQL - 
    create table routes (
        is_active boolean not null,
        created_at timestamp(6) with time zone,
        depot_id bigint,
        driver_id bigint,
        id bigint generated by default as identity,
        schedule_date timestamp(6) with time zone not null,
        start_time timestamp(6) with time zone not null,
        total_distance bigint not null,
        total_transport_time bigint not null,
        truck_id bigint,
        updated_at timestamp(6) with time zone,
        warehouse_id bigint,
        duration varchar(255) not null,
        note varchar(255) not null,
        status varchar(255) not null check (status in ('AVAILABLE','PENDING','SCHEDULED','DELIVERED','RETURNED','PLANNED','ASSIGNED','COMPLETED')),
        primary key (id)
    )
Hibernate: 
    create table routes (
        is_active boolean not null,
        created_at timestamp(6) with time zone,
        depot_id bigint,
        driver_id bigint,
        id bigint generated by default as identity,
        schedule_date timestamp(6) with time zone not null,
        start_time timestamp(6) with time zone not null,
        total_distance bigint not null,
        total_transport_time bigint not null,
        truck_id bigint,
        updated_at timestamp(6) with time zone,
        warehouse_id bigint,
        duration varchar(255) not null,
        note varchar(255) not null,
        status varchar(255) not null check (status in ('AVAILABLE','PENDING','SCHEDULED','DELIVERED','RETURNED','PLANNED','ASSIGNED','COMPLETED')),
        primary key (id)
    )
2025-12-06 01:55:47.379 [main] DEBUG [tfms-truck-fleet-management-system] [] org.hibernate.SQL - 
    create table trucks (
        is_active boolean not null,
        is_available boolean not null,
        last_service_date date,
        volume float(53),
        created_at timestamp(6) with time zone,
        id bigint generated by default as identity,
        updated_at timestamp(6) with time zone,
        last_serviced_by varchar(255),
        make varchar(255) not null,
        plate_number varchar(255) not null,
        truck_type varchar(255) not null check (truck_type in ('SMALL','MEDIUM','LARGE','ELECTRIC','REFRIGERATED')),
        primary key (id)
    )
Hibernate: 
    create table trucks (
        is_active boolean not null,
        is_available boolean not null,
        last_service_date date,
        volume float(53),
        created_at timestamp(6) with time zone,
        id bigint generated by default as identity,
        updated_at timestamp(6) with time zone,
        last_serviced_by varchar(255),
        make varchar(255) not null,
        plate_number varchar(255) not null,
        truck_type varchar(255) not null check (truck_type in ('SMALL','MEDIUM','LARGE','ELECTRIC','REFRIGERATED')),
        primary key (id)
    )
2025-12-06 01:55:47.384 [main] DEBUG [tfms-truck-fleet-management-system] [] org.hibernate.SQL - 
    create table users (
        active boolean not null,
        created_at timestamp(6) with time zone,
        id bigint generated by default as identity,
        updated_at timestamp(6) with time zone,
        api_key varchar(255) unique,
        email varchar(255) not null unique,
        password varchar(255) not null,
        user_type varchar(255) not null check (user_type in ('ADMIN','DRIVER','PLANNER','GLOBAL_API')),
        username varchar(255) not null unique,
        primary key (id)
    )
Hibernate: 
    create table users (
        active boolean not null,
        created_at timestamp(6) with time zone,
        id bigint generated by default as identity,
        updated_at timestamp(6) with time zone,
        api_key varchar(255) unique,
        email varchar(255) not null unique,
        password varchar(255) not null,
        user_type varchar(255) not null check (user_type in ('ADMIN','DRIVER','PLANNER','GLOBAL_API')),
        username varchar(255) not null unique,
        primary key (id)
    )
2025-12-06 01:55:47.390 [main] DEBUG [tfms-truck-fleet-management-system] [] org.hibernate.SQL - 
    create table warehouse (
        active boolean not null,
        created_at timestamp(6) with time zone,
        id bigint generated by default as identity,
        location_id bigint not null unique,
        updated_at timestamp(6) with time zone,
        name varchar(255),
        primary key (id)
    )
Hibernate: 
    create table warehouse (
        active boolean not null,
        created_at timestamp(6) with time zone,
        id bigint generated by default as identity,
        location_id bigint not null unique,
        updated_at timestamp(6) with time zone,
        name varchar(255),
        primary key (id)
    )
2025-12-06 01:55:47.393 [main] DEBUG [tfms-truck-fleet-management-system] [] org.hibernate.SQL - 
    alter table if exists depot 
       add constraint FKe301iowoaqjm6tyewp59qfwar 
       foreign key (location_id) 
       references locations
Hibernate: 
    alter table if exists depot 
       add constraint FKe301iowoaqjm6tyewp59qfwar 
       foreign key (location_id) 
       references locations
2025-12-06 01:55:47.399 [main] DEBUG [tfms-truck-fleet-management-system] [] org.hibernate.SQL - 
    alter table if exists driver_availability 
       add constraint FKpmbvukj9cxp3gh1k5qef2wlgc 
       foreign key (driver_id) 
       references drivers
Hibernate: 
    alter table if exists driver_availability 
       add constraint FKpmbvukj9cxp3gh1k5qef2wlgc 
       foreign key (driver_id) 
       references drivers
2025-12-06 01:55:47.401 [main] DEBUG [tfms-truck-fleet-management-system] [] org.hibernate.SQL - 
    alter table if exists driver_feedback 
       add constraint FK14bs22seumen5ujybvhbiqgid 
       foreign key (driver_id) 
       references drivers
Hibernate: 
    alter table if exists driver_feedback 
       add constraint FK14bs22seumen5ujybvhbiqgid 
       foreign key (driver_id) 
       references drivers
2025-12-06 01:55:47.403 [main] DEBUG [tfms-truck-fleet-management-system] [] org.hibernate.SQL - 
    alter table if exists driver_truck_assignment 
       add constraint FKcsuas72gnx4wiys76lfr3frx9 
       foreign key (driver_id) 
       references drivers
Hibernate: 
    alter table if exists driver_truck_assignment 
       add constraint FKcsuas72gnx4wiys76lfr3frx9 
       foreign key (driver_id) 
       references drivers
2025-12-06 01:55:47.404 [main] DEBUG [tfms-truck-fleet-management-system] [] org.hibernate.SQL - 
    alter table if exists driver_truck_assignment 
       add constraint FKojdwijoc98dbfltpsl4ptifvr 
       foreign key (truck_id) 
       references trucks
Hibernate: 
    alter table if exists driver_truck_assignment 
       add constraint FKojdwijoc98dbfltpsl4ptifvr 
       foreign key (truck_id) 
       references trucks
2025-12-06 01:55:47.407 [main] DEBUG [tfms-truck-fleet-management-system] [] org.hibernate.SQL - 
    alter table if exists drivers 
       add constraint FKpm96np638t9xhgj0cpbd80so2 
       foreign key (location_id) 
       references locations
Hibernate: 
    alter table if exists drivers 
       add constraint FKpm96np638t9xhgj0cpbd80so2 
       foreign key (location_id) 
       references locations
2025-12-06 01:55:47.408 [main] DEBUG [tfms-truck-fleet-management-system] [] org.hibernate.SQL - 
    alter table if exists drivers 
       add constraint FKfscpnjt46gco44xh86l99rxh7 
       foreign key (user_id) 
       references users
Hibernate: 
    alter table if exists drivers 
       add constraint FKfscpnjt46gco44xh86l99rxh7 
       foreign key (user_id) 
       references users
2025-12-06 01:55:47.410 [main] DEBUG [tfms-truck-fleet-management-system] [] org.hibernate.SQL - 
    alter table if exists maintenance_records 
       add constraint FKfxk5kmlv4sota7yuut3e445ey 
       foreign key (serviced_by_user_id) 
       references users
Hibernate: 
    alter table if exists maintenance_records 
       add constraint FKfxk5kmlv4sota7yuut3e445ey 
       foreign key (serviced_by_user_id) 
       references users
2025-12-06 01:55:47.411 [main] DEBUG [tfms-truck-fleet-management-system] [] org.hibernate.SQL - 
    alter table if exists maintenance_records 
       add constraint FK44jqd9qs4v5yaok9mnbw7odh6 
       foreign key (truck_id) 
       references trucks
Hibernate: 
    alter table if exists maintenance_records 
       add constraint FK44jqd9qs4v5yaok9mnbw7odh6 
       foreign key (truck_id) 
       references trucks
2025-12-06 01:55:47.413 [main] DEBUG [tfms-truck-fleet-management-system] [] org.hibernate.SQL - 
    alter table if exists maintenance_records 
       add constraint FK3nnro82drqwl32kixdi26b0eh 
       foreign key (user_id) 
       references users
Hibernate: 
    alter table if exists maintenance_records 
       add constraint FK3nnro82drqwl32kixdi26b0eh 
       foreign key (user_id) 
       references users
2025-12-06 01:55:47.414 [main] DEBUG [tfms-truck-fleet-management-system] [] org.hibernate.SQL - 
    alter table if exists parcel_stop 
       add constraint FKkvedi2peoy3kemqqstjb4xy4x 
       foreign key (parcel_id) 
       references parcels
Hibernate: 
    alter table if exists parcel_stop 
       add constraint FKkvedi2peoy3kemqqstjb4xy4x 
       foreign key (parcel_id) 
       references parcels
2025-12-06 01:55:47.416 [main] DEBUG [tfms-truck-fleet-management-system] [] org.hibernate.SQL - 
    alter table if exists parcel_stop 
       add constraint FKkj3ptd9rut8iej1miysqgvw99 
       foreign key (route_stop_id) 
       references route_stops
Hibernate: 
    alter table if exists parcel_stop 
       add constraint FKkj3ptd9rut8iej1miysqgvw99 
       foreign key (route_stop_id) 
       references route_stops
2025-12-06 01:55:47.417 [main] DEBUG [tfms-truck-fleet-management-system] [] org.hibernate.SQL - 
    alter table if exists parcels 
       add constraint FKnv2yi0jrhhk8ggr7xs3gvkwts 
       foreign key (delivery_location_id) 
       references locations
Hibernate: 
    alter table if exists parcels 
       add constraint FKnv2yi0jrhhk8ggr7xs3gvkwts 
       foreign key (delivery_location_id) 
       references locations
2025-12-06 01:55:47.418 [main] DEBUG [tfms-truck-fleet-management-system] [] org.hibernate.SQL - 
    alter table if exists parcels 
       add constraint FKgi5727h7aynukv9c4hqt89k58 
       foreign key (stop_id) 
       references route_stops
Hibernate: 
    alter table if exists parcels 
       add constraint FKgi5727h7aynukv9c4hqt89k58 
       foreign key (stop_id) 
       references route_stops
2025-12-06 01:55:47.420 [main] DEBUG [tfms-truck-fleet-management-system] [] org.hibernate.SQL - 
    alter table if exists parcels 
       add constraint FK1n63sg4bq9lpaxdsvx4w6cgp5 
       foreign key (warehouse_id) 
       references warehouse
Hibernate: 
    alter table if exists parcels 
       add constraint FK1n63sg4bq9lpaxdsvx4w6cgp5 
       foreign key (warehouse_id) 
       references warehouse
2025-12-06 01:55:47.421 [main] DEBUG [tfms-truck-fleet-management-system] [] org.hibernate.SQL - 
    alter table if exists route_computations 
       add constraint FK3c01sxk46leij2gki1cnnsi9o 
       foreign key (route_id) 
       references routes
Hibernate: 
    alter table if exists route_computations 
       add constraint FK3c01sxk46leij2gki1cnnsi9o 
       foreign key (route_id) 
       references routes
2025-12-06 01:55:47.422 [main] DEBUG [tfms-truck-fleet-management-system] [] org.hibernate.SQL - 
    alter table if exists route_stops 
       add constraint FKp1fka8xfu6pf91algbjueupey 
       foreign key (location_id) 
       references locations
Hibernate: 
    alter table if exists route_stops 
       add constraint FKp1fka8xfu6pf91algbjueupey 
       foreign key (location_id) 
       references locations
2025-12-06 01:55:47.424 [main] DEBUG [tfms-truck-fleet-management-system] [] org.hibernate.SQL - 
    alter table if exists route_stops 
       add constraint FK63y33daxb1qs5nbnkuicbpkej 
       foreign key (route_id) 
       references routes
Hibernate: 
    alter table if exists route_stops 
       add constraint FK63y33daxb1qs5nbnkuicbpkej 
       foreign key (route_id) 
       references routes
2025-12-06 01:55:47.426 [main] DEBUG [tfms-truck-fleet-management-system] [] org.hibernate.SQL - 
    alter table if exists routes 
       add constraint FK1et1n18fssg80csy4xlp5yeha 
       foreign key (depot_id) 
       references depot
Hibernate: 
    alter table if exists routes 
       add constraint FK1et1n18fssg80csy4xlp5yeha 
       foreign key (depot_id) 
       references depot
2025-12-06 01:55:47.428 [main] DEBUG [tfms-truck-fleet-management-system] [] org.hibernate.SQL - 
    alter table if exists routes 
       add constraint FKop0qr5t6dwfrb9sg8x25o5ivd 
       foreign key (driver_id) 
       references drivers
Hibernate: 
    alter table if exists routes 
       add constraint FKop0qr5t6dwfrb9sg8x25o5ivd 
       foreign key (driver_id) 
       references drivers
2025-12-06 01:55:47.429 [main] DEBUG [tfms-truck-fleet-management-system] [] org.hibernate.SQL - 
    alter table if exists routes 
       add constraint FKjasq7qb9iqn2ym54o4kfmafac 
       foreign key (truck_id) 
       references trucks
Hibernate: 
    alter table if exists routes 
       add constraint FKjasq7qb9iqn2ym54o4kfmafac 
       foreign key (truck_id) 
       references trucks
2025-12-06 01:55:47.431 [main] DEBUG [tfms-truck-fleet-management-system] [] org.hibernate.SQL - 
    alter table if exists routes 
       add constraint FK622q1farflqa2gr7c5oo767jw 
       foreign key (warehouse_id) 
       references warehouse
Hibernate: 
    alter table if exists routes 
       add constraint FK622q1farflqa2gr7c5oo767jw 
       foreign key (warehouse_id) 
       references warehouse
2025-12-06 01:55:47.432 [main] DEBUG [tfms-truck-fleet-management-system] [] org.hibernate.SQL - 
    alter table if exists warehouse 
       add constraint FKm7is2pg5vfxb3iqrhs1741fa 
       foreign key (location_id) 
       references locations
Hibernate: 
    alter table if exists warehouse 
       add constraint FKm7is2pg5vfxb3iqrhs1741fa 
       foreign key (location_id) 
       references locations
2025-12-06 01:55:47.436 [main] INFO  [tfms-truck-fleet-management-system] [] org.springframework.orm.jpa.LocalContainerEntityManagerFactoryBean - Initialized JPA EntityManagerFactory for persistence unit 'default'
2025-12-06 01:55:47.719 [main] INFO  [tfms-truck-fleet-management-system] [] org.springframework.data.jpa.repository.query.QueryEnhancerFactory - Hibernate is in classpath; If applicable, HQL parser will be used.
📝 Logging configured - Service: tfms-truck-fleet-management-system, Environment: dev
2025-12-06 01:55:49.757 [main] INFO  [tfms-truck-fleet-management-system] [] org.springframework.boot.actuate.endpoint.web.EndpointLinksResolver - Exposing 3 endpoints beneath base path '/actuator'
2025-12-06 01:55:49.815 [main] INFO  [tfms-truck-fleet-management-system] [] org.springframework.boot.autoconfigure.web.servlet.WelcomePageHandlerMapping - Adding welcome page: class path resource [static/index.html]
2025-12-06 01:55:50.011 [main] WARN  [tfms-truck-fleet-management-system] [] org.springframework.boot.autoconfigure.security.servlet.UserDetailsServiceAutoConfiguration - 

Using generated security password: e050bc10-22fe-41e1-89c4-a41f0997688d

This generated password is for development use only. Your security configuration must be updated before running your application in production.

2025-12-06 01:55:50.018 [main] INFO  [tfms-truck-fleet-management-system] [] org.springframework.security.config.annotation.authentication.configuration.InitializeUserDetailsBeanManagerConfigurer$InitializeUserDetailsManagerConfigurer - Global AuthenticationManager configured with UserDetailsService bean with name inMemoryUserDetailsManager
2025-12-06 01:55:50.508 [main] INFO  [tfms-truck-fleet-management-system] [] org.apache.coyote.http11.Http11NioProtocol - Starting ProtocolHandler ["https-jsse-nio-8443"]
2025-12-06 01:55:50.831 [main] INFO  [tfms-truck-fleet-management-system] [] org.apache.tomcat.util.net.NioEndpoint.certificate - Connector [https-jsse-nio-8443], TLS virtual host [_default_], certificate type [UNDEFINED] configured from keystore [/Users/abuchi/.keystore] using alias [tfms-dev] with trust store [null]
2025-12-06 01:55:50.850 [main] INFO  [tfms-truck-fleet-management-system] [] org.springframework.boot.web.embedded.tomcat.TomcatWebServer - Tomcat started on port 8443 (https) with context path '/'
2025-12-06 01:55:50.874 [main] INFO  [tfms-truck-fleet-management-system] [] com.saxion.proj.tfms.TfmsApplication - Started TfmsApplication in 9.29 seconds (process running for 10.049)
2025-12-06 01:55:51.018 [main] DEBUG [tfms-truck-fleet-management-system] [] org.hibernate.SQL - 
    select
        ud1_0.id 
    from
        users ud1_0 
    where
        ud1_0.email=? 
    fetch
        first ? rows only
Hibernate: 
    select
        ud1_0.id 
    from
        users ud1_0 
    where
        ud1_0.email=? 
    fetch
        first ? rows only
2025-12-06 01:55:51.113 [https-jsse-nio-8443-exec-4] INFO  [] [] org.apache.catalina.core.ContainerBase.[Tomcat].[localhost].[/] - Initializing Spring DispatcherServlet 'dispatcherServlet'
2025-12-06 01:55:51.114 [https-jsse-nio-8443-exec-4] INFO  [] [] org.springframework.web.servlet.DispatcherServlet - Initializing Servlet 'dispatcherServlet'
2025-12-06 01:55:51.115 [https-jsse-nio-8443-exec-4] INFO  [] [] org.springframework.web.servlet.DispatcherServlet - Completed initialization in 1 ms
2025-12-06 01:55:51.159 [https-jsse-nio-8443-exec-4] DEBUG [] [] com.saxion.proj.tfms.config.security.RateLimitingFilter - Rate limit check: IP=127.0.0.1, Count=1, Limit=60
2025-12-06 01:55:51.206 [main] DEBUG [tfms-truck-fleet-management-system] [] org.hibernate.SQL - 
    insert 
    into
        users
        (active, api_key, created_at, email, password, updated_at, user_type, username) 
    values
        (?, ?, ?, ?, ?, ?, ?, ?)
Hibernate: 
    insert 
    into
        users
        (active, api_key, created_at, email, password, updated_at, user_type, username) 
    values
        (?, ?, ?, ?, ?, ?, ?, ?)
Default user created: admin@tfms.com (ADMIN)
2025-12-06 01:55:51.277 [main] DEBUG [tfms-truck-fleet-management-system] [] org.hibernate.SQL - 
    select
        ud1_0.id 
    from
        users ud1_0 
    where
        ud1_0.email=? 
    fetch
        first ? rows only
Hibernate: 
    select
        ud1_0.id 
    from
        users ud1_0 
    where
        ud1_0.email=? 
    fetch
        first ? rows only
2025-12-06 01:55:51.392 [main] DEBUG [tfms-truck-fleet-management-system] [] org.hibernate.SQL - 
    insert 
    into
        users
        (active, api_key, created_at, email, password, updated_at, user_type, username) 
    values
        (?, ?, ?, ?, ?, ?, ?, ?)
Hibernate: 
    insert 
    into
        users
        (active, api_key, created_at, email, password, updated_at, user_type, username) 
    values
        (?, ?, ?, ?, ?, ?, ?, ?)
Default user created: driver@tfms.com (DRIVER)
2025-12-06 01:55:51.397 [main] DEBUG [tfms-truck-fleet-management-system] [] org.hibernate.SQL - 
    select
        ud1_0.id 
    from
        users ud1_0 
    where
        ud1_0.email=? 
    fetch
        first ? rows only
Hibernate: 
    select
        ud1_0.id 
    from
        users ud1_0 
    where
        ud1_0.email=? 
    fetch
        first ? rows only
2025-12-06 01:55:51.547 [main] DEBUG [tfms-truck-fleet-management-system] [] org.hibernate.SQL - 
    insert 
    into
        users
        (active, api_key, created_at, email, password, updated_at, user_type, username) 
    values
        (?, ?, ?, ?, ?, ?, ?, ?)
Hibernate: 
    insert 
    into
        users
        (active, api_key, created_at, email, password, updated_at, user_type, username) 
    values
        (?, ?, ?, ?, ?, ?, ?, ?)
Default user created: driver2@tfms.com (DRIVER)
2025-12-06 01:55:51.549 [main] DEBUG [tfms-truck-fleet-management-system] [] org.hibernate.SQL - 
    select
        ud1_0.id 
    from
        users ud1_0 
    where
        ud1_0.email=? 
    fetch
        first ? rows only
Hibernate: 
    select
        ud1_0.id 
    from
        users ud1_0 
    where
        ud1_0.email=? 
    fetch
        first ? rows only
2025-12-06 01:55:51.663 [main] DEBUG [tfms-truck-fleet-management-system] [] org.hibernate.SQL - 
    insert 
    into
        users
        (active, api_key, created_at, email, password, updated_at, user_type, username) 
    values
        (?, ?, ?, ?, ?, ?, ?, ?)
Hibernate: 
    insert 
    into
        users
        (active, api_key, created_at, email, password, updated_at, user_type, username) 
    values
        (?, ?, ?, ?, ?, ?, ?, ?)
Default user created: driver3@tfms.com (DRIVER)
2025-12-06 01:55:51.666 [main] DEBUG [tfms-truck-fleet-management-system] [] org.hibernate.SQL - 
    select
        ud1_0.id 
    from
        users ud1_0 
    where
        ud1_0.email=? 
    fetch
        first ? rows only
Hibernate: 
    select
        ud1_0.id 
    from
        users ud1_0 
    where
        ud1_0.email=? 
    fetch
        first ? rows only
2025-12-06 01:55:51.825 [main] DEBUG [tfms-truck-fleet-management-system] [] org.hibernate.SQL - 
    insert 
    into
        users
        (active, api_key, created_at, email, password, updated_at, user_type, username) 
    values
        (?, ?, ?, ?, ?, ?, ?, ?)
Hibernate: 
    insert 
    into
        users
        (active, api_key, created_at, email, password, updated_at, user_type, username) 
    values
        (?, ?, ?, ?, ?, ?, ?, ?)
Default user created: planner@tfms.com (PLANNER)
2025-12-06 01:55:51.829 [main] DEBUG [tfms-truck-fleet-management-system] [] org.hibernate.SQL - 
    select
        ud1_0.id 
    from
        users ud1_0 
    where
        ud1_0.email=? 
    fetch
        first ? rows only
Hibernate: 
    select
        ud1_0.id 
    from
        users ud1_0 
    where
        ud1_0.email=? 
    fetch
        first ? rows only
2025-12-06 01:55:51.940 [main] DEBUG [tfms-truck-fleet-management-system] [] org.hibernate.SQL - 
    insert 
    into
        users
        (active, api_key, created_at, email, password, updated_at, user_type, username) 
    values
        (?, ?, ?, ?, ?, ?, ?, ?)
Hibernate: 
    insert 
    into
        users
        (active, api_key, created_at, email, password, updated_at, user_type, username) 
    values
        (?, ?, ?, ?, ?, ?, ?, ?)
Default user created: planner2@tfms.com (PLANNER)
2025-12-06 01:55:51.945 [main] DEBUG [tfms-truck-fleet-management-system] [] org.hibernate.SQL - 
    select
        ud1_0.id 
    from
        users ud1_0 
    where
        ud1_0.email=? 
    fetch
        first ? rows only
Hibernate: 
    select
        ud1_0.id 
    from
        users ud1_0 
    where
        ud1_0.email=? 
    fetch
        first ? rows only
2025-12-06 01:55:52.058 [main] DEBUG [tfms-truck-fleet-management-system] [] org.hibernate.SQL - 
    insert 
    into
        users
        (active, api_key, created_at, email, password, updated_at, user_type, username) 
    values
        (?, ?, ?, ?, ?, ?, ?, ?)
Hibernate: 
    insert 
    into
        users
        (active, api_key, created_at, email, password, updated_at, user_type, username) 
    values
        (?, ?, ?, ?, ?, ?, ?, ?)
Default user created: planner3@tfms.com (PLANNER)
2025-12-06 01:55:52.061 [main] DEBUG [tfms-truck-fleet-management-system] [] org.hibernate.SQL - 
    select
        ud1_0.id 
    from
        users ud1_0 
    where
        ud1_0.email=? 
    fetch
        first ? rows only
Hibernate: 
    select
        ud1_0.id 
    from
        users ud1_0 
    where
        ud1_0.email=? 
    fetch
        first ? rows only
2025-12-06 01:55:52.170 [main] DEBUG [tfms-truck-fleet-management-system] [] org.hibernate.SQL - 
    insert 
    into
        users
        (active, api_key, created_at, email, password, updated_at, user_type, username) 
    values
        (?, ?, ?, ?, ?, ?, ?, ?)
Hibernate: 
    insert 
    into
        users
        (active, api_key, created_at, email, password, updated_at, user_type, username) 
    values
        (?, ?, ?, ?, ?, ?, ?, ?)
Default user created: test@example.com (DRIVER)
2025-12-06 01:55:52.174 [main] DEBUG [tfms-truck-fleet-management-system] [] org.hibernate.SQL - 
    select
        ld1_0.id 
    from
        locations ld1_0 
    where
        ld1_0.postal_code=? 
    fetch
        first ? rows only
Hibernate: 
    select
        ld1_0.id 
    from
        locations ld1_0 
    where
        ld1_0.postal_code=? 
    fetch
        first ? rows only
2025-12-06 01:55:52.183 [main] DEBUG [tfms-truck-fleet-management-system] [] org.hibernate.SQL - 
    insert 
    into
        locations
        (address, city, created_at, is_active, latitude, longitude, postal_code, updated_at) 
    values
        (?, ?, ?, ?, ?, ?, ?, ?)
Hibernate: 
    insert 
    into
        locations
        (address, city, created_at, is_active, latitude, longitude, postal_code, updated_at) 
    values
        (?, ?, ?, ?, ?, ?, ?, ?)
Default depot created: Main Depot (LocationDao(id=1, latitude=10.0, longitude=20.0, address=Netherlands, city=Deventer, postalCode=11111, drivers=[], deliveryParcels=[], routeStops=[]))
2025-12-06 01:55:52.280 [main] DEBUG [tfms-truck-fleet-management-system] [] org.hibernate.SQL - 
    select
        dd1_0.id 
    from
        depot dd1_0 
    where
        dd1_0.name=? 
    fetch
        first ? rows only
Hibernate: 
    select
        dd1_0.id 
    from
        depot dd1_0 
    where
        dd1_0.name=? 
    fetch
        first ? rows only
2025-12-06 01:55:52.324 [main] DEBUG [tfms-truck-fleet-management-system] [] org.hibernate.SQL - 
    insert 
    into
        depot
        (capacity, created_at, is_active, location_id, name, updated_at) 
    values
        (?, ?, ?, ?, ?, ?)
Hibernate: 
    insert 
    into
        depot
        (capacity, created_at, is_active, location_id, name, updated_at) 
    values
        (?, ?, ?, ?, ?, ?)
Default depot created: Main Depot (LocationDao(id=1, latitude=10.0, longitude=20.0, address=Netherlands, city=Deventer, postalCode=11111, drivers=[], deliveryParcels=[], routeStops=[]))
Creating 200 parcels from 10 warehouses...
2025-12-06 01:55:52.415 [main] DEBUG [tfms-truck-fleet-management-system] [] org.hibernate.SQL - 
    select
        ld1_0.id,
        ld1_0.address,
        ld1_0.city,
        ld1_0.created_at,
        ld1_0.is_active,
        ld1_0.latitude,
        ld1_0.longitude,
        ld1_0.postal_code,
        ld1_0.updated_at 
    from
        locations ld1_0 
    where
        ld1_0.postal_code=?
Hibernate: 
    select
        ld1_0.id,
        ld1_0.address,
        ld1_0.city,
        ld1_0.created_at,
        ld1_0.is_active,
        ld1_0.latitude,
        ld1_0.longitude,
        ld1_0.postal_code,
        ld1_0.updated_at 
    from
        locations ld1_0 
    where
        ld1_0.postal_code=?
2025-12-06 01:55:52.429 [main] DEBUG [tfms-truck-fleet-management-system] [] org.hibernate.SQL - 
    insert 
    into
        locations
        (address, city, created_at, is_active, latitude, longitude, postal_code, updated_at) 
    values
        (?, ?, ?, ?, ?, ?, ?, ?)
Hibernate: 
    insert 
    into
        locations
        (address, city, created_at, is_active, latitude, longitude, postal_code, updated_at) 
    values
        (?, ?, ?, ?, ?, ?, ?, ?)
2025-12-06 01:55:52.433 [main] DEBUG [tfms-truck-fleet-management-system] [] org.hibernate.SQL - 
    select
        whd1_0.id,
        whd1_0.active,
        whd1_0.created_at,
        whd1_0.location_id,
        whd1_0.name,
        whd1_0.updated_at 
    from
        warehouse whd1_0 
    where
        whd1_0.name=?
Hibernate: 
    select
        whd1_0.id,
        whd1_0.active,
        whd1_0.created_at,
        whd1_0.location_id,
        whd1_0.name,
        whd1_0.updated_at 
    from
        warehouse whd1_0 
    where
        whd1_0.name=?
2025-12-06 01:55:52.438 [main] DEBUG [tfms-truck-fleet-management-system] [] org.hibernate.SQL - 
    insert 
    into
        warehouse
        (active, created_at, location_id, name, updated_at) 
    values
        (?, ?, ?, ?, ?)
Hibernate: 
    insert 
    into
        warehouse
        (active, created_at, location_id, name, updated_at) 
    values
        (?, ?, ?, ?, ?)
2025-12-06 01:55:52.449 [main] DEBUG [tfms-truck-fleet-management-system] [] org.hibernate.SQL - 
    select
        ld1_0.id,
        ld1_0.address,
        ld1_0.city,
        ld1_0.created_at,
        ld1_0.is_active,
        ld1_0.latitude,
        ld1_0.longitude,
        ld1_0.postal_code,
        ld1_0.updated_at 
    from
        locations ld1_0 
    where
        ld1_0.postal_code=?
Hibernate: 
    select
        ld1_0.id,
        ld1_0.address,
        ld1_0.city,
        ld1_0.created_at,
        ld1_0.is_active,
        ld1_0.latitude,
        ld1_0.longitude,
        ld1_0.postal_code,
        ld1_0.updated_at 
    from
        locations ld1_0 
    where
        ld1_0.postal_code=?
2025-12-06 01:55:52.453 [main] DEBUG [tfms-truck-fleet-management-system] [] org.hibernate.SQL - 
    insert 
    into
        locations
        (address, city, created_at, is_active, latitude, longitude, postal_code, updated_at) 
    values
        (?, ?, ?, ?, ?, ?, ?, ?)
Hibernate: 
    insert 
    into
        locations
        (address, city, created_at, is_active, latitude, longitude, postal_code, updated_at) 
    values
        (?, ?, ?, ?, ?, ?, ?, ?)
2025-12-06 01:55:52.461 [main] DEBUG [tfms-truck-fleet-management-system] [] org.hibernate.SQL - 
    select
        pd1_0.id 
    from
        parcels pd1_0 
    where
        pd1_0.name=? 
    fetch
        first ? rows only
Hibernate: 
    select
        pd1_0.id 
    from
        parcels pd1_0 
    where
        pd1_0.name=? 
    fetch
        first ? rows only
2025-12-06 01:55:52.463 [main] DEBUG [tfms-truck-fleet-management-system] [] org.hibernate.SQL - 
    insert 
    into
        parcels
        (active, created_at, delivery_instructions, delivery_location_id, estimated_travel_time, name, planned_delivery_date, recipient_name, recipient_phone, status, stop_id, updated_at, volume, warehouse_id, weight) 
    values
        (?, ?, ?, ?, ?, ?, ?, ?, ?, ?, ?, ?, ?, ?, ?)
Hibernate: 
    insert 
    into
        parcels
        (active, created_at, delivery_instructions, delivery_location_id, estimated_travel_time, name, planned_delivery_date, recipient_name, recipient_phone, status, stop_id, updated_at, volume, warehouse_id, weight) 
    values
        (?, ?, ?, ?, ?, ?, ?, ?, ?, ?, ?, ?, ?, ?, ?)
2025-12-06 01:55:52.468 [main] DEBUG [tfms-truck-fleet-management-system] [] org.hibernate.SQL - 
    select
        ld1_0.id,
        ld1_0.address,
        ld1_0.city,
        ld1_0.created_at,
        ld1_0.is_active,
        ld1_0.latitude,
        ld1_0.longitude,
        ld1_0.postal_code,
        ld1_0.updated_at 
    from
        locations ld1_0 
    where
        ld1_0.postal_code=?
Hibernate: 
    select
        ld1_0.id,
        ld1_0.address,
        ld1_0.city,
        ld1_0.created_at,
        ld1_0.is_active,
        ld1_0.latitude,
        ld1_0.longitude,
        ld1_0.postal_code,
        ld1_0.updated_at 
    from
        locations ld1_0 
    where
        ld1_0.postal_code=?
2025-12-06 01:55:52.469 [main] DEBUG [tfms-truck-fleet-management-system] [] org.hibernate.SQL - 
    insert 
    into
        locations
        (address, city, created_at, is_active, latitude, longitude, postal_code, updated_at) 
    values
        (?, ?, ?, ?, ?, ?, ?, ?)
Hibernate: 
    insert 
    into
        locations
        (address, city, created_at, is_active, latitude, longitude, postal_code, updated_at) 
    values
        (?, ?, ?, ?, ?, ?, ?, ?)
2025-12-06 01:55:52.473 [main] DEBUG [tfms-truck-fleet-management-system] [] org.hibernate.SQL - 
    select
        pd1_0.id 
    from
        parcels pd1_0 
    where
        pd1_0.name=? 
    fetch
        first ? rows only
Hibernate: 
    select
        pd1_0.id 
    from
        parcels pd1_0 
    where
        pd1_0.name=? 
    fetch
        first ? rows only
2025-12-06 01:55:52.474 [main] DEBUG [tfms-truck-fleet-management-system] [] org.hibernate.SQL - 
    insert 
    into
        parcels
        (active, created_at, delivery_instructions, delivery_location_id, estimated_travel_time, name, planned_delivery_date, recipient_name, recipient_phone, status, stop_id, updated_at, volume, warehouse_id, weight) 
    values
        (?, ?, ?, ?, ?, ?, ?, ?, ?, ?, ?, ?, ?, ?, ?)
Hibernate: 
    insert 
    into
        parcels
        (active, created_at, delivery_instructions, delivery_location_id, estimated_travel_time, name, planned_delivery_date, recipient_name, recipient_phone, status, stop_id, updated_at, volume, warehouse_id, weight) 
    values
        (?, ?, ?, ?, ?, ?, ?, ?, ?, ?, ?, ?, ?, ?, ?)
2025-12-06 01:55:52.478 [main] DEBUG [tfms-truck-fleet-management-system] [] org.hibernate.SQL - 
    select
        ld1_0.id,
        ld1_0.address,
        ld1_0.city,
        ld1_0.created_at,
        ld1_0.is_active,
        ld1_0.latitude,
        ld1_0.longitude,
        ld1_0.postal_code,
        ld1_0.updated_at 
    from
        locations ld1_0 
    where
        ld1_0.postal_code=?
Hibernate: 
    select
        ld1_0.id,
        ld1_0.address,
        ld1_0.city,
        ld1_0.created_at,
        ld1_0.is_active,
        ld1_0.latitude,
        ld1_0.longitude,
        ld1_0.postal_code,
        ld1_0.updated_at 
    from
        locations ld1_0 
    where
        ld1_0.postal_code=?
2025-12-06 01:55:52.480 [main] DEBUG [tfms-truck-fleet-management-system] [] org.hibernate.SQL - 
    insert 
    into
        locations
        (address, city, created_at, is_active, latitude, longitude, postal_code, updated_at) 
    values
        (?, ?, ?, ?, ?, ?, ?, ?)
Hibernate: 
    insert 
    into
        locations
        (address, city, created_at, is_active, latitude, longitude, postal_code, updated_at) 
    values
        (?, ?, ?, ?, ?, ?, ?, ?)
2025-12-06 01:55:52.482 [main] DEBUG [tfms-truck-fleet-management-system] [] org.hibernate.SQL - 
    select
        pd1_0.id 
    from
        parcels pd1_0 
    where
        pd1_0.name=? 
    fetch
        first ? rows only
Hibernate: 
    select
        pd1_0.id 
    from
        parcels pd1_0 
    where
        pd1_0.name=? 
    fetch
        first ? rows only
2025-12-06 01:55:52.484 [main] DEBUG [tfms-truck-fleet-management-system] [] org.hibernate.SQL - 
    insert 
    into
        parcels
        (active, created_at, delivery_instructions, delivery_location_id, estimated_travel_time, name, planned_delivery_date, recipient_name, recipient_phone, status, stop_id, updated_at, volume, warehouse_id, weight) 
    values
        (?, ?, ?, ?, ?, ?, ?, ?, ?, ?, ?, ?, ?, ?, ?)
Hibernate: 
    insert 
    into
        parcels
        (active, created_at, delivery_instructions, delivery_location_id, estimated_travel_time, name, planned_delivery_date, recipient_name, recipient_phone, status, stop_id, updated_at, volume, warehouse_id, weight) 
    values
        (?, ?, ?, ?, ?, ?, ?, ?, ?, ?, ?, ?, ?, ?, ?)
2025-12-06 01:55:52.487 [main] DEBUG [tfms-truck-fleet-management-system] [] org.hibernate.SQL - 
    select
        ld1_0.id,
        ld1_0.address,
        ld1_0.city,
        ld1_0.created_at,
        ld1_0.is_active,
        ld1_0.latitude,
        ld1_0.longitude,
        ld1_0.postal_code,
        ld1_0.updated_at 
    from
        locations ld1_0 
    where
        ld1_0.postal_code=?
Hibernate: 
    select
        ld1_0.id,
        ld1_0.address,
        ld1_0.city,
        ld1_0.created_at,
        ld1_0.is_active,
        ld1_0.latitude,
        ld1_0.longitude,
        ld1_0.postal_code,
        ld1_0.updated_at 
    from
        locations ld1_0 
    where
        ld1_0.postal_code=?
2025-12-06 01:55:52.488 [main] DEBUG [tfms-truck-fleet-management-system] [] org.hibernate.SQL - 
    insert 
    into
        locations
        (address, city, created_at, is_active, latitude, longitude, postal_code, updated_at) 
    values
        (?, ?, ?, ?, ?, ?, ?, ?)
Hibernate: 
    insert 
    into
        locations
        (address, city, created_at, is_active, latitude, longitude, postal_code, updated_at) 
    values
        (?, ?, ?, ?, ?, ?, ?, ?)
2025-12-06 01:55:52.491 [main] DEBUG [tfms-truck-fleet-management-system] [] org.hibernate.SQL - 
    select
        pd1_0.id 
    from
        parcels pd1_0 
    where
        pd1_0.name=? 
    fetch
        first ? rows only
Hibernate: 
    select
        pd1_0.id 
    from
        parcels pd1_0 
    where
        pd1_0.name=? 
    fetch
        first ? rows only
2025-12-06 01:55:52.492 [main] DEBUG [tfms-truck-fleet-management-system] [] org.hibernate.SQL - 
    insert 
    into
        parcels
        (active, created_at, delivery_instructions, delivery_location_id, estimated_travel_time, name, planned_delivery_date, recipient_name, recipient_phone, status, stop_id, updated_at, volume, warehouse_id, weight) 
    values
        (?, ?, ?, ?, ?, ?, ?, ?, ?, ?, ?, ?, ?, ?, ?)
Hibernate: 
    insert 
    into
        parcels
        (active, created_at, delivery_instructions, delivery_location_id, estimated_travel_time, name, planned_delivery_date, recipient_name, recipient_phone, status, stop_id, updated_at, volume, warehouse_id, weight) 
    values
        (?, ?, ?, ?, ?, ?, ?, ?, ?, ?, ?, ?, ?, ?, ?)
2025-12-06 01:55:52.496 [main] DEBUG [tfms-truck-fleet-management-system] [] org.hibernate.SQL - 
    select
        ld1_0.id,
        ld1_0.address,
        ld1_0.city,
        ld1_0.created_at,
        ld1_0.is_active,
        ld1_0.latitude,
        ld1_0.longitude,
        ld1_0.postal_code,
        ld1_0.updated_at 
    from
        locations ld1_0 
    where
        ld1_0.postal_code=?
Hibernate: 
    select
        ld1_0.id,
        ld1_0.address,
        ld1_0.city,
        ld1_0.created_at,
        ld1_0.is_active,
        ld1_0.latitude,
        ld1_0.longitude,
        ld1_0.postal_code,
        ld1_0.updated_at 
    from
        locations ld1_0 
    where
        ld1_0.postal_code=?
2025-12-06 01:55:52.497 [main] DEBUG [tfms-truck-fleet-management-system] [] org.hibernate.SQL - 
    insert 
    into
        locations
        (address, city, created_at, is_active, latitude, longitude, postal_code, updated_at) 
    values
        (?, ?, ?, ?, ?, ?, ?, ?)
Hibernate: 
    insert 
    into
        locations
        (address, city, created_at, is_active, latitude, longitude, postal_code, updated_at) 
    values
        (?, ?, ?, ?, ?, ?, ?, ?)
2025-12-06 01:55:52.500 [main] DEBUG [tfms-truck-fleet-management-system] [] org.hibernate.SQL - 
    select
        pd1_0.id 
    from
        parcels pd1_0 
    where
        pd1_0.name=? 
    fetch
        first ? rows only
Hibernate: 
    select
        pd1_0.id 
    from
        parcels pd1_0 
    where
        pd1_0.name=? 
    fetch
        first ? rows only
2025-12-06 01:55:52.502 [main] DEBUG [tfms-truck-fleet-management-system] [] org.hibernate.SQL - 
    insert 
    into
        parcels
        (active, created_at, delivery_instructions, delivery_location_id, estimated_travel_time, name, planned_delivery_date, recipient_name, recipient_phone, status, stop_id, updated_at, volume, warehouse_id, weight) 
    values
        (?, ?, ?, ?, ?, ?, ?, ?, ?, ?, ?, ?, ?, ?, ?)
Hibernate: 
    insert 
    into
        parcels
        (active, created_at, delivery_instructions, delivery_location_id, estimated_travel_time, name, planned_delivery_date, recipient_name, recipient_phone, status, stop_id, updated_at, volume, warehouse_id, weight) 
    values
        (?, ?, ?, ?, ?, ?, ?, ?, ?, ?, ?, ?, ?, ?, ?)
2025-12-06 01:55:52.506 [main] DEBUG [tfms-truck-fleet-management-system] [] org.hibernate.SQL - 
    select
        ld1_0.id,
        ld1_0.address,
        ld1_0.city,
        ld1_0.created_at,
        ld1_0.is_active,
        ld1_0.latitude,
        ld1_0.longitude,
        ld1_0.postal_code,
        ld1_0.updated_at 
    from
        locations ld1_0 
    where
        ld1_0.postal_code=?
Hibernate: 
    select
        ld1_0.id,
        ld1_0.address,
        ld1_0.city,
        ld1_0.created_at,
        ld1_0.is_active,
        ld1_0.latitude,
        ld1_0.longitude,
        ld1_0.postal_code,
        ld1_0.updated_at 
    from
        locations ld1_0 
    where
        ld1_0.postal_code=?
2025-12-06 01:55:52.508 [main] DEBUG [tfms-truck-fleet-management-system] [] org.hibernate.SQL - 
    insert 
    into
        locations
        (address, city, created_at, is_active, latitude, longitude, postal_code, updated_at) 
    values
        (?, ?, ?, ?, ?, ?, ?, ?)
Hibernate: 
    insert 
    into
        locations
        (address, city, created_at, is_active, latitude, longitude, postal_code, updated_at) 
    values
        (?, ?, ?, ?, ?, ?, ?, ?)
2025-12-06 01:55:52.511 [main] DEBUG [tfms-truck-fleet-management-system] [] org.hibernate.SQL - 
    select
        pd1_0.id 
    from
        parcels pd1_0 
    where
        pd1_0.name=? 
    fetch
        first ? rows only
Hibernate: 
    select
        pd1_0.id 
    from
        parcels pd1_0 
    where
        pd1_0.name=? 
    fetch
        first ? rows only
2025-12-06 01:55:52.513 [main] DEBUG [tfms-truck-fleet-management-system] [] org.hibernate.SQL - 
    insert 
    into
        parcels
        (active, created_at, delivery_instructions, delivery_location_id, estimated_travel_time, name, planned_delivery_date, recipient_name, recipient_phone, status, stop_id, updated_at, volume, warehouse_id, weight) 
    values
        (?, ?, ?, ?, ?, ?, ?, ?, ?, ?, ?, ?, ?, ?, ?)
Hibernate: 
    insert 
    into
        parcels
        (active, created_at, delivery_instructions, delivery_location_id, estimated_travel_time, name, planned_delivery_date, recipient_name, recipient_phone, status, stop_id, updated_at, volume, warehouse_id, weight) 
    values
        (?, ?, ?, ?, ?, ?, ?, ?, ?, ?, ?, ?, ?, ?, ?)
2025-12-06 01:55:52.517 [main] DEBUG [tfms-truck-fleet-management-system] [] org.hibernate.SQL - 
    select
        ld1_0.id,
        ld1_0.address,
        ld1_0.city,
        ld1_0.created_at,
        ld1_0.is_active,
        ld1_0.latitude,
        ld1_0.longitude,
        ld1_0.postal_code,
        ld1_0.updated_at 
    from
        locations ld1_0 
    where
        ld1_0.postal_code=?
Hibernate: 
    select
        ld1_0.id,
        ld1_0.address,
        ld1_0.city,
        ld1_0.created_at,
        ld1_0.is_active,
        ld1_0.latitude,
        ld1_0.longitude,
        ld1_0.postal_code,
        ld1_0.updated_at 
    from
        locations ld1_0 
    where
        ld1_0.postal_code=?
2025-12-06 01:55:52.518 [main] DEBUG [tfms-truck-fleet-management-system] [] org.hibernate.SQL - 
    insert 
    into
        locations
        (address, city, created_at, is_active, latitude, longitude, postal_code, updated_at) 
    values
        (?, ?, ?, ?, ?, ?, ?, ?)
Hibernate: 
    insert 
    into
        locations
        (address, city, created_at, is_active, latitude, longitude, postal_code, updated_at) 
    values
        (?, ?, ?, ?, ?, ?, ?, ?)
2025-12-06 01:55:52.521 [main] DEBUG [tfms-truck-fleet-management-system] [] org.hibernate.SQL - 
    select
        pd1_0.id 
    from
        parcels pd1_0 
    where
        pd1_0.name=? 
    fetch
        first ? rows only
Hibernate: 
    select
        pd1_0.id 
    from
        parcels pd1_0 
    where
        pd1_0.name=? 
    fetch
        first ? rows only
2025-12-06 01:55:52.523 [main] DEBUG [tfms-truck-fleet-management-system] [] org.hibernate.SQL - 
    insert 
    into
        parcels
        (active, created_at, delivery_instructions, delivery_location_id, estimated_travel_time, name, planned_delivery_date, recipient_name, recipient_phone, status, stop_id, updated_at, volume, warehouse_id, weight) 
    values
        (?, ?, ?, ?, ?, ?, ?, ?, ?, ?, ?, ?, ?, ?, ?)
Hibernate: 
    insert 
    into
        parcels
        (active, created_at, delivery_instructions, delivery_location_id, estimated_travel_time, name, planned_delivery_date, recipient_name, recipient_phone, status, stop_id, updated_at, volume, warehouse_id, weight) 
    values
        (?, ?, ?, ?, ?, ?, ?, ?, ?, ?, ?, ?, ?, ?, ?)
2025-12-06 01:55:52.525 [main] DEBUG [tfms-truck-fleet-management-system] [] org.hibernate.SQL - 
    select
        ld1_0.id,
        ld1_0.address,
        ld1_0.city,
        ld1_0.created_at,
        ld1_0.is_active,
        ld1_0.latitude,
        ld1_0.longitude,
        ld1_0.postal_code,
        ld1_0.updated_at 
    from
        locations ld1_0 
    where
        ld1_0.postal_code=?
Hibernate: 
    select
        ld1_0.id,
        ld1_0.address,
        ld1_0.city,
        ld1_0.created_at,
        ld1_0.is_active,
        ld1_0.latitude,
        ld1_0.longitude,
        ld1_0.postal_code,
        ld1_0.updated_at 
    from
        locations ld1_0 
    where
        ld1_0.postal_code=?
2025-12-06 01:55:52.527 [main] DEBUG [tfms-truck-fleet-management-system] [] org.hibernate.SQL - 
    insert 
    into
        locations
        (address, city, created_at, is_active, latitude, longitude, postal_code, updated_at) 
    values
        (?, ?, ?, ?, ?, ?, ?, ?)
Hibernate: 
    insert 
    into
        locations
        (address, city, created_at, is_active, latitude, longitude, postal_code, updated_at) 
    values
        (?, ?, ?, ?, ?, ?, ?, ?)
2025-12-06 01:55:52.529 [main] DEBUG [tfms-truck-fleet-management-system] [] org.hibernate.SQL - 
    select
        pd1_0.id 
    from
        parcels pd1_0 
    where
        pd1_0.name=? 
    fetch
        first ? rows only
Hibernate: 
    select
        pd1_0.id 
    from
        parcels pd1_0 
    where
        pd1_0.name=? 
    fetch
        first ? rows only
2025-12-06 01:55:52.530 [main] DEBUG [tfms-truck-fleet-management-system] [] org.hibernate.SQL - 
    insert 
    into
        parcels
        (active, created_at, delivery_instructions, delivery_location_id, estimated_travel_time, name, planned_delivery_date, recipient_name, recipient_phone, status, stop_id, updated_at, volume, warehouse_id, weight) 
    values
        (?, ?, ?, ?, ?, ?, ?, ?, ?, ?, ?, ?, ?, ?, ?)
Hibernate: 
    insert 
    into
        parcels
        (active, created_at, delivery_instructions, delivery_location_id, estimated_travel_time, name, planned_delivery_date, recipient_name, recipient_phone, status, stop_id, updated_at, volume, warehouse_id, weight) 
    values
        (?, ?, ?, ?, ?, ?, ?, ?, ?, ?, ?, ?, ?, ?, ?)
2025-12-06 01:55:52.533 [main] DEBUG [tfms-truck-fleet-management-system] [] org.hibernate.SQL - 
    select
        ld1_0.id,
        ld1_0.address,
        ld1_0.city,
        ld1_0.created_at,
        ld1_0.is_active,
        ld1_0.latitude,
        ld1_0.longitude,
        ld1_0.postal_code,
        ld1_0.updated_at 
    from
        locations ld1_0 
    where
        ld1_0.postal_code=?
Hibernate: 
    select
        ld1_0.id,
        ld1_0.address,
        ld1_0.city,
        ld1_0.created_at,
        ld1_0.is_active,
        ld1_0.latitude,
        ld1_0.longitude,
        ld1_0.postal_code,
        ld1_0.updated_at 
    from
        locations ld1_0 
    where
        ld1_0.postal_code=?
2025-12-06 01:55:52.534 [main] DEBUG [tfms-truck-fleet-management-system] [] org.hibernate.SQL - 
    insert 
    into
        locations
        (address, city, created_at, is_active, latitude, longitude, postal_code, updated_at) 
    values
        (?, ?, ?, ?, ?, ?, ?, ?)
Hibernate: 
    insert 
    into
        locations
        (address, city, created_at, is_active, latitude, longitude, postal_code, updated_at) 
    values
        (?, ?, ?, ?, ?, ?, ?, ?)
2025-12-06 01:55:52.537 [main] DEBUG [tfms-truck-fleet-management-system] [] org.hibernate.SQL - 
    select
        pd1_0.id 
    from
        parcels pd1_0 
    where
        pd1_0.name=? 
    fetch
        first ? rows only
Hibernate: 
    select
        pd1_0.id 
    from
        parcels pd1_0 
    where
        pd1_0.name=? 
    fetch
        first ? rows only
2025-12-06 01:55:52.538 [main] DEBUG [tfms-truck-fleet-management-system] [] org.hibernate.SQL - 
    insert 
    into
        parcels
        (active, created_at, delivery_instructions, delivery_location_id, estimated_travel_time, name, planned_delivery_date, recipient_name, recipient_phone, status, stop_id, updated_at, volume, warehouse_id, weight) 
    values
        (?, ?, ?, ?, ?, ?, ?, ?, ?, ?, ?, ?, ?, ?, ?)
Hibernate: 
    insert 
    into
        parcels
        (active, created_at, delivery_instructions, delivery_location_id, estimated_travel_time, name, planned_delivery_date, recipient_name, recipient_phone, status, stop_id, updated_at, volume, warehouse_id, weight) 
    values
        (?, ?, ?, ?, ?, ?, ?, ?, ?, ?, ?, ?, ?, ?, ?)
2025-12-06 01:55:52.541 [main] DEBUG [tfms-truck-fleet-management-system] [] org.hibernate.SQL - 
    select
        ld1_0.id,
        ld1_0.address,
        ld1_0.city,
        ld1_0.created_at,
        ld1_0.is_active,
        ld1_0.latitude,
        ld1_0.longitude,
        ld1_0.postal_code,
        ld1_0.updated_at 
    from
        locations ld1_0 
    where
        ld1_0.postal_code=?
Hibernate: 
    select
        ld1_0.id,
        ld1_0.address,
        ld1_0.city,
        ld1_0.created_at,
        ld1_0.is_active,
        ld1_0.latitude,
        ld1_0.longitude,
        ld1_0.postal_code,
        ld1_0.updated_at 
    from
        locations ld1_0 
    where
        ld1_0.postal_code=?
2025-12-06 01:55:52.542 [main] DEBUG [tfms-truck-fleet-management-system] [] org.hibernate.SQL - 
    insert 
    into
        locations
        (address, city, created_at, is_active, latitude, longitude, postal_code, updated_at) 
    values
        (?, ?, ?, ?, ?, ?, ?, ?)
Hibernate: 
    insert 
    into
        locations
        (address, city, created_at, is_active, latitude, longitude, postal_code, updated_at) 
    values
        (?, ?, ?, ?, ?, ?, ?, ?)
2025-12-06 01:55:52.545 [main] DEBUG [tfms-truck-fleet-management-system] [] org.hibernate.SQL - 
    select
        pd1_0.id 
    from
        parcels pd1_0 
    where
        pd1_0.name=? 
    fetch
        first ? rows only
Hibernate: 
    select
        pd1_0.id 
    from
        parcels pd1_0 
    where
        pd1_0.name=? 
    fetch
        first ? rows only
2025-12-06 01:55:52.546 [main] DEBUG [tfms-truck-fleet-management-system] [] org.hibernate.SQL - 
    insert 
    into
        parcels
        (active, created_at, delivery_instructions, delivery_location_id, estimated_travel_time, name, planned_delivery_date, recipient_name, recipient_phone, status, stop_id, updated_at, volume, warehouse_id, weight) 
    values
        (?, ?, ?, ?, ?, ?, ?, ?, ?, ?, ?, ?, ?, ?, ?)
Hibernate: 
    insert 
    into
        parcels
        (active, created_at, delivery_instructions, delivery_location_id, estimated_travel_time, name, planned_delivery_date, recipient_name, recipient_phone, status, stop_id, updated_at, volume, warehouse_id, weight) 
    values
        (?, ?, ?, ?, ?, ?, ?, ?, ?, ?, ?, ?, ?, ?, ?)
2025-12-06 01:55:52.549 [main] DEBUG [tfms-truck-fleet-management-system] [] org.hibernate.SQL - 
    select
        ld1_0.id,
        ld1_0.address,
        ld1_0.city,
        ld1_0.created_at,
        ld1_0.is_active,
        ld1_0.latitude,
        ld1_0.longitude,
        ld1_0.postal_code,
        ld1_0.updated_at 
    from
        locations ld1_0 
    where
        ld1_0.postal_code=?
Hibernate: 
    select
        ld1_0.id,
        ld1_0.address,
        ld1_0.city,
        ld1_0.created_at,
        ld1_0.is_active,
        ld1_0.latitude,
        ld1_0.longitude,
        ld1_0.postal_code,
        ld1_0.updated_at 
    from
        locations ld1_0 
    where
        ld1_0.postal_code=?
2025-12-06 01:55:52.550 [main] DEBUG [tfms-truck-fleet-management-system] [] org.hibernate.SQL - 
    insert 
    into
        locations
        (address, city, created_at, is_active, latitude, longitude, postal_code, updated_at) 
    values
        (?, ?, ?, ?, ?, ?, ?, ?)
Hibernate: 
    insert 
    into
        locations
        (address, city, created_at, is_active, latitude, longitude, postal_code, updated_at) 
    values
        (?, ?, ?, ?, ?, ?, ?, ?)
2025-12-06 01:55:52.553 [main] DEBUG [tfms-truck-fleet-management-system] [] org.hibernate.SQL - 
    select
        pd1_0.id 
    from
        parcels pd1_0 
    where
        pd1_0.name=? 
    fetch
        first ? rows only
Hibernate: 
    select
        pd1_0.id 
    from
        parcels pd1_0 
    where
        pd1_0.name=? 
    fetch
        first ? rows only
2025-12-06 01:55:52.554 [main] DEBUG [tfms-truck-fleet-management-system] [] org.hibernate.SQL - 
    insert 
    into
        parcels
        (active, created_at, delivery_instructions, delivery_location_id, estimated_travel_time, name, planned_delivery_date, recipient_name, recipient_phone, status, stop_id, updated_at, volume, warehouse_id, weight) 
    values
        (?, ?, ?, ?, ?, ?, ?, ?, ?, ?, ?, ?, ?, ?, ?)
Hibernate: 
    insert 
    into
        parcels
        (active, created_at, delivery_instructions, delivery_location_id, estimated_travel_time, name, planned_delivery_date, recipient_name, recipient_phone, status, stop_id, updated_at, volume, warehouse_id, weight) 
    values
        (?, ?, ?, ?, ?, ?, ?, ?, ?, ?, ?, ?, ?, ?, ?)
2025-12-06 01:55:52.558 [main] DEBUG [tfms-truck-fleet-management-system] [] org.hibernate.SQL - 
    select
        ld1_0.id,
        ld1_0.address,
        ld1_0.city,
        ld1_0.created_at,
        ld1_0.is_active,
        ld1_0.latitude,
        ld1_0.longitude,
        ld1_0.postal_code,
        ld1_0.updated_at 
    from
        locations ld1_0 
    where
        ld1_0.postal_code=?
Hibernate: 
    select
        ld1_0.id,
        ld1_0.address,
        ld1_0.city,
        ld1_0.created_at,
        ld1_0.is_active,
        ld1_0.latitude,
        ld1_0.longitude,
        ld1_0.postal_code,
        ld1_0.updated_at 
    from
        locations ld1_0 
    where
        ld1_0.postal_code=?
2025-12-06 01:55:52.560 [main] DEBUG [tfms-truck-fleet-management-system] [] org.hibernate.SQL - 
    insert 
    into
        locations
        (address, city, created_at, is_active, latitude, longitude, postal_code, updated_at) 
    values
        (?, ?, ?, ?, ?, ?, ?, ?)
Hibernate: 
    insert 
    into
        locations
        (address, city, created_at, is_active, latitude, longitude, postal_code, updated_at) 
    values
        (?, ?, ?, ?, ?, ?, ?, ?)
2025-12-06 01:55:52.562 [main] DEBUG [tfms-truck-fleet-management-system] [] org.hibernate.SQL - 
    select
        pd1_0.id 
    from
        parcels pd1_0 
    where
        pd1_0.name=? 
    fetch
        first ? rows only
Hibernate: 
    select
        pd1_0.id 
    from
        parcels pd1_0 
    where
        pd1_0.name=? 
    fetch
        first ? rows only
2025-12-06 01:55:52.563 [main] DEBUG [tfms-truck-fleet-management-system] [] org.hibernate.SQL - 
    insert 
    into
        parcels
        (active, created_at, delivery_instructions, delivery_location_id, estimated_travel_time, name, planned_delivery_date, recipient_name, recipient_phone, status, stop_id, updated_at, volume, warehouse_id, weight) 
    values
        (?, ?, ?, ?, ?, ?, ?, ?, ?, ?, ?, ?, ?, ?, ?)
Hibernate: 
    insert 
    into
        parcels
        (active, created_at, delivery_instructions, delivery_location_id, estimated_travel_time, name, planned_delivery_date, recipient_name, recipient_phone, status, stop_id, updated_at, volume, warehouse_id, weight) 
    values
        (?, ?, ?, ?, ?, ?, ?, ?, ?, ?, ?, ?, ?, ?, ?)
2025-12-06 01:55:52.565 [main] DEBUG [tfms-truck-fleet-management-system] [] org.hibernate.SQL - 
    select
        ld1_0.id,
        ld1_0.address,
        ld1_0.city,
        ld1_0.created_at,
        ld1_0.is_active,
        ld1_0.latitude,
        ld1_0.longitude,
        ld1_0.postal_code,
        ld1_0.updated_at 
    from
        locations ld1_0 
    where
        ld1_0.postal_code=?
Hibernate: 
    select
        ld1_0.id,
        ld1_0.address,
        ld1_0.city,
        ld1_0.created_at,
        ld1_0.is_active,
        ld1_0.latitude,
        ld1_0.longitude,
        ld1_0.postal_code,
        ld1_0.updated_at 
    from
        locations ld1_0 
    where
        ld1_0.postal_code=?
2025-12-06 01:55:52.567 [main] DEBUG [tfms-truck-fleet-management-system] [] org.hibernate.SQL - 
    insert 
    into
        locations
        (address, city, created_at, is_active, latitude, longitude, postal_code, updated_at) 
    values
        (?, ?, ?, ?, ?, ?, ?, ?)
Hibernate: 
    insert 
    into
        locations
        (address, city, created_at, is_active, latitude, longitude, postal_code, updated_at) 
    values
        (?, ?, ?, ?, ?, ?, ?, ?)
2025-12-06 01:55:52.569 [main] DEBUG [tfms-truck-fleet-management-system] [] org.hibernate.SQL - 
    select
        pd1_0.id 
    from
        parcels pd1_0 
    where
        pd1_0.name=? 
    fetch
        first ? rows only
Hibernate: 
    select
        pd1_0.id 
    from
        parcels pd1_0 
    where
        pd1_0.name=? 
    fetch
        first ? rows only
2025-12-06 01:55:52.570 [main] DEBUG [tfms-truck-fleet-management-system] [] org.hibernate.SQL - 
    insert 
    into
        parcels
        (active, created_at, delivery_instructions, delivery_location_id, estimated_travel_time, name, planned_delivery_date, recipient_name, recipient_phone, status, stop_id, updated_at, volume, warehouse_id, weight) 
    values
        (?, ?, ?, ?, ?, ?, ?, ?, ?, ?, ?, ?, ?, ?, ?)
Hibernate: 
    insert 
    into
        parcels
        (active, created_at, delivery_instructions, delivery_location_id, estimated_travel_time, name, planned_delivery_date, recipient_name, recipient_phone, status, stop_id, updated_at, volume, warehouse_id, weight) 
    values
        (?, ?, ?, ?, ?, ?, ?, ?, ?, ?, ?, ?, ?, ?, ?)
2025-12-06 01:55:52.572 [main] DEBUG [tfms-truck-fleet-management-system] [] org.hibernate.SQL - 
    select
        ld1_0.id,
        ld1_0.address,
        ld1_0.city,
        ld1_0.created_at,
        ld1_0.is_active,
        ld1_0.latitude,
        ld1_0.longitude,
        ld1_0.postal_code,
        ld1_0.updated_at 
    from
        locations ld1_0 
    where
        ld1_0.postal_code=?
Hibernate: 
    select
        ld1_0.id,
        ld1_0.address,
        ld1_0.city,
        ld1_0.created_at,
        ld1_0.is_active,
        ld1_0.latitude,
        ld1_0.longitude,
        ld1_0.postal_code,
        ld1_0.updated_at 
    from
        locations ld1_0 
    where
        ld1_0.postal_code=?
2025-12-06 01:55:52.573 [main] DEBUG [tfms-truck-fleet-management-system] [] org.hibernate.SQL - 
    insert 
    into
        locations
        (address, city, created_at, is_active, latitude, longitude, postal_code, updated_at) 
    values
        (?, ?, ?, ?, ?, ?, ?, ?)
Hibernate: 
    insert 
    into
        locations
        (address, city, created_at, is_active, latitude, longitude, postal_code, updated_at) 
    values
        (?, ?, ?, ?, ?, ?, ?, ?)
2025-12-06 01:55:52.576 [main] DEBUG [tfms-truck-fleet-management-system] [] org.hibernate.SQL - 
    select
        pd1_0.id 
    from
        parcels pd1_0 
    where
        pd1_0.name=? 
    fetch
        first ? rows only
Hibernate: 
    select
        pd1_0.id 
    from
        parcels pd1_0 
    where
        pd1_0.name=? 
    fetch
        first ? rows only
2025-12-06 01:55:52.577 [main] DEBUG [tfms-truck-fleet-management-system] [] org.hibernate.SQL - 
    insert 
    into
        parcels
        (active, created_at, delivery_instructions, delivery_location_id, estimated_travel_time, name, planned_delivery_date, recipient_name, recipient_phone, status, stop_id, updated_at, volume, warehouse_id, weight) 
    values
        (?, ?, ?, ?, ?, ?, ?, ?, ?, ?, ?, ?, ?, ?, ?)
Hibernate: 
    insert 
    into
        parcels
        (active, created_at, delivery_instructions, delivery_location_id, estimated_travel_time, name, planned_delivery_date, recipient_name, recipient_phone, status, stop_id, updated_at, volume, warehouse_id, weight) 
    values
        (?, ?, ?, ?, ?, ?, ?, ?, ?, ?, ?, ?, ?, ?, ?)
2025-12-06 01:55:52.579 [main] DEBUG [tfms-truck-fleet-management-system] [] org.hibernate.SQL - 
    select
        ld1_0.id,
        ld1_0.address,
        ld1_0.city,
        ld1_0.created_at,
        ld1_0.is_active,
        ld1_0.latitude,
        ld1_0.longitude,
        ld1_0.postal_code,
        ld1_0.updated_at 
    from
        locations ld1_0 
    where
        ld1_0.postal_code=?
Hibernate: 
    select
        ld1_0.id,
        ld1_0.address,
        ld1_0.city,
        ld1_0.created_at,
        ld1_0.is_active,
        ld1_0.latitude,
        ld1_0.longitude,
        ld1_0.postal_code,
        ld1_0.updated_at 
    from
        locations ld1_0 
    where
        ld1_0.postal_code=?
2025-12-06 01:55:52.580 [main] DEBUG [tfms-truck-fleet-management-system] [] org.hibernate.SQL - 
    insert 
    into
        locations
        (address, city, created_at, is_active, latitude, longitude, postal_code, updated_at) 
    values
        (?, ?, ?, ?, ?, ?, ?, ?)
Hibernate: 
    insert 
    into
        locations
        (address, city, created_at, is_active, latitude, longitude, postal_code, updated_at) 
    values
        (?, ?, ?, ?, ?, ?, ?, ?)
2025-12-06 01:55:52.582 [main] DEBUG [tfms-truck-fleet-management-system] [] org.hibernate.SQL - 
    select
        pd1_0.id 
    from
        parcels pd1_0 
    where
        pd1_0.name=? 
    fetch
        first ? rows only
Hibernate: 
    select
        pd1_0.id 
    from
        parcels pd1_0 
    where
        pd1_0.name=? 
    fetch
        first ? rows only
2025-12-06 01:55:52.583 [main] DEBUG [tfms-truck-fleet-management-system] [] org.hibernate.SQL - 
    insert 
    into
        parcels
        (active, created_at, delivery_instructions, delivery_location_id, estimated_travel_time, name, planned_delivery_date, recipient_name, recipient_phone, status, stop_id, updated_at, volume, warehouse_id, weight) 
    values
        (?, ?, ?, ?, ?, ?, ?, ?, ?, ?, ?, ?, ?, ?, ?)
Hibernate: 
    insert 
    into
        parcels
        (active, created_at, delivery_instructions, delivery_location_id, estimated_travel_time, name, planned_delivery_date, recipient_name, recipient_phone, status, stop_id, updated_at, volume, warehouse_id, weight) 
    values
        (?, ?, ?, ?, ?, ?, ?, ?, ?, ?, ?, ?, ?, ?, ?)
2025-12-06 01:55:52.586 [main] DEBUG [tfms-truck-fleet-management-system] [] org.hibernate.SQL - 
    select
        ld1_0.id,
        ld1_0.address,
        ld1_0.city,
        ld1_0.created_at,
        ld1_0.is_active,
        ld1_0.latitude,
        ld1_0.longitude,
        ld1_0.postal_code,
        ld1_0.updated_at 
    from
        locations ld1_0 
    where
        ld1_0.postal_code=?
Hibernate: 
    select
        ld1_0.id,
        ld1_0.address,
        ld1_0.city,
        ld1_0.created_at,
        ld1_0.is_active,
        ld1_0.latitude,
        ld1_0.longitude,
        ld1_0.postal_code,
        ld1_0.updated_at 
    from
        locations ld1_0 
    where
        ld1_0.postal_code=?
2025-12-06 01:55:52.587 [main] DEBUG [tfms-truck-fleet-management-system] [] org.hibernate.SQL - 
    insert 
    into
        locations
        (address, city, created_at, is_active, latitude, longitude, postal_code, updated_at) 
    values
        (?, ?, ?, ?, ?, ?, ?, ?)
Hibernate: 
    insert 
    into
        locations
        (address, city, created_at, is_active, latitude, longitude, postal_code, updated_at) 
    values
        (?, ?, ?, ?, ?, ?, ?, ?)
2025-12-06 01:55:52.589 [main] DEBUG [tfms-truck-fleet-management-system] [] org.hibernate.SQL - 
    select
        pd1_0.id 
    from
        parcels pd1_0 
    where
        pd1_0.name=? 
    fetch
        first ? rows only
Hibernate: 
    select
        pd1_0.id 
    from
        parcels pd1_0 
    where
        pd1_0.name=? 
    fetch
        first ? rows only
2025-12-06 01:55:52.591 [main] DEBUG [tfms-truck-fleet-management-system] [] org.hibernate.SQL - 
    insert 
    into
        parcels
        (active, created_at, delivery_instructions, delivery_location_id, estimated_travel_time, name, planned_delivery_date, recipient_name, recipient_phone, status, stop_id, updated_at, volume, warehouse_id, weight) 
    values
        (?, ?, ?, ?, ?, ?, ?, ?, ?, ?, ?, ?, ?, ?, ?)
Hibernate: 
    insert 
    into
        parcels
        (active, created_at, delivery_instructions, delivery_location_id, estimated_travel_time, name, planned_delivery_date, recipient_name, recipient_phone, status, stop_id, updated_at, volume, warehouse_id, weight) 
    values
        (?, ?, ?, ?, ?, ?, ?, ?, ?, ?, ?, ?, ?, ?, ?)
2025-12-06 01:55:52.593 [main] DEBUG [tfms-truck-fleet-management-system] [] org.hibernate.SQL - 
    select
        ld1_0.id,
        ld1_0.address,
        ld1_0.city,
        ld1_0.created_at,
        ld1_0.is_active,
        ld1_0.latitude,
        ld1_0.longitude,
        ld1_0.postal_code,
        ld1_0.updated_at 
    from
        locations ld1_0 
    where
        ld1_0.postal_code=?
Hibernate: 
    select
        ld1_0.id,
        ld1_0.address,
        ld1_0.city,
        ld1_0.created_at,
        ld1_0.is_active,
        ld1_0.latitude,
        ld1_0.longitude,
        ld1_0.postal_code,
        ld1_0.updated_at 
    from
        locations ld1_0 
    where
        ld1_0.postal_code=?
2025-12-06 01:55:52.594 [main] DEBUG [tfms-truck-fleet-management-system] [] org.hibernate.SQL - 
    insert 
    into
        locations
        (address, city, created_at, is_active, latitude, longitude, postal_code, updated_at) 
    values
        (?, ?, ?, ?, ?, ?, ?, ?)
Hibernate: 
    insert 
    into
        locations
        (address, city, created_at, is_active, latitude, longitude, postal_code, updated_at) 
    values
        (?, ?, ?, ?, ?, ?, ?, ?)
2025-12-06 01:55:52.596 [main] DEBUG [tfms-truck-fleet-management-system] [] org.hibernate.SQL - 
    select
        pd1_0.id 
    from
        parcels pd1_0 
    where
        pd1_0.name=? 
    fetch
        first ? rows only
Hibernate: 
    select
        pd1_0.id 
    from
        parcels pd1_0 
    where
        pd1_0.name=? 
    fetch
        first ? rows only
2025-12-06 01:55:52.598 [main] DEBUG [tfms-truck-fleet-management-system] [] org.hibernate.SQL - 
    insert 
    into
        parcels
        (active, created_at, delivery_instructions, delivery_location_id, estimated_travel_time, name, planned_delivery_date, recipient_name, recipient_phone, status, stop_id, updated_at, volume, warehouse_id, weight) 
    values
        (?, ?, ?, ?, ?, ?, ?, ?, ?, ?, ?, ?, ?, ?, ?)
Hibernate: 
    insert 
    into
        parcels
        (active, created_at, delivery_instructions, delivery_location_id, estimated_travel_time, name, planned_delivery_date, recipient_name, recipient_phone, status, stop_id, updated_at, volume, warehouse_id, weight) 
    values
        (?, ?, ?, ?, ?, ?, ?, ?, ?, ?, ?, ?, ?, ?, ?)
2025-12-06 01:55:52.600 [main] DEBUG [tfms-truck-fleet-management-system] [] org.hibernate.SQL - 
    select
        ld1_0.id,
        ld1_0.address,
        ld1_0.city,
        ld1_0.created_at,
        ld1_0.is_active,
        ld1_0.latitude,
        ld1_0.longitude,
        ld1_0.postal_code,
        ld1_0.updated_at 
    from
        locations ld1_0 
    where
        ld1_0.postal_code=?
Hibernate: 
    select
        ld1_0.id,
        ld1_0.address,
        ld1_0.city,
        ld1_0.created_at,
        ld1_0.is_active,
        ld1_0.latitude,
        ld1_0.longitude,
        ld1_0.postal_code,
        ld1_0.updated_at 
    from
        locations ld1_0 
    where
        ld1_0.postal_code=?
2025-12-06 01:55:52.601 [main] DEBUG [tfms-truck-fleet-management-system] [] org.hibernate.SQL - 
    insert 
    into
        locations
        (address, city, created_at, is_active, latitude, longitude, postal_code, updated_at) 
    values
        (?, ?, ?, ?, ?, ?, ?, ?)
Hibernate: 
    insert 
    into
        locations
        (address, city, created_at, is_active, latitude, longitude, postal_code, updated_at) 
    values
        (?, ?, ?, ?, ?, ?, ?, ?)
2025-12-06 01:55:52.603 [main] DEBUG [tfms-truck-fleet-management-system] [] org.hibernate.SQL - 
    select
        pd1_0.id 
    from
        parcels pd1_0 
    where
        pd1_0.name=? 
    fetch
        first ? rows only
Hibernate: 
    select
        pd1_0.id 
    from
        parcels pd1_0 
    where
        pd1_0.name=? 
    fetch
        first ? rows only
2025-12-06 01:55:52.604 [main] DEBUG [tfms-truck-fleet-management-system] [] org.hibernate.SQL - 
    insert 
    into
        parcels
        (active, created_at, delivery_instructions, delivery_location_id, estimated_travel_time, name, planned_delivery_date, recipient_name, recipient_phone, status, stop_id, updated_at, volume, warehouse_id, weight) 
    values
        (?, ?, ?, ?, ?, ?, ?, ?, ?, ?, ?, ?, ?, ?, ?)
Hibernate: 
    insert 
    into
        parcels
        (active, created_at, delivery_instructions, delivery_location_id, estimated_travel_time, name, planned_delivery_date, recipient_name, recipient_phone, status, stop_id, updated_at, volume, warehouse_id, weight) 
    values
        (?, ?, ?, ?, ?, ?, ?, ?, ?, ?, ?, ?, ?, ?, ?)
2025-12-06 01:55:52.606 [main] DEBUG [tfms-truck-fleet-management-system] [] org.hibernate.SQL - 
    select
        ld1_0.id,
        ld1_0.address,
        ld1_0.city,
        ld1_0.created_at,
        ld1_0.is_active,
        ld1_0.latitude,
        ld1_0.longitude,
        ld1_0.postal_code,
        ld1_0.updated_at 
    from
        locations ld1_0 
    where
        ld1_0.postal_code=?
Hibernate: 
    select
        ld1_0.id,
        ld1_0.address,
        ld1_0.city,
        ld1_0.created_at,
        ld1_0.is_active,
        ld1_0.latitude,
        ld1_0.longitude,
        ld1_0.postal_code,
        ld1_0.updated_at 
    from
        locations ld1_0 
    where
        ld1_0.postal_code=?
2025-12-06 01:55:52.607 [main] DEBUG [tfms-truck-fleet-management-system] [] org.hibernate.SQL - 
    insert 
    into
        locations
        (address, city, created_at, is_active, latitude, longitude, postal_code, updated_at) 
    values
        (?, ?, ?, ?, ?, ?, ?, ?)
Hibernate: 
    insert 
    into
        locations
        (address, city, created_at, is_active, latitude, longitude, postal_code, updated_at) 
    values
        (?, ?, ?, ?, ?, ?, ?, ?)
2025-12-06 01:55:52.609 [main] DEBUG [tfms-truck-fleet-management-system] [] org.hibernate.SQL - 
    select
        pd1_0.id 
    from
        parcels pd1_0 
    where
        pd1_0.name=? 
    fetch
        first ? rows only
Hibernate: 
    select
        pd1_0.id 
    from
        parcels pd1_0 
    where
        pd1_0.name=? 
    fetch
        first ? rows only
2025-12-06 01:55:52.610 [main] DEBUG [tfms-truck-fleet-management-system] [] org.hibernate.SQL - 
    insert 
    into
        parcels
        (active, created_at, delivery_instructions, delivery_location_id, estimated_travel_time, name, planned_delivery_date, recipient_name, recipient_phone, status, stop_id, updated_at, volume, warehouse_id, weight) 
    values
        (?, ?, ?, ?, ?, ?, ?, ?, ?, ?, ?, ?, ?, ?, ?)
Hibernate: 
    insert 
    into
        parcels
        (active, created_at, delivery_instructions, delivery_location_id, estimated_travel_time, name, planned_delivery_date, recipient_name, recipient_phone, status, stop_id, updated_at, volume, warehouse_id, weight) 
    values
        (?, ?, ?, ?, ?, ?, ?, ?, ?, ?, ?, ?, ?, ?, ?)
2025-12-06 01:55:52.613 [main] DEBUG [tfms-truck-fleet-management-system] [] org.hibernate.SQL - 
    select
        ld1_0.id,
        ld1_0.address,
        ld1_0.city,
        ld1_0.created_at,
        ld1_0.is_active,
        ld1_0.latitude,
        ld1_0.longitude,
        ld1_0.postal_code,
        ld1_0.updated_at 
    from
        locations ld1_0 
    where
        ld1_0.postal_code=?
Hibernate: 
    select
        ld1_0.id,
        ld1_0.address,
        ld1_0.city,
        ld1_0.created_at,
        ld1_0.is_active,
        ld1_0.latitude,
        ld1_0.longitude,
        ld1_0.postal_code,
        ld1_0.updated_at 
    from
        locations ld1_0 
    where
        ld1_0.postal_code=?
2025-12-06 01:55:52.614 [main] DEBUG [tfms-truck-fleet-management-system] [] org.hibernate.SQL - 
    insert 
    into
        locations
        (address, city, created_at, is_active, latitude, longitude, postal_code, updated_at) 
    values
        (?, ?, ?, ?, ?, ?, ?, ?)
Hibernate: 
    insert 
    into
        locations
        (address, city, created_at, is_active, latitude, longitude, postal_code, updated_at) 
    values
        (?, ?, ?, ?, ?, ?, ?, ?)
2025-12-06 01:55:52.616 [main] DEBUG [tfms-truck-fleet-management-system] [] org.hibernate.SQL - 
    select
        pd1_0.id 
    from
        parcels pd1_0 
    where
        pd1_0.name=? 
    fetch
        first ? rows only
Hibernate: 
    select
        pd1_0.id 
    from
        parcels pd1_0 
    where
        pd1_0.name=? 
    fetch
        first ? rows only
2025-12-06 01:55:52.617 [main] DEBUG [tfms-truck-fleet-management-system] [] org.hibernate.SQL - 
    insert 
    into
        parcels
        (active, created_at, delivery_instructions, delivery_location_id, estimated_travel_time, name, planned_delivery_date, recipient_name, recipient_phone, status, stop_id, updated_at, volume, warehouse_id, weight) 
    values
        (?, ?, ?, ?, ?, ?, ?, ?, ?, ?, ?, ?, ?, ?, ?)
Hibernate: 
    insert 
    into
        parcels
        (active, created_at, delivery_instructions, delivery_location_id, estimated_travel_time, name, planned_delivery_date, recipient_name, recipient_phone, status, stop_id, updated_at, volume, warehouse_id, weight) 
    values
        (?, ?, ?, ?, ?, ?, ?, ?, ?, ?, ?, ?, ?, ?, ?)
Created 20 parcels for Warehouse-Amsterdam in Amsterdam
2025-12-06 01:55:52.619 [main] DEBUG [tfms-truck-fleet-management-system] [] org.hibernate.SQL - 
    select
        ld1_0.id,
        ld1_0.address,
        ld1_0.city,
        ld1_0.created_at,
        ld1_0.is_active,
        ld1_0.latitude,
        ld1_0.longitude,
        ld1_0.postal_code,
        ld1_0.updated_at 
    from
        locations ld1_0 
    where
        ld1_0.postal_code=?
Hibernate: 
    select
        ld1_0.id,
        ld1_0.address,
        ld1_0.city,
        ld1_0.created_at,
        ld1_0.is_active,
        ld1_0.latitude,
        ld1_0.longitude,
        ld1_0.postal_code,
        ld1_0.updated_at 
    from
        locations ld1_0 
    where
        ld1_0.postal_code=?
2025-12-06 01:55:52.620 [main] DEBUG [tfms-truck-fleet-management-system] [] org.hibernate.SQL - 
    insert 
    into
        locations
        (address, city, created_at, is_active, latitude, longitude, postal_code, updated_at) 
    values
        (?, ?, ?, ?, ?, ?, ?, ?)
Hibernate: 
    insert 
    into
        locations
        (address, city, created_at, is_active, latitude, longitude, postal_code, updated_at) 
    values
        (?, ?, ?, ?, ?, ?, ?, ?)
2025-12-06 01:55:52.624 [main] DEBUG [tfms-truck-fleet-management-system] [] org.hibernate.SQL - 
    select
        whd1_0.id,
        whd1_0.active,
        whd1_0.created_at,
        whd1_0.location_id,
        whd1_0.name,
        whd1_0.updated_at 
    from
        warehouse whd1_0 
    where
        whd1_0.name=?
Hibernate: 
    select
        whd1_0.id,
        whd1_0.active,
        whd1_0.created_at,
        whd1_0.location_id,
        whd1_0.name,
        whd1_0.updated_at 
    from
        warehouse whd1_0 
    where
        whd1_0.name=?
2025-12-06 01:55:52.626 [main] DEBUG [tfms-truck-fleet-management-system] [] org.hibernate.SQL - 
    insert 
    into
        warehouse
        (active, created_at, location_id, name, updated_at) 
    values
        (?, ?, ?, ?, ?)
Hibernate: 
    insert 
    into
        warehouse
        (active, created_at, location_id, name, updated_at) 
    values
        (?, ?, ?, ?, ?)
2025-12-06 01:55:52.628 [main] DEBUG [tfms-truck-fleet-management-system] [] org.hibernate.SQL - 
    select
        ld1_0.id,
        ld1_0.address,
        ld1_0.city,
        ld1_0.created_at,
        ld1_0.is_active,
        ld1_0.latitude,
        ld1_0.longitude,
        ld1_0.postal_code,
        ld1_0.updated_at 
    from
        locations ld1_0 
    where
        ld1_0.postal_code=?
Hibernate: 
    select
        ld1_0.id,
        ld1_0.address,
        ld1_0.city,
        ld1_0.created_at,
        ld1_0.is_active,
        ld1_0.latitude,
        ld1_0.longitude,
        ld1_0.postal_code,
        ld1_0.updated_at 
    from
        locations ld1_0 
    where
        ld1_0.postal_code=?
2025-12-06 01:55:52.629 [main] DEBUG [tfms-truck-fleet-management-system] [] org.hibernate.SQL - 
    insert 
    into
        locations
        (address, city, created_at, is_active, latitude, longitude, postal_code, updated_at) 
    values
        (?, ?, ?, ?, ?, ?, ?, ?)
Hibernate: 
    insert 
    into
        locations
        (address, city, created_at, is_active, latitude, longitude, postal_code, updated_at) 
    values
        (?, ?, ?, ?, ?, ?, ?, ?)
2025-12-06 01:55:52.631 [main] DEBUG [tfms-truck-fleet-management-system] [] org.hibernate.SQL - 
    select
        pd1_0.id 
    from
        parcels pd1_0 
    where
        pd1_0.name=? 
    fetch
        first ? rows only
Hibernate: 
    select
        pd1_0.id 
    from
        parcels pd1_0 
    where
        pd1_0.name=? 
    fetch
        first ? rows only
2025-12-06 01:55:52.632 [main] DEBUG [tfms-truck-fleet-management-system] [] org.hibernate.SQL - 
    insert 
    into
        parcels
        (active, created_at, delivery_instructions, delivery_location_id, estimated_travel_time, name, planned_delivery_date, recipient_name, recipient_phone, status, stop_id, updated_at, volume, warehouse_id, weight) 
    values
        (?, ?, ?, ?, ?, ?, ?, ?, ?, ?, ?, ?, ?, ?, ?)
Hibernate: 
    insert 
    into
        parcels
        (active, created_at, delivery_instructions, delivery_location_id, estimated_travel_time, name, planned_delivery_date, recipient_name, recipient_phone, status, stop_id, updated_at, volume, warehouse_id, weight) 
    values
        (?, ?, ?, ?, ?, ?, ?, ?, ?, ?, ?, ?, ?, ?, ?)
2025-12-06 01:55:52.634 [main] DEBUG [tfms-truck-fleet-management-system] [] org.hibernate.SQL - 
    select
        ld1_0.id,
        ld1_0.address,
        ld1_0.city,
        ld1_0.created_at,
        ld1_0.is_active,
        ld1_0.latitude,
        ld1_0.longitude,
        ld1_0.postal_code,
        ld1_0.updated_at 
    from
        locations ld1_0 
    where
        ld1_0.postal_code=?
Hibernate: 
    select
        ld1_0.id,
        ld1_0.address,
        ld1_0.city,
        ld1_0.created_at,
        ld1_0.is_active,
        ld1_0.latitude,
        ld1_0.longitude,
        ld1_0.postal_code,
        ld1_0.updated_at 
    from
        locations ld1_0 
    where
        ld1_0.postal_code=?
2025-12-06 01:55:52.636 [main] DEBUG [tfms-truck-fleet-management-system] [] org.hibernate.SQL - 
    insert 
    into
        locations
        (address, city, created_at, is_active, latitude, longitude, postal_code, updated_at) 
    values
        (?, ?, ?, ?, ?, ?, ?, ?)
Hibernate: 
    insert 
    into
        locations
        (address, city, created_at, is_active, latitude, longitude, postal_code, updated_at) 
    values
        (?, ?, ?, ?, ?, ?, ?, ?)
2025-12-06 01:55:52.638 [main] DEBUG [tfms-truck-fleet-management-system] [] org.hibernate.SQL - 
    select
        pd1_0.id 
    from
        parcels pd1_0 
    where
        pd1_0.name=? 
    fetch
        first ? rows only
Hibernate: 
    select
        pd1_0.id 
    from
        parcels pd1_0 
    where
        pd1_0.name=? 
    fetch
        first ? rows only
2025-12-06 01:55:52.639 [main] DEBUG [tfms-truck-fleet-management-system] [] org.hibernate.SQL - 
    insert 
    into
        parcels
        (active, created_at, delivery_instructions, delivery_location_id, estimated_travel_time, name, planned_delivery_date, recipient_name, recipient_phone, status, stop_id, updated_at, volume, warehouse_id, weight) 
    values
        (?, ?, ?, ?, ?, ?, ?, ?, ?, ?, ?, ?, ?, ?, ?)
Hibernate: 
    insert 
    into
        parcels
        (active, created_at, delivery_instructions, delivery_location_id, estimated_travel_time, name, planned_delivery_date, recipient_name, recipient_phone, status, stop_id, updated_at, volume, warehouse_id, weight) 
    values
        (?, ?, ?, ?, ?, ?, ?, ?, ?, ?, ?, ?, ?, ?, ?)
2025-12-06 01:55:52.641 [main] DEBUG [tfms-truck-fleet-management-system] [] org.hibernate.SQL - 
    select
        ld1_0.id,
        ld1_0.address,
        ld1_0.city,
        ld1_0.created_at,
        ld1_0.is_active,
        ld1_0.latitude,
        ld1_0.longitude,
        ld1_0.postal_code,
        ld1_0.updated_at 
    from
        locations ld1_0 
    where
        ld1_0.postal_code=?
Hibernate: 
    select
        ld1_0.id,
        ld1_0.address,
        ld1_0.city,
        ld1_0.created_at,
        ld1_0.is_active,
        ld1_0.latitude,
        ld1_0.longitude,
        ld1_0.postal_code,
        ld1_0.updated_at 
    from
        locations ld1_0 
    where
        ld1_0.postal_code=?
2025-12-06 01:55:52.642 [main] DEBUG [tfms-truck-fleet-management-system] [] org.hibernate.SQL - 
    insert 
    into
        locations
        (address, city, created_at, is_active, latitude, longitude, postal_code, updated_at) 
    values
        (?, ?, ?, ?, ?, ?, ?, ?)
Hibernate: 
    insert 
    into
        locations
        (address, city, created_at, is_active, latitude, longitude, postal_code, updated_at) 
    values
        (?, ?, ?, ?, ?, ?, ?, ?)
2025-12-06 01:55:52.644 [main] DEBUG [tfms-truck-fleet-management-system] [] org.hibernate.SQL - 
    select
        pd1_0.id 
    from
        parcels pd1_0 
    where
        pd1_0.name=? 
    fetch
        first ? rows only
Hibernate: 
    select
        pd1_0.id 
    from
        parcels pd1_0 
    where
        pd1_0.name=? 
    fetch
        first ? rows only
2025-12-06 01:55:52.645 [main] DEBUG [tfms-truck-fleet-management-system] [] org.hibernate.SQL - 
    insert 
    into
        parcels
        (active, created_at, delivery_instructions, delivery_location_id, estimated_travel_time, name, planned_delivery_date, recipient_name, recipient_phone, status, stop_id, updated_at, volume, warehouse_id, weight) 
    values
        (?, ?, ?, ?, ?, ?, ?, ?, ?, ?, ?, ?, ?, ?, ?)
Hibernate: 
    insert 
    into
        parcels
        (active, created_at, delivery_instructions, delivery_location_id, estimated_travel_time, name, planned_delivery_date, recipient_name, recipient_phone, status, stop_id, updated_at, volume, warehouse_id, weight) 
    values
        (?, ?, ?, ?, ?, ?, ?, ?, ?, ?, ?, ?, ?, ?, ?)
2025-12-06 01:55:52.648 [main] DEBUG [tfms-truck-fleet-management-system] [] org.hibernate.SQL - 
    select
        ld1_0.id,
        ld1_0.address,
        ld1_0.city,
        ld1_0.created_at,
        ld1_0.is_active,
        ld1_0.latitude,
        ld1_0.longitude,
        ld1_0.postal_code,
        ld1_0.updated_at 
    from
        locations ld1_0 
    where
        ld1_0.postal_code=?
Hibernate: 
    select
        ld1_0.id,
        ld1_0.address,
        ld1_0.city,
        ld1_0.created_at,
        ld1_0.is_active,
        ld1_0.latitude,
        ld1_0.longitude,
        ld1_0.postal_code,
        ld1_0.updated_at 
    from
        locations ld1_0 
    where
        ld1_0.postal_code=?
2025-12-06 01:55:52.649 [main] DEBUG [tfms-truck-fleet-management-system] [] org.hibernate.SQL - 
    insert 
    into
        locations
        (address, city, created_at, is_active, latitude, longitude, postal_code, updated_at) 
    values
        (?, ?, ?, ?, ?, ?, ?, ?)
Hibernate: 
    insert 
    into
        locations
        (address, city, created_at, is_active, latitude, longitude, postal_code, updated_at) 
    values
        (?, ?, ?, ?, ?, ?, ?, ?)
2025-12-06 01:55:52.651 [main] DEBUG [tfms-truck-fleet-management-system] [] org.hibernate.SQL - 
    select
        pd1_0.id 
    from
        parcels pd1_0 
    where
        pd1_0.name=? 
    fetch
        first ? rows only
Hibernate: 
    select
        pd1_0.id 
    from
        parcels pd1_0 
    where
        pd1_0.name=? 
    fetch
        first ? rows only
2025-12-06 01:55:52.652 [main] DEBUG [tfms-truck-fleet-management-system] [] org.hibernate.SQL - 
    insert 
    into
        parcels
        (active, created_at, delivery_instructions, delivery_location_id, estimated_travel_time, name, planned_delivery_date, recipient_name, recipient_phone, status, stop_id, updated_at, volume, warehouse_id, weight) 
    values
        (?, ?, ?, ?, ?, ?, ?, ?, ?, ?, ?, ?, ?, ?, ?)
Hibernate: 
    insert 
    into
        parcels
        (active, created_at, delivery_instructions, delivery_location_id, estimated_travel_time, name, planned_delivery_date, recipient_name, recipient_phone, status, stop_id, updated_at, volume, warehouse_id, weight) 
    values
        (?, ?, ?, ?, ?, ?, ?, ?, ?, ?, ?, ?, ?, ?, ?)
2025-12-06 01:55:52.657 [main] DEBUG [tfms-truck-fleet-management-system] [] org.hibernate.SQL - 
    select
        ld1_0.id,
        ld1_0.address,
        ld1_0.city,
        ld1_0.created_at,
        ld1_0.is_active,
        ld1_0.latitude,
        ld1_0.longitude,
        ld1_0.postal_code,
        ld1_0.updated_at 
    from
        locations ld1_0 
    where
        ld1_0.postal_code=?
Hibernate: 
    select
        ld1_0.id,
        ld1_0.address,
        ld1_0.city,
        ld1_0.created_at,
        ld1_0.is_active,
        ld1_0.latitude,
        ld1_0.longitude,
        ld1_0.postal_code,
        ld1_0.updated_at 
    from
        locations ld1_0 
    where
        ld1_0.postal_code=?
2025-12-06 01:55:52.658 [main] DEBUG [tfms-truck-fleet-management-system] [] org.hibernate.SQL - 
    insert 
    into
        locations
        (address, city, created_at, is_active, latitude, longitude, postal_code, updated_at) 
    values
        (?, ?, ?, ?, ?, ?, ?, ?)
Hibernate: 
    insert 
    into
        locations
        (address, city, created_at, is_active, latitude, longitude, postal_code, updated_at) 
    values
        (?, ?, ?, ?, ?, ?, ?, ?)
2025-12-06 01:55:52.662 [main] DEBUG [tfms-truck-fleet-management-system] [] org.hibernate.SQL - 
    select
        pd1_0.id 
    from
        parcels pd1_0 
    where
        pd1_0.name=? 
    fetch
        first ? rows only
Hibernate: 
    select
        pd1_0.id 
    from
        parcels pd1_0 
    where
        pd1_0.name=? 
    fetch
        first ? rows only
2025-12-06 01:55:52.664 [main] DEBUG [tfms-truck-fleet-management-system] [] org.hibernate.SQL - 
    insert 
    into
        parcels
        (active, created_at, delivery_instructions, delivery_location_id, estimated_travel_time, name, planned_delivery_date, recipient_name, recipient_phone, status, stop_id, updated_at, volume, warehouse_id, weight) 
    values
        (?, ?, ?, ?, ?, ?, ?, ?, ?, ?, ?, ?, ?, ?, ?)
Hibernate: 
    insert 
    into
        parcels
        (active, created_at, delivery_instructions, delivery_location_id, estimated_travel_time, name, planned_delivery_date, recipient_name, recipient_phone, status, stop_id, updated_at, volume, warehouse_id, weight) 
    values
        (?, ?, ?, ?, ?, ?, ?, ?, ?, ?, ?, ?, ?, ?, ?)
2025-12-06 01:55:52.668 [main] DEBUG [tfms-truck-fleet-management-system] [] org.hibernate.SQL - 
    select
        ld1_0.id,
        ld1_0.address,
        ld1_0.city,
        ld1_0.created_at,
        ld1_0.is_active,
        ld1_0.latitude,
        ld1_0.longitude,
        ld1_0.postal_code,
        ld1_0.updated_at 
    from
        locations ld1_0 
    where
        ld1_0.postal_code=?
Hibernate: 
    select
        ld1_0.id,
        ld1_0.address,
        ld1_0.city,
        ld1_0.created_at,
        ld1_0.is_active,
        ld1_0.latitude,
        ld1_0.longitude,
        ld1_0.postal_code,
        ld1_0.updated_at 
    from
        locations ld1_0 
    where
        ld1_0.postal_code=?
2025-12-06 01:55:52.669 [main] DEBUG [tfms-truck-fleet-management-system] [] org.hibernate.SQL - 
    insert 
    into
        locations
        (address, city, created_at, is_active, latitude, longitude, postal_code, updated_at) 
    values
        (?, ?, ?, ?, ?, ?, ?, ?)
Hibernate: 
    insert 
    into
        locations
        (address, city, created_at, is_active, latitude, longitude, postal_code, updated_at) 
    values
        (?, ?, ?, ?, ?, ?, ?, ?)
2025-12-06 01:55:52.672 [main] DEBUG [tfms-truck-fleet-management-system] [] org.hibernate.SQL - 
    select
        pd1_0.id 
    from
        parcels pd1_0 
    where
        pd1_0.name=? 
    fetch
        first ? rows only
Hibernate: 
    select
        pd1_0.id 
    from
        parcels pd1_0 
    where
        pd1_0.name=? 
    fetch
        first ? rows only
2025-12-06 01:55:52.673 [main] DEBUG [tfms-truck-fleet-management-system] [] org.hibernate.SQL - 
    insert 
    into
        parcels
        (active, created_at, delivery_instructions, delivery_location_id, estimated_travel_time, name, planned_delivery_date, recipient_name, recipient_phone, status, stop_id, updated_at, volume, warehouse_id, weight) 
    values
        (?, ?, ?, ?, ?, ?, ?, ?, ?, ?, ?, ?, ?, ?, ?)
Hibernate: 
    insert 
    into
        parcels
        (active, created_at, delivery_instructions, delivery_location_id, estimated_travel_time, name, planned_delivery_date, recipient_name, recipient_phone, status, stop_id, updated_at, volume, warehouse_id, weight) 
    values
        (?, ?, ?, ?, ?, ?, ?, ?, ?, ?, ?, ?, ?, ?, ?)
2025-12-06 01:55:52.676 [main] DEBUG [tfms-truck-fleet-management-system] [] org.hibernate.SQL - 
    select
        ld1_0.id,
        ld1_0.address,
        ld1_0.city,
        ld1_0.created_at,
        ld1_0.is_active,
        ld1_0.latitude,
        ld1_0.longitude,
        ld1_0.postal_code,
        ld1_0.updated_at 
    from
        locations ld1_0 
    where
        ld1_0.postal_code=?
Hibernate: 
    select
        ld1_0.id,
        ld1_0.address,
        ld1_0.city,
        ld1_0.created_at,
        ld1_0.is_active,
        ld1_0.latitude,
        ld1_0.longitude,
        ld1_0.postal_code,
        ld1_0.updated_at 
    from
        locations ld1_0 
    where
        ld1_0.postal_code=?
2025-12-06 01:55:52.676 [main] DEBUG [tfms-truck-fleet-management-system] [] org.hibernate.SQL - 
    insert 
    into
        locations
        (address, city, created_at, is_active, latitude, longitude, postal_code, updated_at) 
    values
        (?, ?, ?, ?, ?, ?, ?, ?)
Hibernate: 
    insert 
    into
        locations
        (address, city, created_at, is_active, latitude, longitude, postal_code, updated_at) 
    values
        (?, ?, ?, ?, ?, ?, ?, ?)
2025-12-06 01:55:52.678 [main] DEBUG [tfms-truck-fleet-management-system] [] org.hibernate.SQL - 
    select
        pd1_0.id 
    from
        parcels pd1_0 
    where
        pd1_0.name=? 
    fetch
        first ? rows only
Hibernate: 
    select
        pd1_0.id 
    from
        parcels pd1_0 
    where
        pd1_0.name=? 
    fetch
        first ? rows only
2025-12-06 01:55:52.679 [main] DEBUG [tfms-truck-fleet-management-system] [] org.hibernate.SQL - 
    insert 
    into
        parcels
        (active, created_at, delivery_instructions, delivery_location_id, estimated_travel_time, name, planned_delivery_date, recipient_name, recipient_phone, status, stop_id, updated_at, volume, warehouse_id, weight) 
    values
        (?, ?, ?, ?, ?, ?, ?, ?, ?, ?, ?, ?, ?, ?, ?)
Hibernate: 
    insert 
    into
        parcels
        (active, created_at, delivery_instructions, delivery_location_id, estimated_travel_time, name, planned_delivery_date, recipient_name, recipient_phone, status, stop_id, updated_at, volume, warehouse_id, weight) 
    values
        (?, ?, ?, ?, ?, ?, ?, ?, ?, ?, ?, ?, ?, ?, ?)
2025-12-06 01:55:52.682 [main] DEBUG [tfms-truck-fleet-management-system] [] org.hibernate.SQL - 
    select
        ld1_0.id,
        ld1_0.address,
        ld1_0.city,
        ld1_0.created_at,
        ld1_0.is_active,
        ld1_0.latitude,
        ld1_0.longitude,
        ld1_0.postal_code,
        ld1_0.updated_at 
    from
        locations ld1_0 
    where
        ld1_0.postal_code=?
Hibernate: 
    select
        ld1_0.id,
        ld1_0.address,
        ld1_0.city,
        ld1_0.created_at,
        ld1_0.is_active,
        ld1_0.latitude,
        ld1_0.longitude,
        ld1_0.postal_code,
        ld1_0.updated_at 
    from
        locations ld1_0 
    where
        ld1_0.postal_code=?
2025-12-06 01:55:52.683 [main] DEBUG [tfms-truck-fleet-management-system] [] org.hibernate.SQL - 
    insert 
    into
        locations
        (address, city, created_at, is_active, latitude, longitude, postal_code, updated_at) 
    values
        (?, ?, ?, ?, ?, ?, ?, ?)
Hibernate: 
    insert 
    into
        locations
        (address, city, created_at, is_active, latitude, longitude, postal_code, updated_at) 
    values
        (?, ?, ?, ?, ?, ?, ?, ?)
2025-12-06 01:55:52.686 [main] DEBUG [tfms-truck-fleet-management-system] [] org.hibernate.SQL - 
    select
        pd1_0.id 
    from
        parcels pd1_0 
    where
        pd1_0.name=? 
    fetch
        first ? rows only
Hibernate: 
    select
        pd1_0.id 
    from
        parcels pd1_0 
    where
        pd1_0.name=? 
    fetch
        first ? rows only
2025-12-06 01:55:52.688 [main] DEBUG [tfms-truck-fleet-management-system] [] org.hibernate.SQL - 
    insert 
    into
        parcels
        (active, created_at, delivery_instructions, delivery_location_id, estimated_travel_time, name, planned_delivery_date, recipient_name, recipient_phone, status, stop_id, updated_at, volume, warehouse_id, weight) 
    values
        (?, ?, ?, ?, ?, ?, ?, ?, ?, ?, ?, ?, ?, ?, ?)
Hibernate: 
    insert 
    into
        parcels
        (active, created_at, delivery_instructions, delivery_location_id, estimated_travel_time, name, planned_delivery_date, recipient_name, recipient_phone, status, stop_id, updated_at, volume, warehouse_id, weight) 
    values
        (?, ?, ?, ?, ?, ?, ?, ?, ?, ?, ?, ?, ?, ?, ?)
2025-12-06 01:55:52.691 [main] DEBUG [tfms-truck-fleet-management-system] [] org.hibernate.SQL - 
    select
        ld1_0.id,
        ld1_0.address,
        ld1_0.city,
        ld1_0.created_at,
        ld1_0.is_active,
        ld1_0.latitude,
        ld1_0.longitude,
        ld1_0.postal_code,
        ld1_0.updated_at 
    from
        locations ld1_0 
    where
        ld1_0.postal_code=?
Hibernate: 
    select
        ld1_0.id,
        ld1_0.address,
        ld1_0.city,
        ld1_0.created_at,
        ld1_0.is_active,
        ld1_0.latitude,
        ld1_0.longitude,
        ld1_0.postal_code,
        ld1_0.updated_at 
    from
        locations ld1_0 
    where
        ld1_0.postal_code=?
2025-12-06 01:55:52.694 [main] DEBUG [tfms-truck-fleet-management-system] [] org.hibernate.SQL - 
    insert 
    into
        locations
        (address, city, created_at, is_active, latitude, longitude, postal_code, updated_at) 
    values
        (?, ?, ?, ?, ?, ?, ?, ?)
Hibernate: 
    insert 
    into
        locations
        (address, city, created_at, is_active, latitude, longitude, postal_code, updated_at) 
    values
        (?, ?, ?, ?, ?, ?, ?, ?)
2025-12-06 01:55:52.698 [main] DEBUG [tfms-truck-fleet-management-system] [] org.hibernate.SQL - 
    select
        pd1_0.id 
    from
        parcels pd1_0 
    where
        pd1_0.name=? 
    fetch
        first ? rows only
Hibernate: 
    select
        pd1_0.id 
    from
        parcels pd1_0 
    where
        pd1_0.name=? 
    fetch
        first ? rows only
2025-12-06 01:55:52.700 [main] DEBUG [tfms-truck-fleet-management-system] [] org.hibernate.SQL - 
    insert 
    into
        parcels
        (active, created_at, delivery_instructions, delivery_location_id, estimated_travel_time, name, planned_delivery_date, recipient_name, recipient_phone, status, stop_id, updated_at, volume, warehouse_id, weight) 
    values
        (?, ?, ?, ?, ?, ?, ?, ?, ?, ?, ?, ?, ?, ?, ?)
Hibernate: 
    insert 
    into
        parcels
        (active, created_at, delivery_instructions, delivery_location_id, estimated_travel_time, name, planned_delivery_date, recipient_name, recipient_phone, status, stop_id, updated_at, volume, warehouse_id, weight) 
    values
        (?, ?, ?, ?, ?, ?, ?, ?, ?, ?, ?, ?, ?, ?, ?)
2025-12-06 01:55:52.704 [main] DEBUG [tfms-truck-fleet-management-system] [] org.hibernate.SQL - 
    select
        ld1_0.id,
        ld1_0.address,
        ld1_0.city,
        ld1_0.created_at,
        ld1_0.is_active,
        ld1_0.latitude,
        ld1_0.longitude,
        ld1_0.postal_code,
        ld1_0.updated_at 
    from
        locations ld1_0 
    where
        ld1_0.postal_code=?
Hibernate: 
    select
        ld1_0.id,
        ld1_0.address,
        ld1_0.city,
        ld1_0.created_at,
        ld1_0.is_active,
        ld1_0.latitude,
        ld1_0.longitude,
        ld1_0.postal_code,
        ld1_0.updated_at 
    from
        locations ld1_0 
    where
        ld1_0.postal_code=?
2025-12-06 01:55:52.705 [main] DEBUG [tfms-truck-fleet-management-system] [] org.hibernate.SQL - 
    insert 
    into
        locations
        (address, city, created_at, is_active, latitude, longitude, postal_code, updated_at) 
    values
        (?, ?, ?, ?, ?, ?, ?, ?)
Hibernate: 
    insert 
    into
        locations
        (address, city, created_at, is_active, latitude, longitude, postal_code, updated_at) 
    values
        (?, ?, ?, ?, ?, ?, ?, ?)
2025-12-06 01:55:52.707 [main] DEBUG [tfms-truck-fleet-management-system] [] org.hibernate.SQL - 
    select
        pd1_0.id 
    from
        parcels pd1_0 
    where
        pd1_0.name=? 
    fetch
        first ? rows only
Hibernate: 
    select
        pd1_0.id 
    from
        parcels pd1_0 
    where
        pd1_0.name=? 
    fetch
        first ? rows only
2025-12-06 01:55:52.708 [main] DEBUG [tfms-truck-fleet-management-system] [] org.hibernate.SQL - 
    insert 
    into
        parcels
        (active, created_at, delivery_instructions, delivery_location_id, estimated_travel_time, name, planned_delivery_date, recipient_name, recipient_phone, status, stop_id, updated_at, volume, warehouse_id, weight) 
    values
        (?, ?, ?, ?, ?, ?, ?, ?, ?, ?, ?, ?, ?, ?, ?)
Hibernate: 
    insert 
    into
        parcels
        (active, created_at, delivery_instructions, delivery_location_id, estimated_travel_time, name, planned_delivery_date, recipient_name, recipient_phone, status, stop_id, updated_at, volume, warehouse_id, weight) 
    values
        (?, ?, ?, ?, ?, ?, ?, ?, ?, ?, ?, ?, ?, ?, ?)
2025-12-06 01:55:52.711 [main] DEBUG [tfms-truck-fleet-management-system] [] org.hibernate.SQL - 
    select
        ld1_0.id,
        ld1_0.address,
        ld1_0.city,
        ld1_0.created_at,
        ld1_0.is_active,
        ld1_0.latitude,
        ld1_0.longitude,
        ld1_0.postal_code,
        ld1_0.updated_at 
    from
        locations ld1_0 
    where
        ld1_0.postal_code=?
Hibernate: 
    select
        ld1_0.id,
        ld1_0.address,
        ld1_0.city,
        ld1_0.created_at,
        ld1_0.is_active,
        ld1_0.latitude,
        ld1_0.longitude,
        ld1_0.postal_code,
        ld1_0.updated_at 
    from
        locations ld1_0 
    where
        ld1_0.postal_code=?
2025-12-06 01:55:52.712 [main] DEBUG [tfms-truck-fleet-management-system] [] org.hibernate.SQL - 
    insert 
    into
        locations
        (address, city, created_at, is_active, latitude, longitude, postal_code, updated_at) 
    values
        (?, ?, ?, ?, ?, ?, ?, ?)
Hibernate: 
    insert 
    into
        locations
        (address, city, created_at, is_active, latitude, longitude, postal_code, updated_at) 
    values
        (?, ?, ?, ?, ?, ?, ?, ?)
2025-12-06 01:55:52.716 [main] DEBUG [tfms-truck-fleet-management-system] [] org.hibernate.SQL - 
    select
        pd1_0.id 
    from
        parcels pd1_0 
    where
        pd1_0.name=? 
    fetch
        first ? rows only
Hibernate: 
    select
        pd1_0.id 
    from
        parcels pd1_0 
    where
        pd1_0.name=? 
    fetch
        first ? rows only
2025-12-06 01:55:52.717 [main] DEBUG [tfms-truck-fleet-management-system] [] org.hibernate.SQL - 
    insert 
    into
        parcels
        (active, created_at, delivery_instructions, delivery_location_id, estimated_travel_time, name, planned_delivery_date, recipient_name, recipient_phone, status, stop_id, updated_at, volume, warehouse_id, weight) 
    values
        (?, ?, ?, ?, ?, ?, ?, ?, ?, ?, ?, ?, ?, ?, ?)
Hibernate: 
    insert 
    into
        parcels
        (active, created_at, delivery_instructions, delivery_location_id, estimated_travel_time, name, planned_delivery_date, recipient_name, recipient_phone, status, stop_id, updated_at, volume, warehouse_id, weight) 
    values
        (?, ?, ?, ?, ?, ?, ?, ?, ?, ?, ?, ?, ?, ?, ?)
2025-12-06 01:55:52.721 [main] DEBUG [tfms-truck-fleet-management-system] [] org.hibernate.SQL - 
    select
        ld1_0.id,
        ld1_0.address,
        ld1_0.city,
        ld1_0.created_at,
        ld1_0.is_active,
        ld1_0.latitude,
        ld1_0.longitude,
        ld1_0.postal_code,
        ld1_0.updated_at 
    from
        locations ld1_0 
    where
        ld1_0.postal_code=?
Hibernate: 
    select
        ld1_0.id,
        ld1_0.address,
        ld1_0.city,
        ld1_0.created_at,
        ld1_0.is_active,
        ld1_0.latitude,
        ld1_0.longitude,
        ld1_0.postal_code,
        ld1_0.updated_at 
    from
        locations ld1_0 
    where
        ld1_0.postal_code=?
2025-12-06 01:55:52.722 [main] DEBUG [tfms-truck-fleet-management-system] [] org.hibernate.SQL - 
    insert 
    into
        locations
        (address, city, created_at, is_active, latitude, longitude, postal_code, updated_at) 
    values
        (?, ?, ?, ?, ?, ?, ?, ?)
Hibernate: 
    insert 
    into
        locations
        (address, city, created_at, is_active, latitude, longitude, postal_code, updated_at) 
    values
        (?, ?, ?, ?, ?, ?, ?, ?)
2025-12-06 01:55:52.724 [main] DEBUG [tfms-truck-fleet-management-system] [] org.hibernate.SQL - 
    select
        pd1_0.id 
    from
        parcels pd1_0 
    where
        pd1_0.name=? 
    fetch
        first ? rows only
Hibernate: 
    select
        pd1_0.id 
    from
        parcels pd1_0 
    where
        pd1_0.name=? 
    fetch
        first ? rows only
2025-12-06 01:55:52.725 [main] DEBUG [tfms-truck-fleet-management-system] [] org.hibernate.SQL - 
    insert 
    into
        parcels
        (active, created_at, delivery_instructions, delivery_location_id, estimated_travel_time, name, planned_delivery_date, recipient_name, recipient_phone, status, stop_id, updated_at, volume, warehouse_id, weight) 
    values
        (?, ?, ?, ?, ?, ?, ?, ?, ?, ?, ?, ?, ?, ?, ?)
Hibernate: 
    insert 
    into
        parcels
        (active, created_at, delivery_instructions, delivery_location_id, estimated_travel_time, name, planned_delivery_date, recipient_name, recipient_phone, status, stop_id, updated_at, volume, warehouse_id, weight) 
    values
        (?, ?, ?, ?, ?, ?, ?, ?, ?, ?, ?, ?, ?, ?, ?)
2025-12-06 01:55:52.728 [main] DEBUG [tfms-truck-fleet-management-system] [] org.hibernate.SQL - 
    select
        ld1_0.id,
        ld1_0.address,
        ld1_0.city,
        ld1_0.created_at,
        ld1_0.is_active,
        ld1_0.latitude,
        ld1_0.longitude,
        ld1_0.postal_code,
        ld1_0.updated_at 
    from
        locations ld1_0 
    where
        ld1_0.postal_code=?
Hibernate: 
    select
        ld1_0.id,
        ld1_0.address,
        ld1_0.city,
        ld1_0.created_at,
        ld1_0.is_active,
        ld1_0.latitude,
        ld1_0.longitude,
        ld1_0.postal_code,
        ld1_0.updated_at 
    from
        locations ld1_0 
    where
        ld1_0.postal_code=?
2025-12-06 01:55:52.729 [main] DEBUG [tfms-truck-fleet-management-system] [] org.hibernate.SQL - 
    insert 
    into
        locations
        (address, city, created_at, is_active, latitude, longitude, postal_code, updated_at) 
    values
        (?, ?, ?, ?, ?, ?, ?, ?)
Hibernate: 
    insert 
    into
        locations
        (address, city, created_at, is_active, latitude, longitude, postal_code, updated_at) 
    values
        (?, ?, ?, ?, ?, ?, ?, ?)
2025-12-06 01:55:52.731 [main] DEBUG [tfms-truck-fleet-management-system] [] org.hibernate.SQL - 
    select
        pd1_0.id 
    from
        parcels pd1_0 
    where
        pd1_0.name=? 
    fetch
        first ? rows only
Hibernate: 
    select
        pd1_0.id 
    from
        parcels pd1_0 
    where
        pd1_0.name=? 
    fetch
        first ? rows only
2025-12-06 01:55:52.732 [main] DEBUG [tfms-truck-fleet-management-system] [] org.hibernate.SQL - 
    insert 
    into
        parcels
        (active, created_at, delivery_instructions, delivery_location_id, estimated_travel_time, name, planned_delivery_date, recipient_name, recipient_phone, status, stop_id, updated_at, volume, warehouse_id, weight) 
    values
        (?, ?, ?, ?, ?, ?, ?, ?, ?, ?, ?, ?, ?, ?, ?)
Hibernate: 
    insert 
    into
        parcels
        (active, created_at, delivery_instructions, delivery_location_id, estimated_travel_time, name, planned_delivery_date, recipient_name, recipient_phone, status, stop_id, updated_at, volume, warehouse_id, weight) 
    values
        (?, ?, ?, ?, ?, ?, ?, ?, ?, ?, ?, ?, ?, ?, ?)
2025-12-06 01:55:52.734 [main] DEBUG [tfms-truck-fleet-management-system] [] org.hibernate.SQL - 
    select
        ld1_0.id,
        ld1_0.address,
        ld1_0.city,
        ld1_0.created_at,
        ld1_0.is_active,
        ld1_0.latitude,
        ld1_0.longitude,
        ld1_0.postal_code,
        ld1_0.updated_at 
    from
        locations ld1_0 
    where
        ld1_0.postal_code=?
Hibernate: 
    select
        ld1_0.id,
        ld1_0.address,
        ld1_0.city,
        ld1_0.created_at,
        ld1_0.is_active,
        ld1_0.latitude,
        ld1_0.longitude,
        ld1_0.postal_code,
        ld1_0.updated_at 
    from
        locations ld1_0 
    where
        ld1_0.postal_code=?
2025-12-06 01:55:52.735 [main] DEBUG [tfms-truck-fleet-management-system] [] org.hibernate.SQL - 
    insert 
    into
        locations
        (address, city, created_at, is_active, latitude, longitude, postal_code, updated_at) 
    values
        (?, ?, ?, ?, ?, ?, ?, ?)
Hibernate: 
    insert 
    into
        locations
        (address, city, created_at, is_active, latitude, longitude, postal_code, updated_at) 
    values
        (?, ?, ?, ?, ?, ?, ?, ?)
2025-12-06 01:55:52.737 [main] DEBUG [tfms-truck-fleet-management-system] [] org.hibernate.SQL - 
    select
        pd1_0.id 
    from
        parcels pd1_0 
    where
        pd1_0.name=? 
    fetch
        first ? rows only
Hibernate: 
    select
        pd1_0.id 
    from
        parcels pd1_0 
    where
        pd1_0.name=? 
    fetch
        first ? rows only
2025-12-06 01:55:52.738 [main] DEBUG [tfms-truck-fleet-management-system] [] org.hibernate.SQL - 
    insert 
    into
        parcels
        (active, created_at, delivery_instructions, delivery_location_id, estimated_travel_time, name, planned_delivery_date, recipient_name, recipient_phone, status, stop_id, updated_at, volume, warehouse_id, weight) 
    values
        (?, ?, ?, ?, ?, ?, ?, ?, ?, ?, ?, ?, ?, ?, ?)
Hibernate: 
    insert 
    into
        parcels
        (active, created_at, delivery_instructions, delivery_location_id, estimated_travel_time, name, planned_delivery_date, recipient_name, recipient_phone, status, stop_id, updated_at, volume, warehouse_id, weight) 
    values
        (?, ?, ?, ?, ?, ?, ?, ?, ?, ?, ?, ?, ?, ?, ?)
2025-12-06 01:55:52.741 [main] DEBUG [tfms-truck-fleet-management-system] [] org.hibernate.SQL - 
    select
        ld1_0.id,
        ld1_0.address,
        ld1_0.city,
        ld1_0.created_at,
        ld1_0.is_active,
        ld1_0.latitude,
        ld1_0.longitude,
        ld1_0.postal_code,
        ld1_0.updated_at 
    from
        locations ld1_0 
    where
        ld1_0.postal_code=?
Hibernate: 
    select
        ld1_0.id,
        ld1_0.address,
        ld1_0.city,
        ld1_0.created_at,
        ld1_0.is_active,
        ld1_0.latitude,
        ld1_0.longitude,
        ld1_0.postal_code,
        ld1_0.updated_at 
    from
        locations ld1_0 
    where
        ld1_0.postal_code=?
2025-12-06 01:55:52.742 [main] DEBUG [tfms-truck-fleet-management-system] [] org.hibernate.SQL - 
    insert 
    into
        locations
        (address, city, created_at, is_active, latitude, longitude, postal_code, updated_at) 
    values
        (?, ?, ?, ?, ?, ?, ?, ?)
Hibernate: 
    insert 
    into
        locations
        (address, city, created_at, is_active, latitude, longitude, postal_code, updated_at) 
    values
        (?, ?, ?, ?, ?, ?, ?, ?)
2025-12-06 01:55:52.744 [main] DEBUG [tfms-truck-fleet-management-system] [] org.hibernate.SQL - 
    select
        pd1_0.id 
    from
        parcels pd1_0 
    where
        pd1_0.name=? 
    fetch
        first ? rows only
Hibernate: 
    select
        pd1_0.id 
    from
        parcels pd1_0 
    where
        pd1_0.name=? 
    fetch
        first ? rows only
2025-12-06 01:55:52.745 [main] DEBUG [tfms-truck-fleet-management-system] [] org.hibernate.SQL - 
    insert 
    into
        parcels
        (active, created_at, delivery_instructions, delivery_location_id, estimated_travel_time, name, planned_delivery_date, recipient_name, recipient_phone, status, stop_id, updated_at, volume, warehouse_id, weight) 
    values
        (?, ?, ?, ?, ?, ?, ?, ?, ?, ?, ?, ?, ?, ?, ?)
Hibernate: 
    insert 
    into
        parcels
        (active, created_at, delivery_instructions, delivery_location_id, estimated_travel_time, name, planned_delivery_date, recipient_name, recipient_phone, status, stop_id, updated_at, volume, warehouse_id, weight) 
    values
        (?, ?, ?, ?, ?, ?, ?, ?, ?, ?, ?, ?, ?, ?, ?)
2025-12-06 01:55:52.748 [main] DEBUG [tfms-truck-fleet-management-system] [] org.hibernate.SQL - 
    select
        ld1_0.id,
        ld1_0.address,
        ld1_0.city,
        ld1_0.created_at,
        ld1_0.is_active,
        ld1_0.latitude,
        ld1_0.longitude,
        ld1_0.postal_code,
        ld1_0.updated_at 
    from
        locations ld1_0 
    where
        ld1_0.postal_code=?
Hibernate: 
    select
        ld1_0.id,
        ld1_0.address,
        ld1_0.city,
        ld1_0.created_at,
        ld1_0.is_active,
        ld1_0.latitude,
        ld1_0.longitude,
        ld1_0.postal_code,
        ld1_0.updated_at 
    from
        locations ld1_0 
    where
        ld1_0.postal_code=?
2025-12-06 01:55:52.749 [main] DEBUG [tfms-truck-fleet-management-system] [] org.hibernate.SQL - 
    insert 
    into
        locations
        (address, city, created_at, is_active, latitude, longitude, postal_code, updated_at) 
    values
        (?, ?, ?, ?, ?, ?, ?, ?)
Hibernate: 
    insert 
    into
        locations
        (address, city, created_at, is_active, latitude, longitude, postal_code, updated_at) 
    values
        (?, ?, ?, ?, ?, ?, ?, ?)
2025-12-06 01:55:52.751 [main] DEBUG [tfms-truck-fleet-management-system] [] org.hibernate.SQL - 
    select
        pd1_0.id 
    from
        parcels pd1_0 
    where
        pd1_0.name=? 
    fetch
        first ? rows only
Hibernate: 
    select
        pd1_0.id 
    from
        parcels pd1_0 
    where
        pd1_0.name=? 
    fetch
        first ? rows only
2025-12-06 01:55:52.752 [main] DEBUG [tfms-truck-fleet-management-system] [] org.hibernate.SQL - 
    insert 
    into
        parcels
        (active, created_at, delivery_instructions, delivery_location_id, estimated_travel_time, name, planned_delivery_date, recipient_name, recipient_phone, status, stop_id, updated_at, volume, warehouse_id, weight) 
    values
        (?, ?, ?, ?, ?, ?, ?, ?, ?, ?, ?, ?, ?, ?, ?)
Hibernate: 
    insert 
    into
        parcels
        (active, created_at, delivery_instructions, delivery_location_id, estimated_travel_time, name, planned_delivery_date, recipient_name, recipient_phone, status, stop_id, updated_at, volume, warehouse_id, weight) 
    values
        (?, ?, ?, ?, ?, ?, ?, ?, ?, ?, ?, ?, ?, ?, ?)
2025-12-06 01:55:52.755 [main] DEBUG [tfms-truck-fleet-management-system] [] org.hibernate.SQL - 
    select
        ld1_0.id,
        ld1_0.address,
        ld1_0.city,
        ld1_0.created_at,
        ld1_0.is_active,
        ld1_0.latitude,
        ld1_0.longitude,
        ld1_0.postal_code,
        ld1_0.updated_at 
    from
        locations ld1_0 
    where
        ld1_0.postal_code=?
Hibernate: 
    select
        ld1_0.id,
        ld1_0.address,
        ld1_0.city,
        ld1_0.created_at,
        ld1_0.is_active,
        ld1_0.latitude,
        ld1_0.longitude,
        ld1_0.postal_code,
        ld1_0.updated_at 
    from
        locations ld1_0 
    where
        ld1_0.postal_code=?
2025-12-06 01:55:52.756 [main] DEBUG [tfms-truck-fleet-management-system] [] org.hibernate.SQL - 
    insert 
    into
        locations
        (address, city, created_at, is_active, latitude, longitude, postal_code, updated_at) 
    values
        (?, ?, ?, ?, ?, ?, ?, ?)
Hibernate: 
    insert 
    into
        locations
        (address, city, created_at, is_active, latitude, longitude, postal_code, updated_at) 
    values
        (?, ?, ?, ?, ?, ?, ?, ?)
2025-12-06 01:55:52.758 [main] DEBUG [tfms-truck-fleet-management-system] [] org.hibernate.SQL - 
    select
        pd1_0.id 
    from
        parcels pd1_0 
    where
        pd1_0.name=? 
    fetch
        first ? rows only
Hibernate: 
    select
        pd1_0.id 
    from
        parcels pd1_0 
    where
        pd1_0.name=? 
    fetch
        first ? rows only
2025-12-06 01:55:52.759 [main] DEBUG [tfms-truck-fleet-management-system] [] org.hibernate.SQL - 
    insert 
    into
        parcels
        (active, created_at, delivery_instructions, delivery_location_id, estimated_travel_time, name, planned_delivery_date, recipient_name, recipient_phone, status, stop_id, updated_at, volume, warehouse_id, weight) 
    values
        (?, ?, ?, ?, ?, ?, ?, ?, ?, ?, ?, ?, ?, ?, ?)
Hibernate: 
    insert 
    into
        parcels
        (active, created_at, delivery_instructions, delivery_location_id, estimated_travel_time, name, planned_delivery_date, recipient_name, recipient_phone, status, stop_id, updated_at, volume, warehouse_id, weight) 
    values
        (?, ?, ?, ?, ?, ?, ?, ?, ?, ?, ?, ?, ?, ?, ?)
2025-12-06 01:55:52.761 [main] DEBUG [tfms-truck-fleet-management-system] [] org.hibernate.SQL - 
    select
        ld1_0.id,
        ld1_0.address,
        ld1_0.city,
        ld1_0.created_at,
        ld1_0.is_active,
        ld1_0.latitude,
        ld1_0.longitude,
        ld1_0.postal_code,
        ld1_0.updated_at 
    from
        locations ld1_0 
    where
        ld1_0.postal_code=?
Hibernate: 
    select
        ld1_0.id,
        ld1_0.address,
        ld1_0.city,
        ld1_0.created_at,
        ld1_0.is_active,
        ld1_0.latitude,
        ld1_0.longitude,
        ld1_0.postal_code,
        ld1_0.updated_at 
    from
        locations ld1_0 
    where
        ld1_0.postal_code=?
2025-12-06 01:55:52.762 [main] DEBUG [tfms-truck-fleet-management-system] [] org.hibernate.SQL - 
    insert 
    into
        locations
        (address, city, created_at, is_active, latitude, longitude, postal_code, updated_at) 
    values
        (?, ?, ?, ?, ?, ?, ?, ?)
Hibernate: 
    insert 
    into
        locations
        (address, city, created_at, is_active, latitude, longitude, postal_code, updated_at) 
    values
        (?, ?, ?, ?, ?, ?, ?, ?)
2025-12-06 01:55:52.764 [main] DEBUG [tfms-truck-fleet-management-system] [] org.hibernate.SQL - 
    select
        pd1_0.id 
    from
        parcels pd1_0 
    where
        pd1_0.name=? 
    fetch
        first ? rows only
Hibernate: 
    select
        pd1_0.id 
    from
        parcels pd1_0 
    where
        pd1_0.name=? 
    fetch
        first ? rows only
2025-12-06 01:55:52.765 [main] DEBUG [tfms-truck-fleet-management-system] [] org.hibernate.SQL - 
    insert 
    into
        parcels
        (active, created_at, delivery_instructions, delivery_location_id, estimated_travel_time, name, planned_delivery_date, recipient_name, recipient_phone, status, stop_id, updated_at, volume, warehouse_id, weight) 
    values
        (?, ?, ?, ?, ?, ?, ?, ?, ?, ?, ?, ?, ?, ?, ?)
Hibernate: 
    insert 
    into
        parcels
        (active, created_at, delivery_instructions, delivery_location_id, estimated_travel_time, name, planned_delivery_date, recipient_name, recipient_phone, status, stop_id, updated_at, volume, warehouse_id, weight) 
    values
        (?, ?, ?, ?, ?, ?, ?, ?, ?, ?, ?, ?, ?, ?, ?)
2025-12-06 01:55:52.768 [main] DEBUG [tfms-truck-fleet-management-system] [] org.hibernate.SQL - 
    select
        ld1_0.id,
        ld1_0.address,
        ld1_0.city,
        ld1_0.created_at,
        ld1_0.is_active,
        ld1_0.latitude,
        ld1_0.longitude,
        ld1_0.postal_code,
        ld1_0.updated_at 
    from
        locations ld1_0 
    where
        ld1_0.postal_code=?
Hibernate: 
    select
        ld1_0.id,
        ld1_0.address,
        ld1_0.city,
        ld1_0.created_at,
        ld1_0.is_active,
        ld1_0.latitude,
        ld1_0.longitude,
        ld1_0.postal_code,
        ld1_0.updated_at 
    from
        locations ld1_0 
    where
        ld1_0.postal_code=?
2025-12-06 01:55:52.769 [main] DEBUG [tfms-truck-fleet-management-system] [] org.hibernate.SQL - 
    insert 
    into
        locations
        (address, city, created_at, is_active, latitude, longitude, postal_code, updated_at) 
    values
        (?, ?, ?, ?, ?, ?, ?, ?)
Hibernate: 
    insert 
    into
        locations
        (address, city, created_at, is_active, latitude, longitude, postal_code, updated_at) 
    values
        (?, ?, ?, ?, ?, ?, ?, ?)
2025-12-06 01:55:52.771 [main] DEBUG [tfms-truck-fleet-management-system] [] org.hibernate.SQL - 
    select
        pd1_0.id 
    from
        parcels pd1_0 
    where
        pd1_0.name=? 
    fetch
        first ? rows only
Hibernate: 
    select
        pd1_0.id 
    from
        parcels pd1_0 
    where
        pd1_0.name=? 
    fetch
        first ? rows only
2025-12-06 01:55:52.772 [main] DEBUG [tfms-truck-fleet-management-system] [] org.hibernate.SQL - 
    insert 
    into
        parcels
        (active, created_at, delivery_instructions, delivery_location_id, estimated_travel_time, name, planned_delivery_date, recipient_name, recipient_phone, status, stop_id, updated_at, volume, warehouse_id, weight) 
    values
        (?, ?, ?, ?, ?, ?, ?, ?, ?, ?, ?, ?, ?, ?, ?)
Hibernate: 
    insert 
    into
        parcels
        (active, created_at, delivery_instructions, delivery_location_id, estimated_travel_time, name, planned_delivery_date, recipient_name, recipient_phone, status, stop_id, updated_at, volume, warehouse_id, weight) 
    values
        (?, ?, ?, ?, ?, ?, ?, ?, ?, ?, ?, ?, ?, ?, ?)
2025-12-06 01:55:52.774 [main] DEBUG [tfms-truck-fleet-management-system] [] org.hibernate.SQL - 
    select
        ld1_0.id,
        ld1_0.address,
        ld1_0.city,
        ld1_0.created_at,
        ld1_0.is_active,
        ld1_0.latitude,
        ld1_0.longitude,
        ld1_0.postal_code,
        ld1_0.updated_at 
    from
        locations ld1_0 
    where
        ld1_0.postal_code=?
Hibernate: 
    select
        ld1_0.id,
        ld1_0.address,
        ld1_0.city,
        ld1_0.created_at,
        ld1_0.is_active,
        ld1_0.latitude,
        ld1_0.longitude,
        ld1_0.postal_code,
        ld1_0.updated_at 
    from
        locations ld1_0 
    where
        ld1_0.postal_code=?
2025-12-06 01:55:52.775 [main] DEBUG [tfms-truck-fleet-management-system] [] org.hibernate.SQL - 
    insert 
    into
        locations
        (address, city, created_at, is_active, latitude, longitude, postal_code, updated_at) 
    values
        (?, ?, ?, ?, ?, ?, ?, ?)
Hibernate: 
    insert 
    into
        locations
        (address, city, created_at, is_active, latitude, longitude, postal_code, updated_at) 
    values
        (?, ?, ?, ?, ?, ?, ?, ?)
2025-12-06 01:55:52.777 [main] DEBUG [tfms-truck-fleet-management-system] [] org.hibernate.SQL - 
    select
        pd1_0.id 
    from
        parcels pd1_0 
    where
        pd1_0.name=? 
    fetch
        first ? rows only
Hibernate: 
    select
        pd1_0.id 
    from
        parcels pd1_0 
    where
        pd1_0.name=? 
    fetch
        first ? rows only
2025-12-06 01:55:52.778 [main] DEBUG [tfms-truck-fleet-management-system] [] org.hibernate.SQL - 
    insert 
    into
        parcels
        (active, created_at, delivery_instructions, delivery_location_id, estimated_travel_time, name, planned_delivery_date, recipient_name, recipient_phone, status, stop_id, updated_at, volume, warehouse_id, weight) 
    values
        (?, ?, ?, ?, ?, ?, ?, ?, ?, ?, ?, ?, ?, ?, ?)
Hibernate: 
    insert 
    into
        parcels
        (active, created_at, delivery_instructions, delivery_location_id, estimated_travel_time, name, planned_delivery_date, recipient_name, recipient_phone, status, stop_id, updated_at, volume, warehouse_id, weight) 
    values
        (?, ?, ?, ?, ?, ?, ?, ?, ?, ?, ?, ?, ?, ?, ?)
Created 20 parcels for Warehouse-Rotterdam in Rotterdam
2025-12-06 01:55:52.780 [main] DEBUG [tfms-truck-fleet-management-system] [] org.hibernate.SQL - 
    select
        ld1_0.id,
        ld1_0.address,
        ld1_0.city,
        ld1_0.created_at,
        ld1_0.is_active,
        ld1_0.latitude,
        ld1_0.longitude,
        ld1_0.postal_code,
        ld1_0.updated_at 
    from
        locations ld1_0 
    where
        ld1_0.postal_code=?
Hibernate: 
    select
        ld1_0.id,
        ld1_0.address,
        ld1_0.city,
        ld1_0.created_at,
        ld1_0.is_active,
        ld1_0.latitude,
        ld1_0.longitude,
        ld1_0.postal_code,
        ld1_0.updated_at 
    from
        locations ld1_0 
    where
        ld1_0.postal_code=?
2025-12-06 01:55:52.781 [main] DEBUG [tfms-truck-fleet-management-system] [] org.hibernate.SQL - 
    insert 
    into
        locations
        (address, city, created_at, is_active, latitude, longitude, postal_code, updated_at) 
    values
        (?, ?, ?, ?, ?, ?, ?, ?)
Hibernate: 
    insert 
    into
        locations
        (address, city, created_at, is_active, latitude, longitude, postal_code, updated_at) 
    values
        (?, ?, ?, ?, ?, ?, ?, ?)
2025-12-06 01:55:52.783 [main] DEBUG [tfms-truck-fleet-management-system] [] org.hibernate.SQL - 
    select
        whd1_0.id,
        whd1_0.active,
        whd1_0.created_at,
        whd1_0.location_id,
        whd1_0.name,
        whd1_0.updated_at 
    from
        warehouse whd1_0 
    where
        whd1_0.name=?
Hibernate: 
    select
        whd1_0.id,
        whd1_0.active,
        whd1_0.created_at,
        whd1_0.location_id,
        whd1_0.name,
        whd1_0.updated_at 
    from
        warehouse whd1_0 
    where
        whd1_0.name=?
2025-12-06 01:55:52.785 [main] DEBUG [tfms-truck-fleet-management-system] [] org.hibernate.SQL - 
    insert 
    into
        warehouse
        (active, created_at, location_id, name, updated_at) 
    values
        (?, ?, ?, ?, ?)
Hibernate: 
    insert 
    into
        warehouse
        (active, created_at, location_id, name, updated_at) 
    values
        (?, ?, ?, ?, ?)
2025-12-06 01:55:52.790 [main] DEBUG [tfms-truck-fleet-management-system] [] org.hibernate.SQL - 
    select
        ld1_0.id,
        ld1_0.address,
        ld1_0.city,
        ld1_0.created_at,
        ld1_0.is_active,
        ld1_0.latitude,
        ld1_0.longitude,
        ld1_0.postal_code,
        ld1_0.updated_at 
    from
        locations ld1_0 
    where
        ld1_0.postal_code=?
Hibernate: 
    select
        ld1_0.id,
        ld1_0.address,
        ld1_0.city,
        ld1_0.created_at,
        ld1_0.is_active,
        ld1_0.latitude,
        ld1_0.longitude,
        ld1_0.postal_code,
        ld1_0.updated_at 
    from
        locations ld1_0 
    where
        ld1_0.postal_code=?
2025-12-06 01:55:52.791 [main] DEBUG [tfms-truck-fleet-management-system] [] org.hibernate.SQL - 
    insert 
    into
        locations
        (address, city, created_at, is_active, latitude, longitude, postal_code, updated_at) 
    values
        (?, ?, ?, ?, ?, ?, ?, ?)
Hibernate: 
    insert 
    into
        locations
        (address, city, created_at, is_active, latitude, longitude, postal_code, updated_at) 
    values
        (?, ?, ?, ?, ?, ?, ?, ?)
2025-12-06 01:55:52.793 [main] DEBUG [tfms-truck-fleet-management-system] [] org.hibernate.SQL - 
    select
        pd1_0.id 
    from
        parcels pd1_0 
    where
        pd1_0.name=? 
    fetch
        first ? rows only
Hibernate: 
    select
        pd1_0.id 
    from
        parcels pd1_0 
    where
        pd1_0.name=? 
    fetch
        first ? rows only
2025-12-06 01:55:52.794 [main] DEBUG [tfms-truck-fleet-management-system] [] org.hibernate.SQL - 
    insert 
    into
        parcels
        (active, created_at, delivery_instructions, delivery_location_id, estimated_travel_time, name, planned_delivery_date, recipient_name, recipient_phone, status, stop_id, updated_at, volume, warehouse_id, weight) 
    values
        (?, ?, ?, ?, ?, ?, ?, ?, ?, ?, ?, ?, ?, ?, ?)
Hibernate: 
    insert 
    into
        parcels
        (active, created_at, delivery_instructions, delivery_location_id, estimated_travel_time, name, planned_delivery_date, recipient_name, recipient_phone, status, stop_id, updated_at, volume, warehouse_id, weight) 
    values
        (?, ?, ?, ?, ?, ?, ?, ?, ?, ?, ?, ?, ?, ?, ?)
2025-12-06 01:55:52.797 [main] DEBUG [tfms-truck-fleet-management-system] [] org.hibernate.SQL - 
    select
        ld1_0.id,
        ld1_0.address,
        ld1_0.city,
        ld1_0.created_at,
        ld1_0.is_active,
        ld1_0.latitude,
        ld1_0.longitude,
        ld1_0.postal_code,
        ld1_0.updated_at 
    from
        locations ld1_0 
    where
        ld1_0.postal_code=?
Hibernate: 
    select
        ld1_0.id,
        ld1_0.address,
        ld1_0.city,
        ld1_0.created_at,
        ld1_0.is_active,
        ld1_0.latitude,
        ld1_0.longitude,
        ld1_0.postal_code,
        ld1_0.updated_at 
    from
        locations ld1_0 
    where
        ld1_0.postal_code=?
2025-12-06 01:55:52.798 [main] DEBUG [tfms-truck-fleet-management-system] [] org.hibernate.SQL - 
    insert 
    into
        locations
        (address, city, created_at, is_active, latitude, longitude, postal_code, updated_at) 
    values
        (?, ?, ?, ?, ?, ?, ?, ?)
Hibernate: 
    insert 
    into
        locations
        (address, city, created_at, is_active, latitude, longitude, postal_code, updated_at) 
    values
        (?, ?, ?, ?, ?, ?, ?, ?)
2025-12-06 01:55:52.800 [main] DEBUG [tfms-truck-fleet-management-system] [] org.hibernate.SQL - 
    select
        pd1_0.id 
    from
        parcels pd1_0 
    where
        pd1_0.name=? 
    fetch
        first ? rows only
Hibernate: 
    select
        pd1_0.id 
    from
        parcels pd1_0 
    where
        pd1_0.name=? 
    fetch
        first ? rows only
2025-12-06 01:55:52.801 [main] DEBUG [tfms-truck-fleet-management-system] [] org.hibernate.SQL - 
    insert 
    into
        parcels
        (active, created_at, delivery_instructions, delivery_location_id, estimated_travel_time, name, planned_delivery_date, recipient_name, recipient_phone, status, stop_id, updated_at, volume, warehouse_id, weight) 
    values
        (?, ?, ?, ?, ?, ?, ?, ?, ?, ?, ?, ?, ?, ?, ?)
Hibernate: 
    insert 
    into
        parcels
        (active, created_at, delivery_instructions, delivery_location_id, estimated_travel_time, name, planned_delivery_date, recipient_name, recipient_phone, status, stop_id, updated_at, volume, warehouse_id, weight) 
    values
        (?, ?, ?, ?, ?, ?, ?, ?, ?, ?, ?, ?, ?, ?, ?)
2025-12-06 01:55:52.803 [main] DEBUG [tfms-truck-fleet-management-system] [] org.hibernate.SQL - 
    select
        ld1_0.id,
        ld1_0.address,
        ld1_0.city,
        ld1_0.created_at,
        ld1_0.is_active,
        ld1_0.latitude,
        ld1_0.longitude,
        ld1_0.postal_code,
        ld1_0.updated_at 
    from
        locations ld1_0 
    where
        ld1_0.postal_code=?
Hibernate: 
    select
        ld1_0.id,
        ld1_0.address,
        ld1_0.city,
        ld1_0.created_at,
        ld1_0.is_active,
        ld1_0.latitude,
        ld1_0.longitude,
        ld1_0.postal_code,
        ld1_0.updated_at 
    from
        locations ld1_0 
    where
        ld1_0.postal_code=?
2025-12-06 01:55:52.804 [main] DEBUG [tfms-truck-fleet-management-system] [] org.hibernate.SQL - 
    insert 
    into
        locations
        (address, city, created_at, is_active, latitude, longitude, postal_code, updated_at) 
    values
        (?, ?, ?, ?, ?, ?, ?, ?)
Hibernate: 
    insert 
    into
        locations
        (address, city, created_at, is_active, latitude, longitude, postal_code, updated_at) 
    values
        (?, ?, ?, ?, ?, ?, ?, ?)
2025-12-06 01:55:52.807 [main] DEBUG [tfms-truck-fleet-management-system] [] org.hibernate.SQL - 
    select
        pd1_0.id 
    from
        parcels pd1_0 
    where
        pd1_0.name=? 
    fetch
        first ? rows only
Hibernate: 
    select
        pd1_0.id 
    from
        parcels pd1_0 
    where
        pd1_0.name=? 
    fetch
        first ? rows only
2025-12-06 01:55:52.808 [main] DEBUG [tfms-truck-fleet-management-system] [] org.hibernate.SQL - 
    insert 
    into
        parcels
        (active, created_at, delivery_instructions, delivery_location_id, estimated_travel_time, name, planned_delivery_date, recipient_name, recipient_phone, status, stop_id, updated_at, volume, warehouse_id, weight) 
    values
        (?, ?, ?, ?, ?, ?, ?, ?, ?, ?, ?, ?, ?, ?, ?)
Hibernate: 
    insert 
    into
        parcels
        (active, created_at, delivery_instructions, delivery_location_id, estimated_travel_time, name, planned_delivery_date, recipient_name, recipient_phone, status, stop_id, updated_at, volume, warehouse_id, weight) 
    values
        (?, ?, ?, ?, ?, ?, ?, ?, ?, ?, ?, ?, ?, ?, ?)
2025-12-06 01:55:52.810 [main] DEBUG [tfms-truck-fleet-management-system] [] org.hibernate.SQL - 
    select
        ld1_0.id,
        ld1_0.address,
        ld1_0.city,
        ld1_0.created_at,
        ld1_0.is_active,
        ld1_0.latitude,
        ld1_0.longitude,
        ld1_0.postal_code,
        ld1_0.updated_at 
    from
        locations ld1_0 
    where
        ld1_0.postal_code=?
Hibernate: 
    select
        ld1_0.id,
        ld1_0.address,
        ld1_0.city,
        ld1_0.created_at,
        ld1_0.is_active,
        ld1_0.latitude,
        ld1_0.longitude,
        ld1_0.postal_code,
        ld1_0.updated_at 
    from
        locations ld1_0 
    where
        ld1_0.postal_code=?
2025-12-06 01:55:52.811 [main] DEBUG [tfms-truck-fleet-management-system] [] org.hibernate.SQL - 
    insert 
    into
        locations
        (address, city, created_at, is_active, latitude, longitude, postal_code, updated_at) 
    values
        (?, ?, ?, ?, ?, ?, ?, ?)
Hibernate: 
    insert 
    into
        locations
        (address, city, created_at, is_active, latitude, longitude, postal_code, updated_at) 
    values
        (?, ?, ?, ?, ?, ?, ?, ?)
2025-12-06 01:55:52.813 [main] DEBUG [tfms-truck-fleet-management-system] [] org.hibernate.SQL - 
    select
        pd1_0.id 
    from
        parcels pd1_0 
    where
        pd1_0.name=? 
    fetch
        first ? rows only
Hibernate: 
    select
        pd1_0.id 
    from
        parcels pd1_0 
    where
        pd1_0.name=? 
    fetch
        first ? rows only
2025-12-06 01:55:52.814 [main] DEBUG [tfms-truck-fleet-management-system] [] org.hibernate.SQL - 
    insert 
    into
        parcels
        (active, created_at, delivery_instructions, delivery_location_id, estimated_travel_time, name, planned_delivery_date, recipient_name, recipient_phone, status, stop_id, updated_at, volume, warehouse_id, weight) 
    values
        (?, ?, ?, ?, ?, ?, ?, ?, ?, ?, ?, ?, ?, ?, ?)
Hibernate: 
    insert 
    into
        parcels
        (active, created_at, delivery_instructions, delivery_location_id, estimated_travel_time, name, planned_delivery_date, recipient_name, recipient_phone, status, stop_id, updated_at, volume, warehouse_id, weight) 
    values
        (?, ?, ?, ?, ?, ?, ?, ?, ?, ?, ?, ?, ?, ?, ?)
2025-12-06 01:55:52.817 [main] DEBUG [tfms-truck-fleet-management-system] [] org.hibernate.SQL - 
    select
        ld1_0.id,
        ld1_0.address,
        ld1_0.city,
        ld1_0.created_at,
        ld1_0.is_active,
        ld1_0.latitude,
        ld1_0.longitude,
        ld1_0.postal_code,
        ld1_0.updated_at 
    from
        locations ld1_0 
    where
        ld1_0.postal_code=?
Hibernate: 
    select
        ld1_0.id,
        ld1_0.address,
        ld1_0.city,
        ld1_0.created_at,
        ld1_0.is_active,
        ld1_0.latitude,
        ld1_0.longitude,
        ld1_0.postal_code,
        ld1_0.updated_at 
    from
        locations ld1_0 
    where
        ld1_0.postal_code=?
2025-12-06 01:55:52.818 [main] DEBUG [tfms-truck-fleet-management-system] [] org.hibernate.SQL - 
    insert 
    into
        locations
        (address, city, created_at, is_active, latitude, longitude, postal_code, updated_at) 
    values
        (?, ?, ?, ?, ?, ?, ?, ?)
Hibernate: 
    insert 
    into
        locations
        (address, city, created_at, is_active, latitude, longitude, postal_code, updated_at) 
    values
        (?, ?, ?, ?, ?, ?, ?, ?)
2025-12-06 01:55:52.820 [main] DEBUG [tfms-truck-fleet-management-system] [] org.hibernate.SQL - 
    select
        pd1_0.id 
    from
        parcels pd1_0 
    where
        pd1_0.name=? 
    fetch
        first ? rows only
Hibernate: 
    select
        pd1_0.id 
    from
        parcels pd1_0 
    where
        pd1_0.name=? 
    fetch
        first ? rows only
2025-12-06 01:55:52.821 [main] DEBUG [tfms-truck-fleet-management-system] [] org.hibernate.SQL - 
    insert 
    into
        parcels
        (active, created_at, delivery_instructions, delivery_location_id, estimated_travel_time, name, planned_delivery_date, recipient_name, recipient_phone, status, stop_id, updated_at, volume, warehouse_id, weight) 
    values
        (?, ?, ?, ?, ?, ?, ?, ?, ?, ?, ?, ?, ?, ?, ?)
Hibernate: 
    insert 
    into
        parcels
        (active, created_at, delivery_instructions, delivery_location_id, estimated_travel_time, name, planned_delivery_date, recipient_name, recipient_phone, status, stop_id, updated_at, volume, warehouse_id, weight) 
    values
        (?, ?, ?, ?, ?, ?, ?, ?, ?, ?, ?, ?, ?, ?, ?)
2025-12-06 01:55:52.824 [main] DEBUG [tfms-truck-fleet-management-system] [] org.hibernate.SQL - 
    select
        ld1_0.id,
        ld1_0.address,
        ld1_0.city,
        ld1_0.created_at,
        ld1_0.is_active,
        ld1_0.latitude,
        ld1_0.longitude,
        ld1_0.postal_code,
        ld1_0.updated_at 
    from
        locations ld1_0 
    where
        ld1_0.postal_code=?
Hibernate: 
    select
        ld1_0.id,
        ld1_0.address,
        ld1_0.city,
        ld1_0.created_at,
        ld1_0.is_active,
        ld1_0.latitude,
        ld1_0.longitude,
        ld1_0.postal_code,
        ld1_0.updated_at 
    from
        locations ld1_0 
    where
        ld1_0.postal_code=?
2025-12-06 01:55:52.825 [main] DEBUG [tfms-truck-fleet-management-system] [] org.hibernate.SQL - 
    insert 
    into
        locations
        (address, city, created_at, is_active, latitude, longitude, postal_code, updated_at) 
    values
        (?, ?, ?, ?, ?, ?, ?, ?)
Hibernate: 
    insert 
    into
        locations
        (address, city, created_at, is_active, latitude, longitude, postal_code, updated_at) 
    values
        (?, ?, ?, ?, ?, ?, ?, ?)
2025-12-06 01:55:52.827 [main] DEBUG [tfms-truck-fleet-management-system] [] org.hibernate.SQL - 
    select
        pd1_0.id 
    from
        parcels pd1_0 
    where
        pd1_0.name=? 
    fetch
        first ? rows only
Hibernate: 
    select
        pd1_0.id 
    from
        parcels pd1_0 
    where
        pd1_0.name=? 
    fetch
        first ? rows only
2025-12-06 01:55:52.828 [main] DEBUG [tfms-truck-fleet-management-system] [] org.hibernate.SQL - 
    insert 
    into
        parcels
        (active, created_at, delivery_instructions, delivery_location_id, estimated_travel_time, name, planned_delivery_date, recipient_name, recipient_phone, status, stop_id, updated_at, volume, warehouse_id, weight) 
    values
        (?, ?, ?, ?, ?, ?, ?, ?, ?, ?, ?, ?, ?, ?, ?)
Hibernate: 
    insert 
    into
        parcels
        (active, created_at, delivery_instructions, delivery_location_id, estimated_travel_time, name, planned_delivery_date, recipient_name, recipient_phone, status, stop_id, updated_at, volume, warehouse_id, weight) 
    values
        (?, ?, ?, ?, ?, ?, ?, ?, ?, ?, ?, ?, ?, ?, ?)
2025-12-06 01:55:52.831 [main] DEBUG [tfms-truck-fleet-management-system] [] org.hibernate.SQL - 
    select
        ld1_0.id,
        ld1_0.address,
        ld1_0.city,
        ld1_0.created_at,
        ld1_0.is_active,
        ld1_0.latitude,
        ld1_0.longitude,
        ld1_0.postal_code,
        ld1_0.updated_at 
    from
        locations ld1_0 
    where
        ld1_0.postal_code=?
Hibernate: 
    select
        ld1_0.id,
        ld1_0.address,
        ld1_0.city,
        ld1_0.created_at,
        ld1_0.is_active,
        ld1_0.latitude,
        ld1_0.longitude,
        ld1_0.postal_code,
        ld1_0.updated_at 
    from
        locations ld1_0 
    where
        ld1_0.postal_code=?
2025-12-06 01:55:52.832 [main] DEBUG [tfms-truck-fleet-management-system] [] org.hibernate.SQL - 
    insert 
    into
        locations
        (address, city, created_at, is_active, latitude, longitude, postal_code, updated_at) 
    values
        (?, ?, ?, ?, ?, ?, ?, ?)
Hibernate: 
    insert 
    into
        locations
        (address, city, created_at, is_active, latitude, longitude, postal_code, updated_at) 
    values
        (?, ?, ?, ?, ?, ?, ?, ?)
2025-12-06 01:55:52.834 [main] DEBUG [tfms-truck-fleet-management-system] [] org.hibernate.SQL - 
    select
        pd1_0.id 
    from
        parcels pd1_0 
    where
        pd1_0.name=? 
    fetch
        first ? rows only
Hibernate: 
    select
        pd1_0.id 
    from
        parcels pd1_0 
    where
        pd1_0.name=? 
    fetch
        first ? rows only
2025-12-06 01:55:52.835 [main] DEBUG [tfms-truck-fleet-management-system] [] org.hibernate.SQL - 
    insert 
    into
        parcels
        (active, created_at, delivery_instructions, delivery_location_id, estimated_travel_time, name, planned_delivery_date, recipient_name, recipient_phone, status, stop_id, updated_at, volume, warehouse_id, weight) 
    values
        (?, ?, ?, ?, ?, ?, ?, ?, ?, ?, ?, ?, ?, ?, ?)
Hibernate: 
    insert 
    into
        parcels
        (active, created_at, delivery_instructions, delivery_location_id, estimated_travel_time, name, planned_delivery_date, recipient_name, recipient_phone, status, stop_id, updated_at, volume, warehouse_id, weight) 
    values
        (?, ?, ?, ?, ?, ?, ?, ?, ?, ?, ?, ?, ?, ?, ?)
2025-12-06 01:55:52.837 [main] DEBUG [tfms-truck-fleet-management-system] [] org.hibernate.SQL - 
    select
        ld1_0.id,
        ld1_0.address,
        ld1_0.city,
        ld1_0.created_at,
        ld1_0.is_active,
        ld1_0.latitude,
        ld1_0.longitude,
        ld1_0.postal_code,
        ld1_0.updated_at 
    from
        locations ld1_0 
    where
        ld1_0.postal_code=?
Hibernate: 
    select
        ld1_0.id,
        ld1_0.address,
        ld1_0.city,
        ld1_0.created_at,
        ld1_0.is_active,
        ld1_0.latitude,
        ld1_0.longitude,
        ld1_0.postal_code,
        ld1_0.updated_at 
    from
        locations ld1_0 
    where
        ld1_0.postal_code=?
2025-12-06 01:55:52.838 [main] DEBUG [tfms-truck-fleet-management-system] [] org.hibernate.SQL - 
    insert 
    into
        locations
        (address, city, created_at, is_active, latitude, longitude, postal_code, updated_at) 
    values
        (?, ?, ?, ?, ?, ?, ?, ?)
Hibernate: 
    insert 
    into
        locations
        (address, city, created_at, is_active, latitude, longitude, postal_code, updated_at) 
    values
        (?, ?, ?, ?, ?, ?, ?, ?)
2025-12-06 01:55:52.840 [main] DEBUG [tfms-truck-fleet-management-system] [] org.hibernate.SQL - 
    select
        pd1_0.id 
    from
        parcels pd1_0 
    where
        pd1_0.name=? 
    fetch
        first ? rows only
Hibernate: 
    select
        pd1_0.id 
    from
        parcels pd1_0 
    where
        pd1_0.name=? 
    fetch
        first ? rows only
2025-12-06 01:55:52.841 [main] DEBUG [tfms-truck-fleet-management-system] [] org.hibernate.SQL - 
    insert 
    into
        parcels
        (active, created_at, delivery_instructions, delivery_location_id, estimated_travel_time, name, planned_delivery_date, recipient_name, recipient_phone, status, stop_id, updated_at, volume, warehouse_id, weight) 
    values
        (?, ?, ?, ?, ?, ?, ?, ?, ?, ?, ?, ?, ?, ?, ?)
Hibernate: 
    insert 
    into
        parcels
        (active, created_at, delivery_instructions, delivery_location_id, estimated_travel_time, name, planned_delivery_date, recipient_name, recipient_phone, status, stop_id, updated_at, volume, warehouse_id, weight) 
    values
        (?, ?, ?, ?, ?, ?, ?, ?, ?, ?, ?, ?, ?, ?, ?)
2025-12-06 01:55:52.844 [main] DEBUG [tfms-truck-fleet-management-system] [] org.hibernate.SQL - 
    select
        ld1_0.id,
        ld1_0.address,
        ld1_0.city,
        ld1_0.created_at,
        ld1_0.is_active,
        ld1_0.latitude,
        ld1_0.longitude,
        ld1_0.postal_code,
        ld1_0.updated_at 
    from
        locations ld1_0 
    where
        ld1_0.postal_code=?
Hibernate: 
    select
        ld1_0.id,
        ld1_0.address,
        ld1_0.city,
        ld1_0.created_at,
        ld1_0.is_active,
        ld1_0.latitude,
        ld1_0.longitude,
        ld1_0.postal_code,
        ld1_0.updated_at 
    from
        locations ld1_0 
    where
        ld1_0.postal_code=?
2025-12-06 01:55:52.845 [main] DEBUG [tfms-truck-fleet-management-system] [] org.hibernate.SQL - 
    insert 
    into
        locations
        (address, city, created_at, is_active, latitude, longitude, postal_code, updated_at) 
    values
        (?, ?, ?, ?, ?, ?, ?, ?)
Hibernate: 
    insert 
    into
        locations
        (address, city, created_at, is_active, latitude, longitude, postal_code, updated_at) 
    values
        (?, ?, ?, ?, ?, ?, ?, ?)
2025-12-06 01:55:52.847 [main] DEBUG [tfms-truck-fleet-management-system] [] org.hibernate.SQL - 
    select
        pd1_0.id 
    from
        parcels pd1_0 
    where
        pd1_0.name=? 
    fetch
        first ? rows only
Hibernate: 
    select
        pd1_0.id 
    from
        parcels pd1_0 
    where
        pd1_0.name=? 
    fetch
        first ? rows only
2025-12-06 01:55:52.848 [main] DEBUG [tfms-truck-fleet-management-system] [] org.hibernate.SQL - 
    insert 
    into
        parcels
        (active, created_at, delivery_instructions, delivery_location_id, estimated_travel_time, name, planned_delivery_date, recipient_name, recipient_phone, status, stop_id, updated_at, volume, warehouse_id, weight) 
    values
        (?, ?, ?, ?, ?, ?, ?, ?, ?, ?, ?, ?, ?, ?, ?)
Hibernate: 
    insert 
    into
        parcels
        (active, created_at, delivery_instructions, delivery_location_id, estimated_travel_time, name, planned_delivery_date, recipient_name, recipient_phone, status, stop_id, updated_at, volume, warehouse_id, weight) 
    values
        (?, ?, ?, ?, ?, ?, ?, ?, ?, ?, ?, ?, ?, ?, ?)
2025-12-06 01:55:52.851 [main] DEBUG [tfms-truck-fleet-management-system] [] org.hibernate.SQL - 
    select
        ld1_0.id,
        ld1_0.address,
        ld1_0.city,
        ld1_0.created_at,
        ld1_0.is_active,
        ld1_0.latitude,
        ld1_0.longitude,
        ld1_0.postal_code,
        ld1_0.updated_at 
    from
        locations ld1_0 
    where
        ld1_0.postal_code=?
Hibernate: 
    select
        ld1_0.id,
        ld1_0.address,
        ld1_0.city,
        ld1_0.created_at,
        ld1_0.is_active,
        ld1_0.latitude,
        ld1_0.longitude,
        ld1_0.postal_code,
        ld1_0.updated_at 
    from
        locations ld1_0 
    where
        ld1_0.postal_code=?
2025-12-06 01:55:52.852 [main] DEBUG [tfms-truck-fleet-management-system] [] org.hibernate.SQL - 
    insert 
    into
        locations
        (address, city, created_at, is_active, latitude, longitude, postal_code, updated_at) 
    values
        (?, ?, ?, ?, ?, ?, ?, ?)
Hibernate: 
    insert 
    into
        locations
        (address, city, created_at, is_active, latitude, longitude, postal_code, updated_at) 
    values
        (?, ?, ?, ?, ?, ?, ?, ?)
2025-12-06 01:55:52.855 [main] DEBUG [tfms-truck-fleet-management-system] [] org.hibernate.SQL - 
    select
        pd1_0.id 
    from
        parcels pd1_0 
    where
        pd1_0.name=? 
    fetch
        first ? rows only
Hibernate: 
    select
        pd1_0.id 
    from
        parcels pd1_0 
    where
        pd1_0.name=? 
    fetch
        first ? rows only
2025-12-06 01:55:52.858 [main] DEBUG [tfms-truck-fleet-management-system] [] org.hibernate.SQL - 
    insert 
    into
        parcels
        (active, created_at, delivery_instructions, delivery_location_id, estimated_travel_time, name, planned_delivery_date, recipient_name, recipient_phone, status, stop_id, updated_at, volume, warehouse_id, weight) 
    values
        (?, ?, ?, ?, ?, ?, ?, ?, ?, ?, ?, ?, ?, ?, ?)
Hibernate: 
    insert 
    into
        parcels
        (active, created_at, delivery_instructions, delivery_location_id, estimated_travel_time, name, planned_delivery_date, recipient_name, recipient_phone, status, stop_id, updated_at, volume, warehouse_id, weight) 
    values
        (?, ?, ?, ?, ?, ?, ?, ?, ?, ?, ?, ?, ?, ?, ?)
2025-12-06 01:55:52.862 [main] DEBUG [tfms-truck-fleet-management-system] [] org.hibernate.SQL - 
    select
        ld1_0.id,
        ld1_0.address,
        ld1_0.city,
        ld1_0.created_at,
        ld1_0.is_active,
        ld1_0.latitude,
        ld1_0.longitude,
        ld1_0.postal_code,
        ld1_0.updated_at 
    from
        locations ld1_0 
    where
        ld1_0.postal_code=?
Hibernate: 
    select
        ld1_0.id,
        ld1_0.address,
        ld1_0.city,
        ld1_0.created_at,
        ld1_0.is_active,
        ld1_0.latitude,
        ld1_0.longitude,
        ld1_0.postal_code,
        ld1_0.updated_at 
    from
        locations ld1_0 
    where
        ld1_0.postal_code=?
2025-12-06 01:55:52.863 [main] DEBUG [tfms-truck-fleet-management-system] [] org.hibernate.SQL - 
    insert 
    into
        locations
        (address, city, created_at, is_active, latitude, longitude, postal_code, updated_at) 
    values
        (?, ?, ?, ?, ?, ?, ?, ?)
Hibernate: 
    insert 
    into
        locations
        (address, city, created_at, is_active, latitude, longitude, postal_code, updated_at) 
    values
        (?, ?, ?, ?, ?, ?, ?, ?)
2025-12-06 01:55:52.865 [main] DEBUG [tfms-truck-fleet-management-system] [] org.hibernate.SQL - 
    select
        pd1_0.id 
    from
        parcels pd1_0 
    where
        pd1_0.name=? 
    fetch
        first ? rows only
Hibernate: 
    select
        pd1_0.id 
    from
        parcels pd1_0 
    where
        pd1_0.name=? 
    fetch
        first ? rows only
2025-12-06 01:55:52.866 [main] DEBUG [tfms-truck-fleet-management-system] [] org.hibernate.SQL - 
    insert 
    into
        parcels
        (active, created_at, delivery_instructions, delivery_location_id, estimated_travel_time, name, planned_delivery_date, recipient_name, recipient_phone, status, stop_id, updated_at, volume, warehouse_id, weight) 
    values
        (?, ?, ?, ?, ?, ?, ?, ?, ?, ?, ?, ?, ?, ?, ?)
Hibernate: 
    insert 
    into
        parcels
        (active, created_at, delivery_instructions, delivery_location_id, estimated_travel_time, name, planned_delivery_date, recipient_name, recipient_phone, status, stop_id, updated_at, volume, warehouse_id, weight) 
    values
        (?, ?, ?, ?, ?, ?, ?, ?, ?, ?, ?, ?, ?, ?, ?)
2025-12-06 01:55:52.868 [main] DEBUG [tfms-truck-fleet-management-system] [] org.hibernate.SQL - 
    select
        ld1_0.id,
        ld1_0.address,
        ld1_0.city,
        ld1_0.created_at,
        ld1_0.is_active,
        ld1_0.latitude,
        ld1_0.longitude,
        ld1_0.postal_code,
        ld1_0.updated_at 
    from
        locations ld1_0 
    where
        ld1_0.postal_code=?
Hibernate: 
    select
        ld1_0.id,
        ld1_0.address,
        ld1_0.city,
        ld1_0.created_at,
        ld1_0.is_active,
        ld1_0.latitude,
        ld1_0.longitude,
        ld1_0.postal_code,
        ld1_0.updated_at 
    from
        locations ld1_0 
    where
        ld1_0.postal_code=?
2025-12-06 01:55:52.869 [main] DEBUG [tfms-truck-fleet-management-system] [] org.hibernate.SQL - 
    insert 
    into
        locations
        (address, city, created_at, is_active, latitude, longitude, postal_code, updated_at) 
    values
        (?, ?, ?, ?, ?, ?, ?, ?)
Hibernate: 
    insert 
    into
        locations
        (address, city, created_at, is_active, latitude, longitude, postal_code, updated_at) 
    values
        (?, ?, ?, ?, ?, ?, ?, ?)
2025-12-06 01:55:52.871 [main] DEBUG [tfms-truck-fleet-management-system] [] org.hibernate.SQL - 
    select
        pd1_0.id 
    from
        parcels pd1_0 
    where
        pd1_0.name=? 
    fetch
        first ? rows only
Hibernate: 
    select
        pd1_0.id 
    from
        parcels pd1_0 
    where
        pd1_0.name=? 
    fetch
        first ? rows only
2025-12-06 01:55:52.872 [main] DEBUG [tfms-truck-fleet-management-system] [] org.hibernate.SQL - 
    insert 
    into
        parcels
        (active, created_at, delivery_instructions, delivery_location_id, estimated_travel_time, name, planned_delivery_date, recipient_name, recipient_phone, status, stop_id, updated_at, volume, warehouse_id, weight) 
    values
        (?, ?, ?, ?, ?, ?, ?, ?, ?, ?, ?, ?, ?, ?, ?)
Hibernate: 
    insert 
    into
        parcels
        (active, created_at, delivery_instructions, delivery_location_id, estimated_travel_time, name, planned_delivery_date, recipient_name, recipient_phone, status, stop_id, updated_at, volume, warehouse_id, weight) 
    values
        (?, ?, ?, ?, ?, ?, ?, ?, ?, ?, ?, ?, ?, ?, ?)
2025-12-06 01:55:52.874 [main] DEBUG [tfms-truck-fleet-management-system] [] org.hibernate.SQL - 
    select
        ld1_0.id,
        ld1_0.address,
        ld1_0.city,
        ld1_0.created_at,
        ld1_0.is_active,
        ld1_0.latitude,
        ld1_0.longitude,
        ld1_0.postal_code,
        ld1_0.updated_at 
    from
        locations ld1_0 
    where
        ld1_0.postal_code=?
Hibernate: 
    select
        ld1_0.id,
        ld1_0.address,
        ld1_0.city,
        ld1_0.created_at,
        ld1_0.is_active,
        ld1_0.latitude,
        ld1_0.longitude,
        ld1_0.postal_code,
        ld1_0.updated_at 
    from
        locations ld1_0 
    where
        ld1_0.postal_code=?
2025-12-06 01:55:52.875 [main] DEBUG [tfms-truck-fleet-management-system] [] org.hibernate.SQL - 
    insert 
    into
        locations
        (address, city, created_at, is_active, latitude, longitude, postal_code, updated_at) 
    values
        (?, ?, ?, ?, ?, ?, ?, ?)
Hibernate: 
    insert 
    into
        locations
        (address, city, created_at, is_active, latitude, longitude, postal_code, updated_at) 
    values
        (?, ?, ?, ?, ?, ?, ?, ?)
2025-12-06 01:55:52.877 [main] DEBUG [tfms-truck-fleet-management-system] [] org.hibernate.SQL - 
    select
        pd1_0.id 
    from
        parcels pd1_0 
    where
        pd1_0.name=? 
    fetch
        first ? rows only
Hibernate: 
    select
        pd1_0.id 
    from
        parcels pd1_0 
    where
        pd1_0.name=? 
    fetch
        first ? rows only
2025-12-06 01:55:52.878 [main] DEBUG [tfms-truck-fleet-management-system] [] org.hibernate.SQL - 
    insert 
    into
        parcels
        (active, created_at, delivery_instructions, delivery_location_id, estimated_travel_time, name, planned_delivery_date, recipient_name, recipient_phone, status, stop_id, updated_at, volume, warehouse_id, weight) 
    values
        (?, ?, ?, ?, ?, ?, ?, ?, ?, ?, ?, ?, ?, ?, ?)
Hibernate: 
    insert 
    into
        parcels
        (active, created_at, delivery_instructions, delivery_location_id, estimated_travel_time, name, planned_delivery_date, recipient_name, recipient_phone, status, stop_id, updated_at, volume, warehouse_id, weight) 
    values
        (?, ?, ?, ?, ?, ?, ?, ?, ?, ?, ?, ?, ?, ?, ?)
2025-12-06 01:55:52.880 [main] DEBUG [tfms-truck-fleet-management-system] [] org.hibernate.SQL - 
    select
        ld1_0.id,
        ld1_0.address,
        ld1_0.city,
        ld1_0.created_at,
        ld1_0.is_active,
        ld1_0.latitude,
        ld1_0.longitude,
        ld1_0.postal_code,
        ld1_0.updated_at 
    from
        locations ld1_0 
    where
        ld1_0.postal_code=?
Hibernate: 
    select
        ld1_0.id,
        ld1_0.address,
        ld1_0.city,
        ld1_0.created_at,
        ld1_0.is_active,
        ld1_0.latitude,
        ld1_0.longitude,
        ld1_0.postal_code,
        ld1_0.updated_at 
    from
        locations ld1_0 
    where
        ld1_0.postal_code=?
2025-12-06 01:55:52.881 [main] DEBUG [tfms-truck-fleet-management-system] [] org.hibernate.SQL - 
    insert 
    into
        locations
        (address, city, created_at, is_active, latitude, longitude, postal_code, updated_at) 
    values
        (?, ?, ?, ?, ?, ?, ?, ?)
Hibernate: 
    insert 
    into
        locations
        (address, city, created_at, is_active, latitude, longitude, postal_code, updated_at) 
    values
        (?, ?, ?, ?, ?, ?, ?, ?)
2025-12-06 01:55:52.884 [main] DEBUG [tfms-truck-fleet-management-system] [] org.hibernate.SQL - 
    select
        pd1_0.id 
    from
        parcels pd1_0 
    where
        pd1_0.name=? 
    fetch
        first ? rows only
Hibernate: 
    select
        pd1_0.id 
    from
        parcels pd1_0 
    where
        pd1_0.name=? 
    fetch
        first ? rows only
2025-12-06 01:55:52.886 [main] DEBUG [tfms-truck-fleet-management-system] [] org.hibernate.SQL - 
    insert 
    into
        parcels
        (active, created_at, delivery_instructions, delivery_location_id, estimated_travel_time, name, planned_delivery_date, recipient_name, recipient_phone, status, stop_id, updated_at, volume, warehouse_id, weight) 
    values
        (?, ?, ?, ?, ?, ?, ?, ?, ?, ?, ?, ?, ?, ?, ?)
Hibernate: 
    insert 
    into
        parcels
        (active, created_at, delivery_instructions, delivery_location_id, estimated_travel_time, name, planned_delivery_date, recipient_name, recipient_phone, status, stop_id, updated_at, volume, warehouse_id, weight) 
    values
        (?, ?, ?, ?, ?, ?, ?, ?, ?, ?, ?, ?, ?, ?, ?)
2025-12-06 01:55:52.890 [main] DEBUG [tfms-truck-fleet-management-system] [] org.hibernate.SQL - 
    select
        ld1_0.id,
        ld1_0.address,
        ld1_0.city,
        ld1_0.created_at,
        ld1_0.is_active,
        ld1_0.latitude,
        ld1_0.longitude,
        ld1_0.postal_code,
        ld1_0.updated_at 
    from
        locations ld1_0 
    where
        ld1_0.postal_code=?
Hibernate: 
    select
        ld1_0.id,
        ld1_0.address,
        ld1_0.city,
        ld1_0.created_at,
        ld1_0.is_active,
        ld1_0.latitude,
        ld1_0.longitude,
        ld1_0.postal_code,
        ld1_0.updated_at 
    from
        locations ld1_0 
    where
        ld1_0.postal_code=?
2025-12-06 01:55:52.891 [main] DEBUG [tfms-truck-fleet-management-system] [] org.hibernate.SQL - 
    insert 
    into
        locations
        (address, city, created_at, is_active, latitude, longitude, postal_code, updated_at) 
    values
        (?, ?, ?, ?, ?, ?, ?, ?)
Hibernate: 
    insert 
    into
        locations
        (address, city, created_at, is_active, latitude, longitude, postal_code, updated_at) 
    values
        (?, ?, ?, ?, ?, ?, ?, ?)
2025-12-06 01:55:52.896 [main] DEBUG [tfms-truck-fleet-management-system] [] org.hibernate.SQL - 
    select
        pd1_0.id 
    from
        parcels pd1_0 
    where
        pd1_0.name=? 
    fetch
        first ? rows only
Hibernate: 
    select
        pd1_0.id 
    from
        parcels pd1_0 
    where
        pd1_0.name=? 
    fetch
        first ? rows only
2025-12-06 01:55:52.898 [main] DEBUG [tfms-truck-fleet-management-system] [] org.hibernate.SQL - 
    insert 
    into
        parcels
        (active, created_at, delivery_instructions, delivery_location_id, estimated_travel_time, name, planned_delivery_date, recipient_name, recipient_phone, status, stop_id, updated_at, volume, warehouse_id, weight) 
    values
        (?, ?, ?, ?, ?, ?, ?, ?, ?, ?, ?, ?, ?, ?, ?)
Hibernate: 
    insert 
    into
        parcels
        (active, created_at, delivery_instructions, delivery_location_id, estimated_travel_time, name, planned_delivery_date, recipient_name, recipient_phone, status, stop_id, updated_at, volume, warehouse_id, weight) 
    values
        (?, ?, ?, ?, ?, ?, ?, ?, ?, ?, ?, ?, ?, ?, ?)
2025-12-06 01:55:52.915 [main] DEBUG [tfms-truck-fleet-management-system] [] org.hibernate.SQL - 
    select
        ld1_0.id,
        ld1_0.address,
        ld1_0.city,
        ld1_0.created_at,
        ld1_0.is_active,
        ld1_0.latitude,
        ld1_0.longitude,
        ld1_0.postal_code,
        ld1_0.updated_at 
    from
        locations ld1_0 
    where
        ld1_0.postal_code=?
Hibernate: 
    select
        ld1_0.id,
        ld1_0.address,
        ld1_0.city,
        ld1_0.created_at,
        ld1_0.is_active,
        ld1_0.latitude,
        ld1_0.longitude,
        ld1_0.postal_code,
        ld1_0.updated_at 
    from
        locations ld1_0 
    where
        ld1_0.postal_code=?
2025-12-06 01:55:52.918 [main] DEBUG [tfms-truck-fleet-management-system] [] org.hibernate.SQL - 
    insert 
    into
        locations
        (address, city, created_at, is_active, latitude, longitude, postal_code, updated_at) 
    values
        (?, ?, ?, ?, ?, ?, ?, ?)
Hibernate: 
    insert 
    into
        locations
        (address, city, created_at, is_active, latitude, longitude, postal_code, updated_at) 
    values
        (?, ?, ?, ?, ?, ?, ?, ?)
2025-12-06 01:55:52.923 [main] DEBUG [tfms-truck-fleet-management-system] [] org.hibernate.SQL - 
    select
        pd1_0.id 
    from
        parcels pd1_0 
    where
        pd1_0.name=? 
    fetch
        first ? rows only
Hibernate: 
    select
        pd1_0.id 
    from
        parcels pd1_0 
    where
        pd1_0.name=? 
    fetch
        first ? rows only
2025-12-06 01:55:52.930 [main] DEBUG [tfms-truck-fleet-management-system] [] org.hibernate.SQL - 
    insert 
    into
        parcels
        (active, created_at, delivery_instructions, delivery_location_id, estimated_travel_time, name, planned_delivery_date, recipient_name, recipient_phone, status, stop_id, updated_at, volume, warehouse_id, weight) 
    values
        (?, ?, ?, ?, ?, ?, ?, ?, ?, ?, ?, ?, ?, ?, ?)
Hibernate: 
    insert 
    into
        parcels
        (active, created_at, delivery_instructions, delivery_location_id, estimated_travel_time, name, planned_delivery_date, recipient_name, recipient_phone, status, stop_id, updated_at, volume, warehouse_id, weight) 
    values
        (?, ?, ?, ?, ?, ?, ?, ?, ?, ?, ?, ?, ?, ?, ?)
2025-12-06 01:55:52.940 [main] DEBUG [tfms-truck-fleet-management-system] [] org.hibernate.SQL - 
    select
        ld1_0.id,
        ld1_0.address,
        ld1_0.city,
        ld1_0.created_at,
        ld1_0.is_active,
        ld1_0.latitude,
        ld1_0.longitude,
        ld1_0.postal_code,
        ld1_0.updated_at 
    from
        locations ld1_0 
    where
        ld1_0.postal_code=?
Hibernate: 
    select
        ld1_0.id,
        ld1_0.address,
        ld1_0.city,
        ld1_0.created_at,
        ld1_0.is_active,
        ld1_0.latitude,
        ld1_0.longitude,
        ld1_0.postal_code,
        ld1_0.updated_at 
    from
        locations ld1_0 
    where
        ld1_0.postal_code=?
2025-12-06 01:55:52.943 [main] DEBUG [tfms-truck-fleet-management-system] [] org.hibernate.SQL - 
    insert 
    into
        locations
        (address, city, created_at, is_active, latitude, longitude, postal_code, updated_at) 
    values
        (?, ?, ?, ?, ?, ?, ?, ?)
Hibernate: 
    insert 
    into
        locations
        (address, city, created_at, is_active, latitude, longitude, postal_code, updated_at) 
    values
        (?, ?, ?, ?, ?, ?, ?, ?)
2025-12-06 01:55:52.952 [main] DEBUG [tfms-truck-fleet-management-system] [] org.hibernate.SQL - 
    select
        pd1_0.id 
    from
        parcels pd1_0 
    where
        pd1_0.name=? 
    fetch
        first ? rows only
Hibernate: 
    select
        pd1_0.id 
    from
        parcels pd1_0 
    where
        pd1_0.name=? 
    fetch
        first ? rows only
2025-12-06 01:55:52.954 [main] DEBUG [tfms-truck-fleet-management-system] [] org.hibernate.SQL - 
    insert 
    into
        parcels
        (active, created_at, delivery_instructions, delivery_location_id, estimated_travel_time, name, planned_delivery_date, recipient_name, recipient_phone, status, stop_id, updated_at, volume, warehouse_id, weight) 
    values
        (?, ?, ?, ?, ?, ?, ?, ?, ?, ?, ?, ?, ?, ?, ?)
Hibernate: 
    insert 
    into
        parcels
        (active, created_at, delivery_instructions, delivery_location_id, estimated_travel_time, name, planned_delivery_date, recipient_name, recipient_phone, status, stop_id, updated_at, volume, warehouse_id, weight) 
    values
        (?, ?, ?, ?, ?, ?, ?, ?, ?, ?, ?, ?, ?, ?, ?)
2025-12-06 01:55:52.962 [main] DEBUG [tfms-truck-fleet-management-system] [] org.hibernate.SQL - 
    select
        ld1_0.id,
        ld1_0.address,
        ld1_0.city,
        ld1_0.created_at,
        ld1_0.is_active,
        ld1_0.latitude,
        ld1_0.longitude,
        ld1_0.postal_code,
        ld1_0.updated_at 
    from
        locations ld1_0 
    where
        ld1_0.postal_code=?
Hibernate: 
    select
        ld1_0.id,
        ld1_0.address,
        ld1_0.city,
        ld1_0.created_at,
        ld1_0.is_active,
        ld1_0.latitude,
        ld1_0.longitude,
        ld1_0.postal_code,
        ld1_0.updated_at 
    from
        locations ld1_0 
    where
        ld1_0.postal_code=?
2025-12-06 01:55:52.964 [main] DEBUG [tfms-truck-fleet-management-system] [] org.hibernate.SQL - 
    insert 
    into
        locations
        (address, city, created_at, is_active, latitude, longitude, postal_code, updated_at) 
    values
        (?, ?, ?, ?, ?, ?, ?, ?)
Hibernate: 
    insert 
    into
        locations
        (address, city, created_at, is_active, latitude, longitude, postal_code, updated_at) 
    values
        (?, ?, ?, ?, ?, ?, ?, ?)
2025-12-06 01:55:52.968 [main] DEBUG [tfms-truck-fleet-management-system] [] org.hibernate.SQL - 
    select
        pd1_0.id 
    from
        parcels pd1_0 
    where
        pd1_0.name=? 
    fetch
        first ? rows only
Hibernate: 
    select
        pd1_0.id 
    from
        parcels pd1_0 
    where
        pd1_0.name=? 
    fetch
        first ? rows only
2025-12-06 01:55:52.970 [main] DEBUG [tfms-truck-fleet-management-system] [] org.hibernate.SQL - 
    insert 
    into
        parcels
        (active, created_at, delivery_instructions, delivery_location_id, estimated_travel_time, name, planned_delivery_date, recipient_name, recipient_phone, status, stop_id, updated_at, volume, warehouse_id, weight) 
    values
        (?, ?, ?, ?, ?, ?, ?, ?, ?, ?, ?, ?, ?, ?, ?)
Hibernate: 
    insert 
    into
        parcels
        (active, created_at, delivery_instructions, delivery_location_id, estimated_travel_time, name, planned_delivery_date, recipient_name, recipient_phone, status, stop_id, updated_at, volume, warehouse_id, weight) 
    values
        (?, ?, ?, ?, ?, ?, ?, ?, ?, ?, ?, ?, ?, ?, ?)
2025-12-06 01:55:52.978 [main] DEBUG [tfms-truck-fleet-management-system] [] org.hibernate.SQL - 
    select
        ld1_0.id,
        ld1_0.address,
        ld1_0.city,
        ld1_0.created_at,
        ld1_0.is_active,
        ld1_0.latitude,
        ld1_0.longitude,
        ld1_0.postal_code,
        ld1_0.updated_at 
    from
        locations ld1_0 
    where
        ld1_0.postal_code=?
Hibernate: 
    select
        ld1_0.id,
        ld1_0.address,
        ld1_0.city,
        ld1_0.created_at,
        ld1_0.is_active,
        ld1_0.latitude,
        ld1_0.longitude,
        ld1_0.postal_code,
        ld1_0.updated_at 
    from
        locations ld1_0 
    where
        ld1_0.postal_code=?
2025-12-06 01:55:52.981 [main] DEBUG [tfms-truck-fleet-management-system] [] org.hibernate.SQL - 
    insert 
    into
        locations
        (address, city, created_at, is_active, latitude, longitude, postal_code, updated_at) 
    values
        (?, ?, ?, ?, ?, ?, ?, ?)
Hibernate: 
    insert 
    into
        locations
        (address, city, created_at, is_active, latitude, longitude, postal_code, updated_at) 
    values
        (?, ?, ?, ?, ?, ?, ?, ?)
2025-12-06 01:55:52.991 [main] DEBUG [tfms-truck-fleet-management-system] [] org.hibernate.SQL - 
    select
        pd1_0.id 
    from
        parcels pd1_0 
    where
        pd1_0.name=? 
    fetch
        first ? rows only
Hibernate: 
    select
        pd1_0.id 
    from
        parcels pd1_0 
    where
        pd1_0.name=? 
    fetch
        first ? rows only
2025-12-06 01:55:52.993 [main] DEBUG [tfms-truck-fleet-management-system] [] org.hibernate.SQL - 
    insert 
    into
        parcels
        (active, created_at, delivery_instructions, delivery_location_id, estimated_travel_time, name, planned_delivery_date, recipient_name, recipient_phone, status, stop_id, updated_at, volume, warehouse_id, weight) 
    values
        (?, ?, ?, ?, ?, ?, ?, ?, ?, ?, ?, ?, ?, ?, ?)
Hibernate: 
    insert 
    into
        parcels
        (active, created_at, delivery_instructions, delivery_location_id, estimated_travel_time, name, planned_delivery_date, recipient_name, recipient_phone, status, stop_id, updated_at, volume, warehouse_id, weight) 
    values
        (?, ?, ?, ?, ?, ?, ?, ?, ?, ?, ?, ?, ?, ?, ?)
2025-12-06 01:55:53.010 [main] DEBUG [tfms-truck-fleet-management-system] [] org.hibernate.SQL - 
    select
        ld1_0.id,
        ld1_0.address,
        ld1_0.city,
        ld1_0.created_at,
        ld1_0.is_active,
        ld1_0.latitude,
        ld1_0.longitude,
        ld1_0.postal_code,
        ld1_0.updated_at 
    from
        locations ld1_0 
    where
        ld1_0.postal_code=?
Hibernate: 
    select
        ld1_0.id,
        ld1_0.address,
        ld1_0.city,
        ld1_0.created_at,
        ld1_0.is_active,
        ld1_0.latitude,
        ld1_0.longitude,
        ld1_0.postal_code,
        ld1_0.updated_at 
    from
        locations ld1_0 
    where
        ld1_0.postal_code=?
2025-12-06 01:55:53.015 [main] DEBUG [tfms-truck-fleet-management-system] [] org.hibernate.SQL - 
    insert 
    into
        locations
        (address, city, created_at, is_active, latitude, longitude, postal_code, updated_at) 
    values
        (?, ?, ?, ?, ?, ?, ?, ?)
Hibernate: 
    insert 
    into
        locations
        (address, city, created_at, is_active, latitude, longitude, postal_code, updated_at) 
    values
        (?, ?, ?, ?, ?, ?, ?, ?)
2025-12-06 01:55:53.023 [main] DEBUG [tfms-truck-fleet-management-system] [] org.hibernate.SQL - 
    select
        pd1_0.id 
    from
        parcels pd1_0 
    where
        pd1_0.name=? 
    fetch
        first ? rows only
Hibernate: 
    select
        pd1_0.id 
    from
        parcels pd1_0 
    where
        pd1_0.name=? 
    fetch
        first ? rows only
2025-12-06 01:55:53.025 [main] DEBUG [tfms-truck-fleet-management-system] [] org.hibernate.SQL - 
    insert 
    into
        parcels
        (active, created_at, delivery_instructions, delivery_location_id, estimated_travel_time, name, planned_delivery_date, recipient_name, recipient_phone, status, stop_id, updated_at, volume, warehouse_id, weight) 
    values
        (?, ?, ?, ?, ?, ?, ?, ?, ?, ?, ?, ?, ?, ?, ?)
Hibernate: 
    insert 
    into
        parcels
        (active, created_at, delivery_instructions, delivery_location_id, estimated_travel_time, name, planned_delivery_date, recipient_name, recipient_phone, status, stop_id, updated_at, volume, warehouse_id, weight) 
    values
        (?, ?, ?, ?, ?, ?, ?, ?, ?, ?, ?, ?, ?, ?, ?)
Created 20 parcels for Warehouse-Utrecht in Utrecht
2025-12-06 01:55:53.035 [main] DEBUG [tfms-truck-fleet-management-system] [] org.hibernate.SQL - 
    select
        ld1_0.id,
        ld1_0.address,
        ld1_0.city,
        ld1_0.created_at,
        ld1_0.is_active,
        ld1_0.latitude,
        ld1_0.longitude,
        ld1_0.postal_code,
        ld1_0.updated_at 
    from
        locations ld1_0 
    where
        ld1_0.postal_code=?
Hibernate: 
    select
        ld1_0.id,
        ld1_0.address,
        ld1_0.city,
        ld1_0.created_at,
        ld1_0.is_active,
        ld1_0.latitude,
        ld1_0.longitude,
        ld1_0.postal_code,
        ld1_0.updated_at 
    from
        locations ld1_0 
    where
        ld1_0.postal_code=?
2025-12-06 01:55:53.038 [main] DEBUG [tfms-truck-fleet-management-system] [] org.hibernate.SQL - 
    insert 
    into
        locations
        (address, city, created_at, is_active, latitude, longitude, postal_code, updated_at) 
    values
        (?, ?, ?, ?, ?, ?, ?, ?)
Hibernate: 
    insert 
    into
        locations
        (address, city, created_at, is_active, latitude, longitude, postal_code, updated_at) 
    values
        (?, ?, ?, ?, ?, ?, ?, ?)
2025-12-06 01:55:53.044 [main] DEBUG [tfms-truck-fleet-management-system] [] org.hibernate.SQL - 
    select
        whd1_0.id,
        whd1_0.active,
        whd1_0.created_at,
        whd1_0.location_id,
        whd1_0.name,
        whd1_0.updated_at 
    from
        warehouse whd1_0 
    where
        whd1_0.name=?
Hibernate: 
    select
        whd1_0.id,
        whd1_0.active,
        whd1_0.created_at,
        whd1_0.location_id,
        whd1_0.name,
        whd1_0.updated_at 
    from
        warehouse whd1_0 
    where
        whd1_0.name=?
2025-12-06 01:55:53.046 [main] DEBUG [tfms-truck-fleet-management-system] [] org.hibernate.SQL - 
    insert 
    into
        warehouse
        (active, created_at, location_id, name, updated_at) 
    values
        (?, ?, ?, ?, ?)
Hibernate: 
    insert 
    into
        warehouse
        (active, created_at, location_id, name, updated_at) 
    values
        (?, ?, ?, ?, ?)
2025-12-06 01:55:53.049 [main] DEBUG [tfms-truck-fleet-management-system] [] org.hibernate.SQL - 
    select
        ld1_0.id,
        ld1_0.address,
        ld1_0.city,
        ld1_0.created_at,
        ld1_0.is_active,
        ld1_0.latitude,
        ld1_0.longitude,
        ld1_0.postal_code,
        ld1_0.updated_at 
    from
        locations ld1_0 
    where
        ld1_0.postal_code=?
Hibernate: 
    select
        ld1_0.id,
        ld1_0.address,
        ld1_0.city,
        ld1_0.created_at,
        ld1_0.is_active,
        ld1_0.latitude,
        ld1_0.longitude,
        ld1_0.postal_code,
        ld1_0.updated_at 
    from
        locations ld1_0 
    where
        ld1_0.postal_code=?
2025-12-06 01:55:53.050 [main] DEBUG [tfms-truck-fleet-management-system] [] org.hibernate.SQL - 
    insert 
    into
        locations
        (address, city, created_at, is_active, latitude, longitude, postal_code, updated_at) 
    values
        (?, ?, ?, ?, ?, ?, ?, ?)
Hibernate: 
    insert 
    into
        locations
        (address, city, created_at, is_active, latitude, longitude, postal_code, updated_at) 
    values
        (?, ?, ?, ?, ?, ?, ?, ?)
2025-12-06 01:55:53.054 [main] DEBUG [tfms-truck-fleet-management-system] [] org.hibernate.SQL - 
    select
        pd1_0.id 
    from
        parcels pd1_0 
    where
        pd1_0.name=? 
    fetch
        first ? rows only
Hibernate: 
    select
        pd1_0.id 
    from
        parcels pd1_0 
    where
        pd1_0.name=? 
    fetch
        first ? rows only
2025-12-06 01:55:53.056 [main] DEBUG [tfms-truck-fleet-management-system] [] org.hibernate.SQL - 
    insert 
    into
        parcels
        (active, created_at, delivery_instructions, delivery_location_id, estimated_travel_time, name, planned_delivery_date, recipient_name, recipient_phone, status, stop_id, updated_at, volume, warehouse_id, weight) 
    values
        (?, ?, ?, ?, ?, ?, ?, ?, ?, ?, ?, ?, ?, ?, ?)
Hibernate: 
    insert 
    into
        parcels
        (active, created_at, delivery_instructions, delivery_location_id, estimated_travel_time, name, planned_delivery_date, recipient_name, recipient_phone, status, stop_id, updated_at, volume, warehouse_id, weight) 
    values
        (?, ?, ?, ?, ?, ?, ?, ?, ?, ?, ?, ?, ?, ?, ?)
2025-12-06 01:55:53.062 [main] DEBUG [tfms-truck-fleet-management-system] [] org.hibernate.SQL - 
    select
        ld1_0.id,
        ld1_0.address,
        ld1_0.city,
        ld1_0.created_at,
        ld1_0.is_active,
        ld1_0.latitude,
        ld1_0.longitude,
        ld1_0.postal_code,
        ld1_0.updated_at 
    from
        locations ld1_0 
    where
        ld1_0.postal_code=?
Hibernate: 
    select
        ld1_0.id,
        ld1_0.address,
        ld1_0.city,
        ld1_0.created_at,
        ld1_0.is_active,
        ld1_0.latitude,
        ld1_0.longitude,
        ld1_0.postal_code,
        ld1_0.updated_at 
    from
        locations ld1_0 
    where
        ld1_0.postal_code=?
2025-12-06 01:55:53.063 [main] DEBUG [tfms-truck-fleet-management-system] [] org.hibernate.SQL - 
    insert 
    into
        locations
        (address, city, created_at, is_active, latitude, longitude, postal_code, updated_at) 
    values
        (?, ?, ?, ?, ?, ?, ?, ?)
Hibernate: 
    insert 
    into
        locations
        (address, city, created_at, is_active, latitude, longitude, postal_code, updated_at) 
    values
        (?, ?, ?, ?, ?, ?, ?, ?)
2025-12-06 01:55:53.066 [main] DEBUG [tfms-truck-fleet-management-system] [] org.hibernate.SQL - 
    select
        pd1_0.id 
    from
        parcels pd1_0 
    where
        pd1_0.name=? 
    fetch
        first ? rows only
Hibernate: 
    select
        pd1_0.id 
    from
        parcels pd1_0 
    where
        pd1_0.name=? 
    fetch
        first ? rows only
2025-12-06 01:55:53.067 [main] DEBUG [tfms-truck-fleet-management-system] [] org.hibernate.SQL - 
    insert 
    into
        parcels
        (active, created_at, delivery_instructions, delivery_location_id, estimated_travel_time, name, planned_delivery_date, recipient_name, recipient_phone, status, stop_id, updated_at, volume, warehouse_id, weight) 
    values
        (?, ?, ?, ?, ?, ?, ?, ?, ?, ?, ?, ?, ?, ?, ?)
Hibernate: 
    insert 
    into
        parcels
        (active, created_at, delivery_instructions, delivery_location_id, estimated_travel_time, name, planned_delivery_date, recipient_name, recipient_phone, status, stop_id, updated_at, volume, warehouse_id, weight) 
    values
        (?, ?, ?, ?, ?, ?, ?, ?, ?, ?, ?, ?, ?, ?, ?)
2025-12-06 01:55:53.070 [main] DEBUG [tfms-truck-fleet-management-system] [] org.hibernate.SQL - 
    select
        ld1_0.id,
        ld1_0.address,
        ld1_0.city,
        ld1_0.created_at,
        ld1_0.is_active,
        ld1_0.latitude,
        ld1_0.longitude,
        ld1_0.postal_code,
        ld1_0.updated_at 
    from
        locations ld1_0 
    where
        ld1_0.postal_code=?
Hibernate: 
    select
        ld1_0.id,
        ld1_0.address,
        ld1_0.city,
        ld1_0.created_at,
        ld1_0.is_active,
        ld1_0.latitude,
        ld1_0.longitude,
        ld1_0.postal_code,
        ld1_0.updated_at 
    from
        locations ld1_0 
    where
        ld1_0.postal_code=?
2025-12-06 01:55:53.071 [main] DEBUG [tfms-truck-fleet-management-system] [] org.hibernate.SQL - 
    insert 
    into
        locations
        (address, city, created_at, is_active, latitude, longitude, postal_code, updated_at) 
    values
        (?, ?, ?, ?, ?, ?, ?, ?)
Hibernate: 
    insert 
    into
        locations
        (address, city, created_at, is_active, latitude, longitude, postal_code, updated_at) 
    values
        (?, ?, ?, ?, ?, ?, ?, ?)
2025-12-06 01:55:53.073 [main] DEBUG [tfms-truck-fleet-management-system] [] org.hibernate.SQL - 
    select
        pd1_0.id 
    from
        parcels pd1_0 
    where
        pd1_0.name=? 
    fetch
        first ? rows only
Hibernate: 
    select
        pd1_0.id 
    from
        parcels pd1_0 
    where
        pd1_0.name=? 
    fetch
        first ? rows only
2025-12-06 01:55:53.074 [main] DEBUG [tfms-truck-fleet-management-system] [] org.hibernate.SQL - 
    insert 
    into
        parcels
        (active, created_at, delivery_instructions, delivery_location_id, estimated_travel_time, name, planned_delivery_date, recipient_name, recipient_phone, status, stop_id, updated_at, volume, warehouse_id, weight) 
    values
        (?, ?, ?, ?, ?, ?, ?, ?, ?, ?, ?, ?, ?, ?, ?)
Hibernate: 
    insert 
    into
        parcels
        (active, created_at, delivery_instructions, delivery_location_id, estimated_travel_time, name, planned_delivery_date, recipient_name, recipient_phone, status, stop_id, updated_at, volume, warehouse_id, weight) 
    values
        (?, ?, ?, ?, ?, ?, ?, ?, ?, ?, ?, ?, ?, ?, ?)
2025-12-06 01:55:53.077 [main] DEBUG [tfms-truck-fleet-management-system] [] org.hibernate.SQL - 
    select
        ld1_0.id,
        ld1_0.address,
        ld1_0.city,
        ld1_0.created_at,
        ld1_0.is_active,
        ld1_0.latitude,
        ld1_0.longitude,
        ld1_0.postal_code,
        ld1_0.updated_at 
    from
        locations ld1_0 
    where
        ld1_0.postal_code=?
Hibernate: 
    select
        ld1_0.id,
        ld1_0.address,
        ld1_0.city,
        ld1_0.created_at,
        ld1_0.is_active,
        ld1_0.latitude,
        ld1_0.longitude,
        ld1_0.postal_code,
        ld1_0.updated_at 
    from
        locations ld1_0 
    where
        ld1_0.postal_code=?
2025-12-06 01:55:53.078 [main] DEBUG [tfms-truck-fleet-management-system] [] org.hibernate.SQL - 
    insert 
    into
        locations
        (address, city, created_at, is_active, latitude, longitude, postal_code, updated_at) 
    values
        (?, ?, ?, ?, ?, ?, ?, ?)
Hibernate: 
    insert 
    into
        locations
        (address, city, created_at, is_active, latitude, longitude, postal_code, updated_at) 
    values
        (?, ?, ?, ?, ?, ?, ?, ?)
2025-12-06 01:55:53.080 [main] DEBUG [tfms-truck-fleet-management-system] [] org.hibernate.SQL - 
    select
        pd1_0.id 
    from
        parcels pd1_0 
    where
        pd1_0.name=? 
    fetch
        first ? rows only
Hibernate: 
    select
        pd1_0.id 
    from
        parcels pd1_0 
    where
        pd1_0.name=? 
    fetch
        first ? rows only
2025-12-06 01:55:53.082 [main] DEBUG [tfms-truck-fleet-management-system] [] org.hibernate.SQL - 
    insert 
    into
        parcels
        (active, created_at, delivery_instructions, delivery_location_id, estimated_travel_time, name, planned_delivery_date, recipient_name, recipient_phone, status, stop_id, updated_at, volume, warehouse_id, weight) 
    values
        (?, ?, ?, ?, ?, ?, ?, ?, ?, ?, ?, ?, ?, ?, ?)
Hibernate: 
    insert 
    into
        parcels
        (active, created_at, delivery_instructions, delivery_location_id, estimated_travel_time, name, planned_delivery_date, recipient_name, recipient_phone, status, stop_id, updated_at, volume, warehouse_id, weight) 
    values
        (?, ?, ?, ?, ?, ?, ?, ?, ?, ?, ?, ?, ?, ?, ?)
2025-12-06 01:55:53.084 [main] DEBUG [tfms-truck-fleet-management-system] [] org.hibernate.SQL - 
    select
        ld1_0.id,
        ld1_0.address,
        ld1_0.city,
        ld1_0.created_at,
        ld1_0.is_active,
        ld1_0.latitude,
        ld1_0.longitude,
        ld1_0.postal_code,
        ld1_0.updated_at 
    from
        locations ld1_0 
    where
        ld1_0.postal_code=?
Hibernate: 
    select
        ld1_0.id,
        ld1_0.address,
        ld1_0.city,
        ld1_0.created_at,
        ld1_0.is_active,
        ld1_0.latitude,
        ld1_0.longitude,
        ld1_0.postal_code,
        ld1_0.updated_at 
    from
        locations ld1_0 
    where
        ld1_0.postal_code=?
2025-12-06 01:55:53.085 [main] DEBUG [tfms-truck-fleet-management-system] [] org.hibernate.SQL - 
    insert 
    into
        locations
        (address, city, created_at, is_active, latitude, longitude, postal_code, updated_at) 
    values
        (?, ?, ?, ?, ?, ?, ?, ?)
Hibernate: 
    insert 
    into
        locations
        (address, city, created_at, is_active, latitude, longitude, postal_code, updated_at) 
    values
        (?, ?, ?, ?, ?, ?, ?, ?)
2025-12-06 01:55:53.087 [main] DEBUG [tfms-truck-fleet-management-system] [] org.hibernate.SQL - 
    select
        pd1_0.id 
    from
        parcels pd1_0 
    where
        pd1_0.name=? 
    fetch
        first ? rows only
Hibernate: 
    select
        pd1_0.id 
    from
        parcels pd1_0 
    where
        pd1_0.name=? 
    fetch
        first ? rows only
2025-12-06 01:55:53.088 [main] DEBUG [tfms-truck-fleet-management-system] [] org.hibernate.SQL - 
    insert 
    into
        parcels
        (active, created_at, delivery_instructions, delivery_location_id, estimated_travel_time, name, planned_delivery_date, recipient_name, recipient_phone, status, stop_id, updated_at, volume, warehouse_id, weight) 
    values
        (?, ?, ?, ?, ?, ?, ?, ?, ?, ?, ?, ?, ?, ?, ?)
Hibernate: 
    insert 
    into
        parcels
        (active, created_at, delivery_instructions, delivery_location_id, estimated_travel_time, name, planned_delivery_date, recipient_name, recipient_phone, status, stop_id, updated_at, volume, warehouse_id, weight) 
    values
        (?, ?, ?, ?, ?, ?, ?, ?, ?, ?, ?, ?, ?, ?, ?)
2025-12-06 01:55:53.092 [main] DEBUG [tfms-truck-fleet-management-system] [] org.hibernate.SQL - 
    select
        ld1_0.id,
        ld1_0.address,
        ld1_0.city,
        ld1_0.created_at,
        ld1_0.is_active,
        ld1_0.latitude,
        ld1_0.longitude,
        ld1_0.postal_code,
        ld1_0.updated_at 
    from
        locations ld1_0 
    where
        ld1_0.postal_code=?
Hibernate: 
    select
        ld1_0.id,
        ld1_0.address,
        ld1_0.city,
        ld1_0.created_at,
        ld1_0.is_active,
        ld1_0.latitude,
        ld1_0.longitude,
        ld1_0.postal_code,
        ld1_0.updated_at 
    from
        locations ld1_0 
    where
        ld1_0.postal_code=?
2025-12-06 01:55:53.093 [main] DEBUG [tfms-truck-fleet-management-system] [] org.hibernate.SQL - 
    insert 
    into
        locations
        (address, city, created_at, is_active, latitude, longitude, postal_code, updated_at) 
    values
        (?, ?, ?, ?, ?, ?, ?, ?)
Hibernate: 
    insert 
    into
        locations
        (address, city, created_at, is_active, latitude, longitude, postal_code, updated_at) 
    values
        (?, ?, ?, ?, ?, ?, ?, ?)
2025-12-06 01:55:53.095 [main] DEBUG [tfms-truck-fleet-management-system] [] org.hibernate.SQL - 
    select
        pd1_0.id 
    from
        parcels pd1_0 
    where
        pd1_0.name=? 
    fetch
        first ? rows only
Hibernate: 
    select
        pd1_0.id 
    from
        parcels pd1_0 
    where
        pd1_0.name=? 
    fetch
        first ? rows only
2025-12-06 01:55:53.096 [main] DEBUG [tfms-truck-fleet-management-system] [] org.hibernate.SQL - 
    insert 
    into
        parcels
        (active, created_at, delivery_instructions, delivery_location_id, estimated_travel_time, name, planned_delivery_date, recipient_name, recipient_phone, status, stop_id, updated_at, volume, warehouse_id, weight) 
    values
        (?, ?, ?, ?, ?, ?, ?, ?, ?, ?, ?, ?, ?, ?, ?)
Hibernate: 
    insert 
    into
        parcels
        (active, created_at, delivery_instructions, delivery_location_id, estimated_travel_time, name, planned_delivery_date, recipient_name, recipient_phone, status, stop_id, updated_at, volume, warehouse_id, weight) 
    values
        (?, ?, ?, ?, ?, ?, ?, ?, ?, ?, ?, ?, ?, ?, ?)
2025-12-06 01:55:53.099 [main] DEBUG [tfms-truck-fleet-management-system] [] org.hibernate.SQL - 
    select
        ld1_0.id,
        ld1_0.address,
        ld1_0.city,
        ld1_0.created_at,
        ld1_0.is_active,
        ld1_0.latitude,
        ld1_0.longitude,
        ld1_0.postal_code,
        ld1_0.updated_at 
    from
        locations ld1_0 
    where
        ld1_0.postal_code=?
Hibernate: 
    select
        ld1_0.id,
        ld1_0.address,
        ld1_0.city,
        ld1_0.created_at,
        ld1_0.is_active,
        ld1_0.latitude,
        ld1_0.longitude,
        ld1_0.postal_code,
        ld1_0.updated_at 
    from
        locations ld1_0 
    where
        ld1_0.postal_code=?
2025-12-06 01:55:53.100 [main] DEBUG [tfms-truck-fleet-management-system] [] org.hibernate.SQL - 
    insert 
    into
        locations
        (address, city, created_at, is_active, latitude, longitude, postal_code, updated_at) 
    values
        (?, ?, ?, ?, ?, ?, ?, ?)
Hibernate: 
    insert 
    into
        locations
        (address, city, created_at, is_active, latitude, longitude, postal_code, updated_at) 
    values
        (?, ?, ?, ?, ?, ?, ?, ?)
2025-12-06 01:55:53.102 [main] DEBUG [tfms-truck-fleet-management-system] [] org.hibernate.SQL - 
    select
        pd1_0.id 
    from
        parcels pd1_0 
    where
        pd1_0.name=? 
    fetch
        first ? rows only
Hibernate: 
    select
        pd1_0.id 
    from
        parcels pd1_0 
    where
        pd1_0.name=? 
    fetch
        first ? rows only
2025-12-06 01:55:53.103 [main] DEBUG [tfms-truck-fleet-management-system] [] org.hibernate.SQL - 
    insert 
    into
        parcels
        (active, created_at, delivery_instructions, delivery_location_id, estimated_travel_time, name, planned_delivery_date, recipient_name, recipient_phone, status, stop_id, updated_at, volume, warehouse_id, weight) 
    values
        (?, ?, ?, ?, ?, ?, ?, ?, ?, ?, ?, ?, ?, ?, ?)
Hibernate: 
    insert 
    into
        parcels
        (active, created_at, delivery_instructions, delivery_location_id, estimated_travel_time, name, planned_delivery_date, recipient_name, recipient_phone, status, stop_id, updated_at, volume, warehouse_id, weight) 
    values
        (?, ?, ?, ?, ?, ?, ?, ?, ?, ?, ?, ?, ?, ?, ?)
2025-12-06 01:55:53.106 [main] DEBUG [tfms-truck-fleet-management-system] [] org.hibernate.SQL - 
    select
        ld1_0.id,
        ld1_0.address,
        ld1_0.city,
        ld1_0.created_at,
        ld1_0.is_active,
        ld1_0.latitude,
        ld1_0.longitude,
        ld1_0.postal_code,
        ld1_0.updated_at 
    from
        locations ld1_0 
    where
        ld1_0.postal_code=?
Hibernate: 
    select
        ld1_0.id,
        ld1_0.address,
        ld1_0.city,
        ld1_0.created_at,
        ld1_0.is_active,
        ld1_0.latitude,
        ld1_0.longitude,
        ld1_0.postal_code,
        ld1_0.updated_at 
    from
        locations ld1_0 
    where
        ld1_0.postal_code=?
2025-12-06 01:55:53.107 [main] DEBUG [tfms-truck-fleet-management-system] [] org.hibernate.SQL - 
    insert 
    into
        locations
        (address, city, created_at, is_active, latitude, longitude, postal_code, updated_at) 
    values
        (?, ?, ?, ?, ?, ?, ?, ?)
Hibernate: 
    insert 
    into
        locations
        (address, city, created_at, is_active, latitude, longitude, postal_code, updated_at) 
    values
        (?, ?, ?, ?, ?, ?, ?, ?)
2025-12-06 01:55:53.110 [main] DEBUG [tfms-truck-fleet-management-system] [] org.hibernate.SQL - 
    select
        pd1_0.id 
    from
        parcels pd1_0 
    where
        pd1_0.name=? 
    fetch
        first ? rows only
Hibernate: 
    select
        pd1_0.id 
    from
        parcels pd1_0 
    where
        pd1_0.name=? 
    fetch
        first ? rows only
2025-12-06 01:55:53.111 [main] DEBUG [tfms-truck-fleet-management-system] [] org.hibernate.SQL - 
    insert 
    into
        parcels
        (active, created_at, delivery_instructions, delivery_location_id, estimated_travel_time, name, planned_delivery_date, recipient_name, recipient_phone, status, stop_id, updated_at, volume, warehouse_id, weight) 
    values
        (?, ?, ?, ?, ?, ?, ?, ?, ?, ?, ?, ?, ?, ?, ?)
Hibernate: 
    insert 
    into
        parcels
        (active, created_at, delivery_instructions, delivery_location_id, estimated_travel_time, name, planned_delivery_date, recipient_name, recipient_phone, status, stop_id, updated_at, volume, warehouse_id, weight) 
    values
        (?, ?, ?, ?, ?, ?, ?, ?, ?, ?, ?, ?, ?, ?, ?)
2025-12-06 01:55:53.114 [main] DEBUG [tfms-truck-fleet-management-system] [] org.hibernate.SQL - 
    select
        ld1_0.id,
        ld1_0.address,
        ld1_0.city,
        ld1_0.created_at,
        ld1_0.is_active,
        ld1_0.latitude,
        ld1_0.longitude,
        ld1_0.postal_code,
        ld1_0.updated_at 
    from
        locations ld1_0 
    where
        ld1_0.postal_code=?
Hibernate: 
    select
        ld1_0.id,
        ld1_0.address,
        ld1_0.city,
        ld1_0.created_at,
        ld1_0.is_active,
        ld1_0.latitude,
        ld1_0.longitude,
        ld1_0.postal_code,
        ld1_0.updated_at 
    from
        locations ld1_0 
    where
        ld1_0.postal_code=?
2025-12-06 01:55:53.114 [main] DEBUG [tfms-truck-fleet-management-system] [] org.hibernate.SQL - 
    insert 
    into
        locations
        (address, city, created_at, is_active, latitude, longitude, postal_code, updated_at) 
    values
        (?, ?, ?, ?, ?, ?, ?, ?)
Hibernate: 
    insert 
    into
        locations
        (address, city, created_at, is_active, latitude, longitude, postal_code, updated_at) 
    values
        (?, ?, ?, ?, ?, ?, ?, ?)
2025-12-06 01:55:53.117 [main] DEBUG [tfms-truck-fleet-management-system] [] org.hibernate.SQL - 
    select
        pd1_0.id 
    from
        parcels pd1_0 
    where
        pd1_0.name=? 
    fetch
        first ? rows only
Hibernate: 
    select
        pd1_0.id 
    from
        parcels pd1_0 
    where
        pd1_0.name=? 
    fetch
        first ? rows only
2025-12-06 01:55:53.117 [main] DEBUG [tfms-truck-fleet-management-system] [] org.hibernate.SQL - 
    insert 
    into
        parcels
        (active, created_at, delivery_instructions, delivery_location_id, estimated_travel_time, name, planned_delivery_date, recipient_name, recipient_phone, status, stop_id, updated_at, volume, warehouse_id, weight) 
    values
        (?, ?, ?, ?, ?, ?, ?, ?, ?, ?, ?, ?, ?, ?, ?)
Hibernate: 
    insert 
    into
        parcels
        (active, created_at, delivery_instructions, delivery_location_id, estimated_travel_time, name, planned_delivery_date, recipient_name, recipient_phone, status, stop_id, updated_at, volume, warehouse_id, weight) 
    values
        (?, ?, ?, ?, ?, ?, ?, ?, ?, ?, ?, ?, ?, ?, ?)
2025-12-06 01:55:53.120 [main] DEBUG [tfms-truck-fleet-management-system] [] org.hibernate.SQL - 
    select
        ld1_0.id,
        ld1_0.address,
        ld1_0.city,
        ld1_0.created_at,
        ld1_0.is_active,
        ld1_0.latitude,
        ld1_0.longitude,
        ld1_0.postal_code,
        ld1_0.updated_at 
    from
        locations ld1_0 
    where
        ld1_0.postal_code=?
Hibernate: 
    select
        ld1_0.id,
        ld1_0.address,
        ld1_0.city,
        ld1_0.created_at,
        ld1_0.is_active,
        ld1_0.latitude,
        ld1_0.longitude,
        ld1_0.postal_code,
        ld1_0.updated_at 
    from
        locations ld1_0 
    where
        ld1_0.postal_code=?
2025-12-06 01:55:53.121 [main] DEBUG [tfms-truck-fleet-management-system] [] org.hibernate.SQL - 
    insert 
    into
        locations
        (address, city, created_at, is_active, latitude, longitude, postal_code, updated_at) 
    values
        (?, ?, ?, ?, ?, ?, ?, ?)
Hibernate: 
    insert 
    into
        locations
        (address, city, created_at, is_active, latitude, longitude, postal_code, updated_at) 
    values
        (?, ?, ?, ?, ?, ?, ?, ?)
2025-12-06 01:55:53.123 [main] DEBUG [tfms-truck-fleet-management-system] [] org.hibernate.SQL - 
    select
        pd1_0.id 
    from
        parcels pd1_0 
    where
        pd1_0.name=? 
    fetch
        first ? rows only
Hibernate: 
    select
        pd1_0.id 
    from
        parcels pd1_0 
    where
        pd1_0.name=? 
    fetch
        first ? rows only
2025-12-06 01:55:53.124 [main] DEBUG [tfms-truck-fleet-management-system] [] org.hibernate.SQL - 
    insert 
    into
        parcels
        (active, created_at, delivery_instructions, delivery_location_id, estimated_travel_time, name, planned_delivery_date, recipient_name, recipient_phone, status, stop_id, updated_at, volume, warehouse_id, weight) 
    values
        (?, ?, ?, ?, ?, ?, ?, ?, ?, ?, ?, ?, ?, ?, ?)
Hibernate: 
    insert 
    into
        parcels
        (active, created_at, delivery_instructions, delivery_location_id, estimated_travel_time, name, planned_delivery_date, recipient_name, recipient_phone, status, stop_id, updated_at, volume, warehouse_id, weight) 
    values
        (?, ?, ?, ?, ?, ?, ?, ?, ?, ?, ?, ?, ?, ?, ?)
2025-12-06 01:55:53.127 [main] DEBUG [tfms-truck-fleet-management-system] [] org.hibernate.SQL - 
    select
        ld1_0.id,
        ld1_0.address,
        ld1_0.city,
        ld1_0.created_at,
        ld1_0.is_active,
        ld1_0.latitude,
        ld1_0.longitude,
        ld1_0.postal_code,
        ld1_0.updated_at 
    from
        locations ld1_0 
    where
        ld1_0.postal_code=?
Hibernate: 
    select
        ld1_0.id,
        ld1_0.address,
        ld1_0.city,
        ld1_0.created_at,
        ld1_0.is_active,
        ld1_0.latitude,
        ld1_0.longitude,
        ld1_0.postal_code,
        ld1_0.updated_at 
    from
        locations ld1_0 
    where
        ld1_0.postal_code=?
2025-12-06 01:55:53.128 [main] DEBUG [tfms-truck-fleet-management-system] [] org.hibernate.SQL - 
    insert 
    into
        locations
        (address, city, created_at, is_active, latitude, longitude, postal_code, updated_at) 
    values
        (?, ?, ?, ?, ?, ?, ?, ?)
Hibernate: 
    insert 
    into
        locations
        (address, city, created_at, is_active, latitude, longitude, postal_code, updated_at) 
    values
        (?, ?, ?, ?, ?, ?, ?, ?)
2025-12-06 01:55:53.130 [main] DEBUG [tfms-truck-fleet-management-system] [] org.hibernate.SQL - 
    select
        pd1_0.id 
    from
        parcels pd1_0 
    where
        pd1_0.name=? 
    fetch
        first ? rows only
Hibernate: 
    select
        pd1_0.id 
    from
        parcels pd1_0 
    where
        pd1_0.name=? 
    fetch
        first ? rows only
2025-12-06 01:55:53.131 [main] DEBUG [tfms-truck-fleet-management-system] [] org.hibernate.SQL - 
    insert 
    into
        parcels
        (active, created_at, delivery_instructions, delivery_location_id, estimated_travel_time, name, planned_delivery_date, recipient_name, recipient_phone, status, stop_id, updated_at, volume, warehouse_id, weight) 
    values
        (?, ?, ?, ?, ?, ?, ?, ?, ?, ?, ?, ?, ?, ?, ?)
Hibernate: 
    insert 
    into
        parcels
        (active, created_at, delivery_instructions, delivery_location_id, estimated_travel_time, name, planned_delivery_date, recipient_name, recipient_phone, status, stop_id, updated_at, volume, warehouse_id, weight) 
    values
        (?, ?, ?, ?, ?, ?, ?, ?, ?, ?, ?, ?, ?, ?, ?)
2025-12-06 01:55:53.133 [main] DEBUG [tfms-truck-fleet-management-system] [] org.hibernate.SQL - 
    select
        ld1_0.id,
        ld1_0.address,
        ld1_0.city,
        ld1_0.created_at,
        ld1_0.is_active,
        ld1_0.latitude,
        ld1_0.longitude,
        ld1_0.postal_code,
        ld1_0.updated_at 
    from
        locations ld1_0 
    where
        ld1_0.postal_code=?
Hibernate: 
    select
        ld1_0.id,
        ld1_0.address,
        ld1_0.city,
        ld1_0.created_at,
        ld1_0.is_active,
        ld1_0.latitude,
        ld1_0.longitude,
        ld1_0.postal_code,
        ld1_0.updated_at 
    from
        locations ld1_0 
    where
        ld1_0.postal_code=?
2025-12-06 01:55:53.134 [main] DEBUG [tfms-truck-fleet-management-system] [] org.hibernate.SQL - 
    insert 
    into
        locations
        (address, city, created_at, is_active, latitude, longitude, postal_code, updated_at) 
    values
        (?, ?, ?, ?, ?, ?, ?, ?)
Hibernate: 
    insert 
    into
        locations
        (address, city, created_at, is_active, latitude, longitude, postal_code, updated_at) 
    values
        (?, ?, ?, ?, ?, ?, ?, ?)
2025-12-06 01:55:53.136 [main] DEBUG [tfms-truck-fleet-management-system] [] org.hibernate.SQL - 
    select
        pd1_0.id 
    from
        parcels pd1_0 
    where
        pd1_0.name=? 
    fetch
        first ? rows only
Hibernate: 
    select
        pd1_0.id 
    from
        parcels pd1_0 
    where
        pd1_0.name=? 
    fetch
        first ? rows only
2025-12-06 01:55:53.137 [main] DEBUG [tfms-truck-fleet-management-system] [] org.hibernate.SQL - 
    insert 
    into
        parcels
        (active, created_at, delivery_instructions, delivery_location_id, estimated_travel_time, name, planned_delivery_date, recipient_name, recipient_phone, status, stop_id, updated_at, volume, warehouse_id, weight) 
    values
        (?, ?, ?, ?, ?, ?, ?, ?, ?, ?, ?, ?, ?, ?, ?)
Hibernate: 
    insert 
    into
        parcels
        (active, created_at, delivery_instructions, delivery_location_id, estimated_travel_time, name, planned_delivery_date, recipient_name, recipient_phone, status, stop_id, updated_at, volume, warehouse_id, weight) 
    values
        (?, ?, ?, ?, ?, ?, ?, ?, ?, ?, ?, ?, ?, ?, ?)
2025-12-06 01:55:53.141 [main] DEBUG [tfms-truck-fleet-management-system] [] org.hibernate.SQL - 
    select
        ld1_0.id,
        ld1_0.address,
        ld1_0.city,
        ld1_0.created_at,
        ld1_0.is_active,
        ld1_0.latitude,
        ld1_0.longitude,
        ld1_0.postal_code,
        ld1_0.updated_at 
    from
        locations ld1_0 
    where
        ld1_0.postal_code=?
Hibernate: 
    select
        ld1_0.id,
        ld1_0.address,
        ld1_0.city,
        ld1_0.created_at,
        ld1_0.is_active,
        ld1_0.latitude,
        ld1_0.longitude,
        ld1_0.postal_code,
        ld1_0.updated_at 
    from
        locations ld1_0 
    where
        ld1_0.postal_code=?
2025-12-06 01:55:53.142 [main] DEBUG [tfms-truck-fleet-management-system] [] org.hibernate.SQL - 
    insert 
    into
        locations
        (address, city, created_at, is_active, latitude, longitude, postal_code, updated_at) 
    values
        (?, ?, ?, ?, ?, ?, ?, ?)
Hibernate: 
    insert 
    into
        locations
        (address, city, created_at, is_active, latitude, longitude, postal_code, updated_at) 
    values
        (?, ?, ?, ?, ?, ?, ?, ?)
2025-12-06 01:55:53.145 [main] DEBUG [tfms-truck-fleet-management-system] [] org.hibernate.SQL - 
    select
        pd1_0.id 
    from
        parcels pd1_0 
    where
        pd1_0.name=? 
    fetch
        first ? rows only
Hibernate: 
    select
        pd1_0.id 
    from
        parcels pd1_0 
    where
        pd1_0.name=? 
    fetch
        first ? rows only
2025-12-06 01:55:53.146 [main] DEBUG [tfms-truck-fleet-management-system] [] org.hibernate.SQL - 
    insert 
    into
        parcels
        (active, created_at, delivery_instructions, delivery_location_id, estimated_travel_time, name, planned_delivery_date, recipient_name, recipient_phone, status, stop_id, updated_at, volume, warehouse_id, weight) 
    values
        (?, ?, ?, ?, ?, ?, ?, ?, ?, ?, ?, ?, ?, ?, ?)
Hibernate: 
    insert 
    into
        parcels
        (active, created_at, delivery_instructions, delivery_location_id, estimated_travel_time, name, planned_delivery_date, recipient_name, recipient_phone, status, stop_id, updated_at, volume, warehouse_id, weight) 
    values
        (?, ?, ?, ?, ?, ?, ?, ?, ?, ?, ?, ?, ?, ?, ?)
2025-12-06 01:55:53.149 [main] DEBUG [tfms-truck-fleet-management-system] [] org.hibernate.SQL - 
    select
        ld1_0.id,
        ld1_0.address,
        ld1_0.city,
        ld1_0.created_at,
        ld1_0.is_active,
        ld1_0.latitude,
        ld1_0.longitude,
        ld1_0.postal_code,
        ld1_0.updated_at 
    from
        locations ld1_0 
    where
        ld1_0.postal_code=?
Hibernate: 
    select
        ld1_0.id,
        ld1_0.address,
        ld1_0.city,
        ld1_0.created_at,
        ld1_0.is_active,
        ld1_0.latitude,
        ld1_0.longitude,
        ld1_0.postal_code,
        ld1_0.updated_at 
    from
        locations ld1_0 
    where
        ld1_0.postal_code=?
2025-12-06 01:55:53.150 [main] DEBUG [tfms-truck-fleet-management-system] [] org.hibernate.SQL - 
    insert 
    into
        locations
        (address, city, created_at, is_active, latitude, longitude, postal_code, updated_at) 
    values
        (?, ?, ?, ?, ?, ?, ?, ?)
Hibernate: 
    insert 
    into
        locations
        (address, city, created_at, is_active, latitude, longitude, postal_code, updated_at) 
    values
        (?, ?, ?, ?, ?, ?, ?, ?)
2025-12-06 01:55:53.153 [main] DEBUG [tfms-truck-fleet-management-system] [] org.hibernate.SQL - 
    select
        pd1_0.id 
    from
        parcels pd1_0 
    where
        pd1_0.name=? 
    fetch
        first ? rows only
Hibernate: 
    select
        pd1_0.id 
    from
        parcels pd1_0 
    where
        pd1_0.name=? 
    fetch
        first ? rows only
2025-12-06 01:55:53.154 [main] DEBUG [tfms-truck-fleet-management-system] [] org.hibernate.SQL - 
    insert 
    into
        parcels
        (active, created_at, delivery_instructions, delivery_location_id, estimated_travel_time, name, planned_delivery_date, recipient_name, recipient_phone, status, stop_id, updated_at, volume, warehouse_id, weight) 
    values
        (?, ?, ?, ?, ?, ?, ?, ?, ?, ?, ?, ?, ?, ?, ?)
Hibernate: 
    insert 
    into
        parcels
        (active, created_at, delivery_instructions, delivery_location_id, estimated_travel_time, name, planned_delivery_date, recipient_name, recipient_phone, status, stop_id, updated_at, volume, warehouse_id, weight) 
    values
        (?, ?, ?, ?, ?, ?, ?, ?, ?, ?, ?, ?, ?, ?, ?)
2025-12-06 01:55:53.158 [main] DEBUG [tfms-truck-fleet-management-system] [] org.hibernate.SQL - 
    select
        ld1_0.id,
        ld1_0.address,
        ld1_0.city,
        ld1_0.created_at,
        ld1_0.is_active,
        ld1_0.latitude,
        ld1_0.longitude,
        ld1_0.postal_code,
        ld1_0.updated_at 
    from
        locations ld1_0 
    where
        ld1_0.postal_code=?
Hibernate: 
    select
        ld1_0.id,
        ld1_0.address,
        ld1_0.city,
        ld1_0.created_at,
        ld1_0.is_active,
        ld1_0.latitude,
        ld1_0.longitude,
        ld1_0.postal_code,
        ld1_0.updated_at 
    from
        locations ld1_0 
    where
        ld1_0.postal_code=?
2025-12-06 01:55:53.159 [main] DEBUG [tfms-truck-fleet-management-system] [] org.hibernate.SQL - 
    insert 
    into
        locations
        (address, city, created_at, is_active, latitude, longitude, postal_code, updated_at) 
    values
        (?, ?, ?, ?, ?, ?, ?, ?)
Hibernate: 
    insert 
    into
        locations
        (address, city, created_at, is_active, latitude, longitude, postal_code, updated_at) 
    values
        (?, ?, ?, ?, ?, ?, ?, ?)
2025-12-06 01:55:53.164 [main] DEBUG [tfms-truck-fleet-management-system] [] org.hibernate.SQL - 
    select
        pd1_0.id 
    from
        parcels pd1_0 
    where
        pd1_0.name=? 
    fetch
        first ? rows only
Hibernate: 
    select
        pd1_0.id 
    from
        parcels pd1_0 
    where
        pd1_0.name=? 
    fetch
        first ? rows only
2025-12-06 01:55:53.166 [main] DEBUG [tfms-truck-fleet-management-system] [] org.hibernate.SQL - 
    insert 
    into
        parcels
        (active, created_at, delivery_instructions, delivery_location_id, estimated_travel_time, name, planned_delivery_date, recipient_name, recipient_phone, status, stop_id, updated_at, volume, warehouse_id, weight) 
    values
        (?, ?, ?, ?, ?, ?, ?, ?, ?, ?, ?, ?, ?, ?, ?)
Hibernate: 
    insert 
    into
        parcels
        (active, created_at, delivery_instructions, delivery_location_id, estimated_travel_time, name, planned_delivery_date, recipient_name, recipient_phone, status, stop_id, updated_at, volume, warehouse_id, weight) 
    values
        (?, ?, ?, ?, ?, ?, ?, ?, ?, ?, ?, ?, ?, ?, ?)
2025-12-06 01:55:53.176 [main] DEBUG [tfms-truck-fleet-management-system] [] org.hibernate.SQL - 
    select
        ld1_0.id,
        ld1_0.address,
        ld1_0.city,
        ld1_0.created_at,
        ld1_0.is_active,
        ld1_0.latitude,
        ld1_0.longitude,
        ld1_0.postal_code,
        ld1_0.updated_at 
    from
        locations ld1_0 
    where
        ld1_0.postal_code=?
Hibernate: 
    select
        ld1_0.id,
        ld1_0.address,
        ld1_0.city,
        ld1_0.created_at,
        ld1_0.is_active,
        ld1_0.latitude,
        ld1_0.longitude,
        ld1_0.postal_code,
        ld1_0.updated_at 
    from
        locations ld1_0 
    where
        ld1_0.postal_code=?
2025-12-06 01:55:53.177 [main] DEBUG [tfms-truck-fleet-management-system] [] org.hibernate.SQL - 
    insert 
    into
        locations
        (address, city, created_at, is_active, latitude, longitude, postal_code, updated_at) 
    values
        (?, ?, ?, ?, ?, ?, ?, ?)
Hibernate: 
    insert 
    into
        locations
        (address, city, created_at, is_active, latitude, longitude, postal_code, updated_at) 
    values
        (?, ?, ?, ?, ?, ?, ?, ?)
2025-12-06 01:55:53.182 [main] DEBUG [tfms-truck-fleet-management-system] [] org.hibernate.SQL - 
    select
        pd1_0.id 
    from
        parcels pd1_0 
    where
        pd1_0.name=? 
    fetch
        first ? rows only
Hibernate: 
    select
        pd1_0.id 
    from
        parcels pd1_0 
    where
        pd1_0.name=? 
    fetch
        first ? rows only
2025-12-06 01:55:53.185 [main] DEBUG [tfms-truck-fleet-management-system] [] org.hibernate.SQL - 
    insert 
    into
        parcels
        (active, created_at, delivery_instructions, delivery_location_id, estimated_travel_time, name, planned_delivery_date, recipient_name, recipient_phone, status, stop_id, updated_at, volume, warehouse_id, weight) 
    values
        (?, ?, ?, ?, ?, ?, ?, ?, ?, ?, ?, ?, ?, ?, ?)
Hibernate: 
    insert 
    into
        parcels
        (active, created_at, delivery_instructions, delivery_location_id, estimated_travel_time, name, planned_delivery_date, recipient_name, recipient_phone, status, stop_id, updated_at, volume, warehouse_id, weight) 
    values
        (?, ?, ?, ?, ?, ?, ?, ?, ?, ?, ?, ?, ?, ?, ?)
2025-12-06 01:55:53.192 [main] DEBUG [tfms-truck-fleet-management-system] [] org.hibernate.SQL - 
    select
        ld1_0.id,
        ld1_0.address,
        ld1_0.city,
        ld1_0.created_at,
        ld1_0.is_active,
        ld1_0.latitude,
        ld1_0.longitude,
        ld1_0.postal_code,
        ld1_0.updated_at 
    from
        locations ld1_0 
    where
        ld1_0.postal_code=?
Hibernate: 
    select
        ld1_0.id,
        ld1_0.address,
        ld1_0.city,
        ld1_0.created_at,
        ld1_0.is_active,
        ld1_0.latitude,
        ld1_0.longitude,
        ld1_0.postal_code,
        ld1_0.updated_at 
    from
        locations ld1_0 
    where
        ld1_0.postal_code=?
2025-12-06 01:55:53.201 [main] DEBUG [tfms-truck-fleet-management-system] [] org.hibernate.SQL - 
    insert 
    into
        locations
        (address, city, created_at, is_active, latitude, longitude, postal_code, updated_at) 
    values
        (?, ?, ?, ?, ?, ?, ?, ?)
Hibernate: 
    insert 
    into
        locations
        (address, city, created_at, is_active, latitude, longitude, postal_code, updated_at) 
    values
        (?, ?, ?, ?, ?, ?, ?, ?)
2025-12-06 01:55:53.213 [main] DEBUG [tfms-truck-fleet-management-system] [] org.hibernate.SQL - 
    select
        pd1_0.id 
    from
        parcels pd1_0 
    where
        pd1_0.name=? 
    fetch
        first ? rows only
Hibernate: 
    select
        pd1_0.id 
    from
        parcels pd1_0 
    where
        pd1_0.name=? 
    fetch
        first ? rows only
2025-12-06 01:55:53.216 [main] DEBUG [tfms-truck-fleet-management-system] [] org.hibernate.SQL - 
    insert 
    into
        parcels
        (active, created_at, delivery_instructions, delivery_location_id, estimated_travel_time, name, planned_delivery_date, recipient_name, recipient_phone, status, stop_id, updated_at, volume, warehouse_id, weight) 
    values
        (?, ?, ?, ?, ?, ?, ?, ?, ?, ?, ?, ?, ?, ?, ?)
Hibernate: 
    insert 
    into
        parcels
        (active, created_at, delivery_instructions, delivery_location_id, estimated_travel_time, name, planned_delivery_date, recipient_name, recipient_phone, status, stop_id, updated_at, volume, warehouse_id, weight) 
    values
        (?, ?, ?, ?, ?, ?, ?, ?, ?, ?, ?, ?, ?, ?, ?)
2025-12-06 01:55:53.219 [main] DEBUG [tfms-truck-fleet-management-system] [] org.hibernate.SQL - 
    select
        ld1_0.id,
        ld1_0.address,
        ld1_0.city,
        ld1_0.created_at,
        ld1_0.is_active,
        ld1_0.latitude,
        ld1_0.longitude,
        ld1_0.postal_code,
        ld1_0.updated_at 
    from
        locations ld1_0 
    where
        ld1_0.postal_code=?
Hibernate: 
    select
        ld1_0.id,
        ld1_0.address,
        ld1_0.city,
        ld1_0.created_at,
        ld1_0.is_active,
        ld1_0.latitude,
        ld1_0.longitude,
        ld1_0.postal_code,
        ld1_0.updated_at 
    from
        locations ld1_0 
    where
        ld1_0.postal_code=?
2025-12-06 01:55:53.223 [main] DEBUG [tfms-truck-fleet-management-system] [] org.hibernate.SQL - 
    insert 
    into
        locations
        (address, city, created_at, is_active, latitude, longitude, postal_code, updated_at) 
    values
        (?, ?, ?, ?, ?, ?, ?, ?)
Hibernate: 
    insert 
    into
        locations
        (address, city, created_at, is_active, latitude, longitude, postal_code, updated_at) 
    values
        (?, ?, ?, ?, ?, ?, ?, ?)
2025-12-06 01:55:53.227 [main] DEBUG [tfms-truck-fleet-management-system] [] org.hibernate.SQL - 
    select
        pd1_0.id 
    from
        parcels pd1_0 
    where
        pd1_0.name=? 
    fetch
        first ? rows only
Hibernate: 
    select
        pd1_0.id 
    from
        parcels pd1_0 
    where
        pd1_0.name=? 
    fetch
        first ? rows only
2025-12-06 01:55:53.228 [main] DEBUG [tfms-truck-fleet-management-system] [] org.hibernate.SQL - 
    insert 
    into
        parcels
        (active, created_at, delivery_instructions, delivery_location_id, estimated_travel_time, name, planned_delivery_date, recipient_name, recipient_phone, status, stop_id, updated_at, volume, warehouse_id, weight) 
    values
        (?, ?, ?, ?, ?, ?, ?, ?, ?, ?, ?, ?, ?, ?, ?)
Hibernate: 
    insert 
    into
        parcels
        (active, created_at, delivery_instructions, delivery_location_id, estimated_travel_time, name, planned_delivery_date, recipient_name, recipient_phone, status, stop_id, updated_at, volume, warehouse_id, weight) 
    values
        (?, ?, ?, ?, ?, ?, ?, ?, ?, ?, ?, ?, ?, ?, ?)
2025-12-06 01:55:53.230 [main] DEBUG [tfms-truck-fleet-management-system] [] org.hibernate.SQL - 
    select
        ld1_0.id,
        ld1_0.address,
        ld1_0.city,
        ld1_0.created_at,
        ld1_0.is_active,
        ld1_0.latitude,
        ld1_0.longitude,
        ld1_0.postal_code,
        ld1_0.updated_at 
    from
        locations ld1_0 
    where
        ld1_0.postal_code=?
Hibernate: 
    select
        ld1_0.id,
        ld1_0.address,
        ld1_0.city,
        ld1_0.created_at,
        ld1_0.is_active,
        ld1_0.latitude,
        ld1_0.longitude,
        ld1_0.postal_code,
        ld1_0.updated_at 
    from
        locations ld1_0 
    where
        ld1_0.postal_code=?
2025-12-06 01:55:53.231 [main] DEBUG [tfms-truck-fleet-management-system] [] org.hibernate.SQL - 
    insert 
    into
        locations
        (address, city, created_at, is_active, latitude, longitude, postal_code, updated_at) 
    values
        (?, ?, ?, ?, ?, ?, ?, ?)
Hibernate: 
    insert 
    into
        locations
        (address, city, created_at, is_active, latitude, longitude, postal_code, updated_at) 
    values
        (?, ?, ?, ?, ?, ?, ?, ?)
2025-12-06 01:55:53.235 [main] DEBUG [tfms-truck-fleet-management-system] [] org.hibernate.SQL - 
    select
        pd1_0.id 
    from
        parcels pd1_0 
    where
        pd1_0.name=? 
    fetch
        first ? rows only
Hibernate: 
    select
        pd1_0.id 
    from
        parcels pd1_0 
    where
        pd1_0.name=? 
    fetch
        first ? rows only
2025-12-06 01:55:53.236 [main] DEBUG [tfms-truck-fleet-management-system] [] org.hibernate.SQL - 
    insert 
    into
        parcels
        (active, created_at, delivery_instructions, delivery_location_id, estimated_travel_time, name, planned_delivery_date, recipient_name, recipient_phone, status, stop_id, updated_at, volume, warehouse_id, weight) 
    values
        (?, ?, ?, ?, ?, ?, ?, ?, ?, ?, ?, ?, ?, ?, ?)
Hibernate: 
    insert 
    into
        parcels
        (active, created_at, delivery_instructions, delivery_location_id, estimated_travel_time, name, planned_delivery_date, recipient_name, recipient_phone, status, stop_id, updated_at, volume, warehouse_id, weight) 
    values
        (?, ?, ?, ?, ?, ?, ?, ?, ?, ?, ?, ?, ?, ?, ?)
2025-12-06 01:55:53.239 [main] DEBUG [tfms-truck-fleet-management-system] [] org.hibernate.SQL - 
    select
        ld1_0.id,
        ld1_0.address,
        ld1_0.city,
        ld1_0.created_at,
        ld1_0.is_active,
        ld1_0.latitude,
        ld1_0.longitude,
        ld1_0.postal_code,
        ld1_0.updated_at 
    from
        locations ld1_0 
    where
        ld1_0.postal_code=?
Hibernate: 
    select
        ld1_0.id,
        ld1_0.address,
        ld1_0.city,
        ld1_0.created_at,
        ld1_0.is_active,
        ld1_0.latitude,
        ld1_0.longitude,
        ld1_0.postal_code,
        ld1_0.updated_at 
    from
        locations ld1_0 
    where
        ld1_0.postal_code=?
2025-12-06 01:55:53.241 [main] DEBUG [tfms-truck-fleet-management-system] [] org.hibernate.SQL - 
    insert 
    into
        locations
        (address, city, created_at, is_active, latitude, longitude, postal_code, updated_at) 
    values
        (?, ?, ?, ?, ?, ?, ?, ?)
Hibernate: 
    insert 
    into
        locations
        (address, city, created_at, is_active, latitude, longitude, postal_code, updated_at) 
    values
        (?, ?, ?, ?, ?, ?, ?, ?)
2025-12-06 01:55:53.245 [main] DEBUG [tfms-truck-fleet-management-system] [] org.hibernate.SQL - 
    select
        pd1_0.id 
    from
        parcels pd1_0 
    where
        pd1_0.name=? 
    fetch
        first ? rows only
Hibernate: 
    select
        pd1_0.id 
    from
        parcels pd1_0 
    where
        pd1_0.name=? 
    fetch
        first ? rows only
2025-12-06 01:55:53.246 [main] DEBUG [tfms-truck-fleet-management-system] [] org.hibernate.SQL - 
    insert 
    into
        parcels
        (active, created_at, delivery_instructions, delivery_location_id, estimated_travel_time, name, planned_delivery_date, recipient_name, recipient_phone, status, stop_id, updated_at, volume, warehouse_id, weight) 
    values
        (?, ?, ?, ?, ?, ?, ?, ?, ?, ?, ?, ?, ?, ?, ?)
Hibernate: 
    insert 
    into
        parcels
        (active, created_at, delivery_instructions, delivery_location_id, estimated_travel_time, name, planned_delivery_date, recipient_name, recipient_phone, status, stop_id, updated_at, volume, warehouse_id, weight) 
    values
        (?, ?, ?, ?, ?, ?, ?, ?, ?, ?, ?, ?, ?, ?, ?)
Created 20 parcels for Warehouse-Eindhoven in Eindhoven
2025-12-06 01:55:53.250 [main] DEBUG [tfms-truck-fleet-management-system] [] org.hibernate.SQL - 
    select
        ld1_0.id,
        ld1_0.address,
        ld1_0.city,
        ld1_0.created_at,
        ld1_0.is_active,
        ld1_0.latitude,
        ld1_0.longitude,
        ld1_0.postal_code,
        ld1_0.updated_at 
    from
        locations ld1_0 
    where
        ld1_0.postal_code=?
Hibernate: 
    select
        ld1_0.id,
        ld1_0.address,
        ld1_0.city,
        ld1_0.created_at,
        ld1_0.is_active,
        ld1_0.latitude,
        ld1_0.longitude,
        ld1_0.postal_code,
        ld1_0.updated_at 
    from
        locations ld1_0 
    where
        ld1_0.postal_code=?
2025-12-06 01:55:53.250 [main] DEBUG [tfms-truck-fleet-management-system] [] org.hibernate.SQL - 
    insert 
    into
        locations
        (address, city, created_at, is_active, latitude, longitude, postal_code, updated_at) 
    values
        (?, ?, ?, ?, ?, ?, ?, ?)
Hibernate: 
    insert 
    into
        locations
        (address, city, created_at, is_active, latitude, longitude, postal_code, updated_at) 
    values
        (?, ?, ?, ?, ?, ?, ?, ?)
2025-12-06 01:55:53.253 [main] DEBUG [tfms-truck-fleet-management-system] [] org.hibernate.SQL - 
    select
        whd1_0.id,
        whd1_0.active,
        whd1_0.created_at,
        whd1_0.location_id,
        whd1_0.name,
        whd1_0.updated_at 
    from
        warehouse whd1_0 
    where
        whd1_0.name=?
Hibernate: 
    select
        whd1_0.id,
        whd1_0.active,
        whd1_0.created_at,
        whd1_0.location_id,
        whd1_0.name,
        whd1_0.updated_at 
    from
        warehouse whd1_0 
    where
        whd1_0.name=?
2025-12-06 01:55:53.254 [main] DEBUG [tfms-truck-fleet-management-system] [] org.hibernate.SQL - 
    insert 
    into
        warehouse
        (active, created_at, location_id, name, updated_at) 
    values
        (?, ?, ?, ?, ?)
Hibernate: 
    insert 
    into
        warehouse
        (active, created_at, location_id, name, updated_at) 
    values
        (?, ?, ?, ?, ?)
2025-12-06 01:55:53.257 [main] DEBUG [tfms-truck-fleet-management-system] [] org.hibernate.SQL - 
    select
        ld1_0.id,
        ld1_0.address,
        ld1_0.city,
        ld1_0.created_at,
        ld1_0.is_active,
        ld1_0.latitude,
        ld1_0.longitude,
        ld1_0.postal_code,
        ld1_0.updated_at 
    from
        locations ld1_0 
    where
        ld1_0.postal_code=?
Hibernate: 
    select
        ld1_0.id,
        ld1_0.address,
        ld1_0.city,
        ld1_0.created_at,
        ld1_0.is_active,
        ld1_0.latitude,
        ld1_0.longitude,
        ld1_0.postal_code,
        ld1_0.updated_at 
    from
        locations ld1_0 
    where
        ld1_0.postal_code=?
2025-12-06 01:55:53.258 [main] DEBUG [tfms-truck-fleet-management-system] [] org.hibernate.SQL - 
    insert 
    into
        locations
        (address, city, created_at, is_active, latitude, longitude, postal_code, updated_at) 
    values
        (?, ?, ?, ?, ?, ?, ?, ?)
Hibernate: 
    insert 
    into
        locations
        (address, city, created_at, is_active, latitude, longitude, postal_code, updated_at) 
    values
        (?, ?, ?, ?, ?, ?, ?, ?)
2025-12-06 01:55:53.262 [main] DEBUG [tfms-truck-fleet-management-system] [] org.hibernate.SQL - 
    select
        pd1_0.id 
    from
        parcels pd1_0 
    where
        pd1_0.name=? 
    fetch
        first ? rows only
Hibernate: 
    select
        pd1_0.id 
    from
        parcels pd1_0 
    where
        pd1_0.name=? 
    fetch
        first ? rows only
2025-12-06 01:55:53.266 [main] DEBUG [tfms-truck-fleet-management-system] [] org.hibernate.SQL - 
    insert 
    into
        parcels
        (active, created_at, delivery_instructions, delivery_location_id, estimated_travel_time, name, planned_delivery_date, recipient_name, recipient_phone, status, stop_id, updated_at, volume, warehouse_id, weight) 
    values
        (?, ?, ?, ?, ?, ?, ?, ?, ?, ?, ?, ?, ?, ?, ?)
Hibernate: 
    insert 
    into
        parcels
        (active, created_at, delivery_instructions, delivery_location_id, estimated_travel_time, name, planned_delivery_date, recipient_name, recipient_phone, status, stop_id, updated_at, volume, warehouse_id, weight) 
    values
        (?, ?, ?, ?, ?, ?, ?, ?, ?, ?, ?, ?, ?, ?, ?)
2025-12-06 01:55:53.273 [main] DEBUG [tfms-truck-fleet-management-system] [] org.hibernate.SQL - 
    select
        ld1_0.id,
        ld1_0.address,
        ld1_0.city,
        ld1_0.created_at,
        ld1_0.is_active,
        ld1_0.latitude,
        ld1_0.longitude,
        ld1_0.postal_code,
        ld1_0.updated_at 
    from
        locations ld1_0 
    where
        ld1_0.postal_code=?
Hibernate: 
    select
        ld1_0.id,
        ld1_0.address,
        ld1_0.city,
        ld1_0.created_at,
        ld1_0.is_active,
        ld1_0.latitude,
        ld1_0.longitude,
        ld1_0.postal_code,
        ld1_0.updated_at 
    from
        locations ld1_0 
    where
        ld1_0.postal_code=?
2025-12-06 01:55:53.275 [main] DEBUG [tfms-truck-fleet-management-system] [] org.hibernate.SQL - 
    insert 
    into
        locations
        (address, city, created_at, is_active, latitude, longitude, postal_code, updated_at) 
    values
        (?, ?, ?, ?, ?, ?, ?, ?)
Hibernate: 
    insert 
    into
        locations
        (address, city, created_at, is_active, latitude, longitude, postal_code, updated_at) 
    values
        (?, ?, ?, ?, ?, ?, ?, ?)
2025-12-06 01:55:53.277 [main] DEBUG [tfms-truck-fleet-management-system] [] org.hibernate.SQL - 
    select
        pd1_0.id 
    from
        parcels pd1_0 
    where
        pd1_0.name=? 
    fetch
        first ? rows only
Hibernate: 
    select
        pd1_0.id 
    from
        parcels pd1_0 
    where
        pd1_0.name=? 
    fetch
        first ? rows only
2025-12-06 01:55:53.278 [main] DEBUG [tfms-truck-fleet-management-system] [] org.hibernate.SQL - 
    insert 
    into
        parcels
        (active, created_at, delivery_instructions, delivery_location_id, estimated_travel_time, name, planned_delivery_date, recipient_name, recipient_phone, status, stop_id, updated_at, volume, warehouse_id, weight) 
    values
        (?, ?, ?, ?, ?, ?, ?, ?, ?, ?, ?, ?, ?, ?, ?)
Hibernate: 
    insert 
    into
        parcels
        (active, created_at, delivery_instructions, delivery_location_id, estimated_travel_time, name, planned_delivery_date, recipient_name, recipient_phone, status, stop_id, updated_at, volume, warehouse_id, weight) 
    values
        (?, ?, ?, ?, ?, ?, ?, ?, ?, ?, ?, ?, ?, ?, ?)
2025-12-06 01:55:53.281 [main] DEBUG [tfms-truck-fleet-management-system] [] org.hibernate.SQL - 
    select
        ld1_0.id,
        ld1_0.address,
        ld1_0.city,
        ld1_0.created_at,
        ld1_0.is_active,
        ld1_0.latitude,
        ld1_0.longitude,
        ld1_0.postal_code,
        ld1_0.updated_at 
    from
        locations ld1_0 
    where
        ld1_0.postal_code=?
Hibernate: 
    select
        ld1_0.id,
        ld1_0.address,
        ld1_0.city,
        ld1_0.created_at,
        ld1_0.is_active,
        ld1_0.latitude,
        ld1_0.longitude,
        ld1_0.postal_code,
        ld1_0.updated_at 
    from
        locations ld1_0 
    where
        ld1_0.postal_code=?
2025-12-06 01:55:53.284 [main] DEBUG [tfms-truck-fleet-management-system] [] org.hibernate.SQL - 
    insert 
    into
        locations
        (address, city, created_at, is_active, latitude, longitude, postal_code, updated_at) 
    values
        (?, ?, ?, ?, ?, ?, ?, ?)
Hibernate: 
    insert 
    into
        locations
        (address, city, created_at, is_active, latitude, longitude, postal_code, updated_at) 
    values
        (?, ?, ?, ?, ?, ?, ?, ?)
2025-12-06 01:55:53.287 [main] DEBUG [tfms-truck-fleet-management-system] [] org.hibernate.SQL - 
    select
        pd1_0.id 
    from
        parcels pd1_0 
    where
        pd1_0.name=? 
    fetch
        first ? rows only
Hibernate: 
    select
        pd1_0.id 
    from
        parcels pd1_0 
    where
        pd1_0.name=? 
    fetch
        first ? rows only
2025-12-06 01:55:53.288 [main] DEBUG [tfms-truck-fleet-management-system] [] org.hibernate.SQL - 
    insert 
    into
        parcels
        (active, created_at, delivery_instructions, delivery_location_id, estimated_travel_time, name, planned_delivery_date, recipient_name, recipient_phone, status, stop_id, updated_at, volume, warehouse_id, weight) 
    values
        (?, ?, ?, ?, ?, ?, ?, ?, ?, ?, ?, ?, ?, ?, ?)
Hibernate: 
    insert 
    into
        parcels
        (active, created_at, delivery_instructions, delivery_location_id, estimated_travel_time, name, planned_delivery_date, recipient_name, recipient_phone, status, stop_id, updated_at, volume, warehouse_id, weight) 
    values
        (?, ?, ?, ?, ?, ?, ?, ?, ?, ?, ?, ?, ?, ?, ?)
2025-12-06 01:55:53.292 [main] DEBUG [tfms-truck-fleet-management-system] [] org.hibernate.SQL - 
    select
        ld1_0.id,
        ld1_0.address,
        ld1_0.city,
        ld1_0.created_at,
        ld1_0.is_active,
        ld1_0.latitude,
        ld1_0.longitude,
        ld1_0.postal_code,
        ld1_0.updated_at 
    from
        locations ld1_0 
    where
        ld1_0.postal_code=?
Hibernate: 
    select
        ld1_0.id,
        ld1_0.address,
        ld1_0.city,
        ld1_0.created_at,
        ld1_0.is_active,
        ld1_0.latitude,
        ld1_0.longitude,
        ld1_0.postal_code,
        ld1_0.updated_at 
    from
        locations ld1_0 
    where
        ld1_0.postal_code=?
2025-12-06 01:55:53.293 [main] DEBUG [tfms-truck-fleet-management-system] [] org.hibernate.SQL - 
    insert 
    into
        locations
        (address, city, created_at, is_active, latitude, longitude, postal_code, updated_at) 
    values
        (?, ?, ?, ?, ?, ?, ?, ?)
Hibernate: 
    insert 
    into
        locations
        (address, city, created_at, is_active, latitude, longitude, postal_code, updated_at) 
    values
        (?, ?, ?, ?, ?, ?, ?, ?)
2025-12-06 01:55:53.295 [main] DEBUG [tfms-truck-fleet-management-system] [] org.hibernate.SQL - 
    select
        pd1_0.id 
    from
        parcels pd1_0 
    where
        pd1_0.name=? 
    fetch
        first ? rows only
Hibernate: 
    select
        pd1_0.id 
    from
        parcels pd1_0 
    where
        pd1_0.name=? 
    fetch
        first ? rows only
2025-12-06 01:55:53.296 [main] DEBUG [tfms-truck-fleet-management-system] [] org.hibernate.SQL - 
    insert 
    into
        parcels
        (active, created_at, delivery_instructions, delivery_location_id, estimated_travel_time, name, planned_delivery_date, recipient_name, recipient_phone, status, stop_id, updated_at, volume, warehouse_id, weight) 
    values
        (?, ?, ?, ?, ?, ?, ?, ?, ?, ?, ?, ?, ?, ?, ?)
Hibernate: 
    insert 
    into
        parcels
        (active, created_at, delivery_instructions, delivery_location_id, estimated_travel_time, name, planned_delivery_date, recipient_name, recipient_phone, status, stop_id, updated_at, volume, warehouse_id, weight) 
    values
        (?, ?, ?, ?, ?, ?, ?, ?, ?, ?, ?, ?, ?, ?, ?)
2025-12-06 01:55:53.299 [main] DEBUG [tfms-truck-fleet-management-system] [] org.hibernate.SQL - 
    select
        ld1_0.id,
        ld1_0.address,
        ld1_0.city,
        ld1_0.created_at,
        ld1_0.is_active,
        ld1_0.latitude,
        ld1_0.longitude,
        ld1_0.postal_code,
        ld1_0.updated_at 
    from
        locations ld1_0 
    where
        ld1_0.postal_code=?
Hibernate: 
    select
        ld1_0.id,
        ld1_0.address,
        ld1_0.city,
        ld1_0.created_at,
        ld1_0.is_active,
        ld1_0.latitude,
        ld1_0.longitude,
        ld1_0.postal_code,
        ld1_0.updated_at 
    from
        locations ld1_0 
    where
        ld1_0.postal_code=?
2025-12-06 01:55:53.300 [main] DEBUG [tfms-truck-fleet-management-system] [] org.hibernate.SQL - 
    insert 
    into
        locations
        (address, city, created_at, is_active, latitude, longitude, postal_code, updated_at) 
    values
        (?, ?, ?, ?, ?, ?, ?, ?)
Hibernate: 
    insert 
    into
        locations
        (address, city, created_at, is_active, latitude, longitude, postal_code, updated_at) 
    values
        (?, ?, ?, ?, ?, ?, ?, ?)
2025-12-06 01:55:53.303 [main] DEBUG [tfms-truck-fleet-management-system] [] org.hibernate.SQL - 
    select
        pd1_0.id 
    from
        parcels pd1_0 
    where
        pd1_0.name=? 
    fetch
        first ? rows only
Hibernate: 
    select
        pd1_0.id 
    from
        parcels pd1_0 
    where
        pd1_0.name=? 
    fetch
        first ? rows only
2025-12-06 01:55:53.303 [main] DEBUG [tfms-truck-fleet-management-system] [] org.hibernate.SQL - 
    insert 
    into
        parcels
        (active, created_at, delivery_instructions, delivery_location_id, estimated_travel_time, name, planned_delivery_date, recipient_name, recipient_phone, status, stop_id, updated_at, volume, warehouse_id, weight) 
    values
        (?, ?, ?, ?, ?, ?, ?, ?, ?, ?, ?, ?, ?, ?, ?)
Hibernate: 
    insert 
    into
        parcels
        (active, created_at, delivery_instructions, delivery_location_id, estimated_travel_time, name, planned_delivery_date, recipient_name, recipient_phone, status, stop_id, updated_at, volume, warehouse_id, weight) 
    values
        (?, ?, ?, ?, ?, ?, ?, ?, ?, ?, ?, ?, ?, ?, ?)
2025-12-06 01:55:53.306 [main] DEBUG [tfms-truck-fleet-management-system] [] org.hibernate.SQL - 
    select
        ld1_0.id,
        ld1_0.address,
        ld1_0.city,
        ld1_0.created_at,
        ld1_0.is_active,
        ld1_0.latitude,
        ld1_0.longitude,
        ld1_0.postal_code,
        ld1_0.updated_at 
    from
        locations ld1_0 
    where
        ld1_0.postal_code=?
Hibernate: 
    select
        ld1_0.id,
        ld1_0.address,
        ld1_0.city,
        ld1_0.created_at,
        ld1_0.is_active,
        ld1_0.latitude,
        ld1_0.longitude,
        ld1_0.postal_code,
        ld1_0.updated_at 
    from
        locations ld1_0 
    where
        ld1_0.postal_code=?
2025-12-06 01:55:53.307 [main] DEBUG [tfms-truck-fleet-management-system] [] org.hibernate.SQL - 
    insert 
    into
        locations
        (address, city, created_at, is_active, latitude, longitude, postal_code, updated_at) 
    values
        (?, ?, ?, ?, ?, ?, ?, ?)
Hibernate: 
    insert 
    into
        locations
        (address, city, created_at, is_active, latitude, longitude, postal_code, updated_at) 
    values
        (?, ?, ?, ?, ?, ?, ?, ?)
2025-12-06 01:55:53.312 [main] DEBUG [tfms-truck-fleet-management-system] [] org.hibernate.SQL - 
    select
        pd1_0.id 
    from
        parcels pd1_0 
    where
        pd1_0.name=? 
    fetch
        first ? rows only
Hibernate: 
    select
        pd1_0.id 
    from
        parcels pd1_0 
    where
        pd1_0.name=? 
    fetch
        first ? rows only
2025-12-06 01:55:53.313 [main] DEBUG [tfms-truck-fleet-management-system] [] org.hibernate.SQL - 
    insert 
    into
        parcels
        (active, created_at, delivery_instructions, delivery_location_id, estimated_travel_time, name, planned_delivery_date, recipient_name, recipient_phone, status, stop_id, updated_at, volume, warehouse_id, weight) 
    values
        (?, ?, ?, ?, ?, ?, ?, ?, ?, ?, ?, ?, ?, ?, ?)
Hibernate: 
    insert 
    into
        parcels
        (active, created_at, delivery_instructions, delivery_location_id, estimated_travel_time, name, planned_delivery_date, recipient_name, recipient_phone, status, stop_id, updated_at, volume, warehouse_id, weight) 
    values
        (?, ?, ?, ?, ?, ?, ?, ?, ?, ?, ?, ?, ?, ?, ?)
2025-12-06 01:55:53.316 [main] DEBUG [tfms-truck-fleet-management-system] [] org.hibernate.SQL - 
    select
        ld1_0.id,
        ld1_0.address,
        ld1_0.city,
        ld1_0.created_at,
        ld1_0.is_active,
        ld1_0.latitude,
        ld1_0.longitude,
        ld1_0.postal_code,
        ld1_0.updated_at 
    from
        locations ld1_0 
    where
        ld1_0.postal_code=?
Hibernate: 
    select
        ld1_0.id,
        ld1_0.address,
        ld1_0.city,
        ld1_0.created_at,
        ld1_0.is_active,
        ld1_0.latitude,
        ld1_0.longitude,
        ld1_0.postal_code,
        ld1_0.updated_at 
    from
        locations ld1_0 
    where
        ld1_0.postal_code=?
2025-12-06 01:55:53.317 [main] DEBUG [tfms-truck-fleet-management-system] [] org.hibernate.SQL - 
    insert 
    into
        locations
        (address, city, created_at, is_active, latitude, longitude, postal_code, updated_at) 
    values
        (?, ?, ?, ?, ?, ?, ?, ?)
Hibernate: 
    insert 
    into
        locations
        (address, city, created_at, is_active, latitude, longitude, postal_code, updated_at) 
    values
        (?, ?, ?, ?, ?, ?, ?, ?)
2025-12-06 01:55:53.320 [main] DEBUG [tfms-truck-fleet-management-system] [] org.hibernate.SQL - 
    select
        pd1_0.id 
    from
        parcels pd1_0 
    where
        pd1_0.name=? 
    fetch
        first ? rows only
Hibernate: 
    select
        pd1_0.id 
    from
        parcels pd1_0 
    where
        pd1_0.name=? 
    fetch
        first ? rows only
2025-12-06 01:55:53.321 [main] DEBUG [tfms-truck-fleet-management-system] [] org.hibernate.SQL - 
    insert 
    into
        parcels
        (active, created_at, delivery_instructions, delivery_location_id, estimated_travel_time, name, planned_delivery_date, recipient_name, recipient_phone, status, stop_id, updated_at, volume, warehouse_id, weight) 
    values
        (?, ?, ?, ?, ?, ?, ?, ?, ?, ?, ?, ?, ?, ?, ?)
Hibernate: 
    insert 
    into
        parcels
        (active, created_at, delivery_instructions, delivery_location_id, estimated_travel_time, name, planned_delivery_date, recipient_name, recipient_phone, status, stop_id, updated_at, volume, warehouse_id, weight) 
    values
        (?, ?, ?, ?, ?, ?, ?, ?, ?, ?, ?, ?, ?, ?, ?)
2025-12-06 01:55:53.324 [main] DEBUG [tfms-truck-fleet-management-system] [] org.hibernate.SQL - 
    select
        ld1_0.id,
        ld1_0.address,
        ld1_0.city,
        ld1_0.created_at,
        ld1_0.is_active,
        ld1_0.latitude,
        ld1_0.longitude,
        ld1_0.postal_code,
        ld1_0.updated_at 
    from
        locations ld1_0 
    where
        ld1_0.postal_code=?
Hibernate: 
    select
        ld1_0.id,
        ld1_0.address,
        ld1_0.city,
        ld1_0.created_at,
        ld1_0.is_active,
        ld1_0.latitude,
        ld1_0.longitude,
        ld1_0.postal_code,
        ld1_0.updated_at 
    from
        locations ld1_0 
    where
        ld1_0.postal_code=?
2025-12-06 01:55:53.325 [main] DEBUG [tfms-truck-fleet-management-system] [] org.hibernate.SQL - 
    insert 
    into
        locations
        (address, city, created_at, is_active, latitude, longitude, postal_code, updated_at) 
    values
        (?, ?, ?, ?, ?, ?, ?, ?)
Hibernate: 
    insert 
    into
        locations
        (address, city, created_at, is_active, latitude, longitude, postal_code, updated_at) 
    values
        (?, ?, ?, ?, ?, ?, ?, ?)
2025-12-06 01:55:53.327 [main] DEBUG [tfms-truck-fleet-management-system] [] org.hibernate.SQL - 
    select
        pd1_0.id 
    from
        parcels pd1_0 
    where
        pd1_0.name=? 
    fetch
        first ? rows only
Hibernate: 
    select
        pd1_0.id 
    from
        parcels pd1_0 
    where
        pd1_0.name=? 
    fetch
        first ? rows only
2025-12-06 01:55:53.328 [main] DEBUG [tfms-truck-fleet-management-system] [] org.hibernate.SQL - 
    insert 
    into
        parcels
        (active, created_at, delivery_instructions, delivery_location_id, estimated_travel_time, name, planned_delivery_date, recipient_name, recipient_phone, status, stop_id, updated_at, volume, warehouse_id, weight) 
    values
        (?, ?, ?, ?, ?, ?, ?, ?, ?, ?, ?, ?, ?, ?, ?)
Hibernate: 
    insert 
    into
        parcels
        (active, created_at, delivery_instructions, delivery_location_id, estimated_travel_time, name, planned_delivery_date, recipient_name, recipient_phone, status, stop_id, updated_at, volume, warehouse_id, weight) 
    values
        (?, ?, ?, ?, ?, ?, ?, ?, ?, ?, ?, ?, ?, ?, ?)
2025-12-06 01:55:53.331 [main] DEBUG [tfms-truck-fleet-management-system] [] org.hibernate.SQL - 
    select
        ld1_0.id,
        ld1_0.address,
        ld1_0.city,
        ld1_0.created_at,
        ld1_0.is_active,
        ld1_0.latitude,
        ld1_0.longitude,
        ld1_0.postal_code,
        ld1_0.updated_at 
    from
        locations ld1_0 
    where
        ld1_0.postal_code=?
Hibernate: 
    select
        ld1_0.id,
        ld1_0.address,
        ld1_0.city,
        ld1_0.created_at,
        ld1_0.is_active,
        ld1_0.latitude,
        ld1_0.longitude,
        ld1_0.postal_code,
        ld1_0.updated_at 
    from
        locations ld1_0 
    where
        ld1_0.postal_code=?
2025-12-06 01:55:53.331 [main] DEBUG [tfms-truck-fleet-management-system] [] org.hibernate.SQL - 
    insert 
    into
        locations
        (address, city, created_at, is_active, latitude, longitude, postal_code, updated_at) 
    values
        (?, ?, ?, ?, ?, ?, ?, ?)
Hibernate: 
    insert 
    into
        locations
        (address, city, created_at, is_active, latitude, longitude, postal_code, updated_at) 
    values
        (?, ?, ?, ?, ?, ?, ?, ?)
2025-12-06 01:55:53.335 [main] DEBUG [tfms-truck-fleet-management-system] [] org.hibernate.SQL - 
    select
        pd1_0.id 
    from
        parcels pd1_0 
    where
        pd1_0.name=? 
    fetch
        first ? rows only
Hibernate: 
    select
        pd1_0.id 
    from
        parcels pd1_0 
    where
        pd1_0.name=? 
    fetch
        first ? rows only
2025-12-06 01:55:53.337 [main] DEBUG [tfms-truck-fleet-management-system] [] org.hibernate.SQL - 
    insert 
    into
        parcels
        (active, created_at, delivery_instructions, delivery_location_id, estimated_travel_time, name, planned_delivery_date, recipient_name, recipient_phone, status, stop_id, updated_at, volume, warehouse_id, weight) 
    values
        (?, ?, ?, ?, ?, ?, ?, ?, ?, ?, ?, ?, ?, ?, ?)
Hibernate: 
    insert 
    into
        parcels
        (active, created_at, delivery_instructions, delivery_location_id, estimated_travel_time, name, planned_delivery_date, recipient_name, recipient_phone, status, stop_id, updated_at, volume, warehouse_id, weight) 
    values
        (?, ?, ?, ?, ?, ?, ?, ?, ?, ?, ?, ?, ?, ?, ?)
2025-12-06 01:55:53.340 [main] DEBUG [tfms-truck-fleet-management-system] [] org.hibernate.SQL - 
    select
        ld1_0.id,
        ld1_0.address,
        ld1_0.city,
        ld1_0.created_at,
        ld1_0.is_active,
        ld1_0.latitude,
        ld1_0.longitude,
        ld1_0.postal_code,
        ld1_0.updated_at 
    from
        locations ld1_0 
    where
        ld1_0.postal_code=?
Hibernate: 
    select
        ld1_0.id,
        ld1_0.address,
        ld1_0.city,
        ld1_0.created_at,
        ld1_0.is_active,
        ld1_0.latitude,
        ld1_0.longitude,
        ld1_0.postal_code,
        ld1_0.updated_at 
    from
        locations ld1_0 
    where
        ld1_0.postal_code=?
2025-12-06 01:55:53.341 [main] DEBUG [tfms-truck-fleet-management-system] [] org.hibernate.SQL - 
    insert 
    into
        locations
        (address, city, created_at, is_active, latitude, longitude, postal_code, updated_at) 
    values
        (?, ?, ?, ?, ?, ?, ?, ?)
Hibernate: 
    insert 
    into
        locations
        (address, city, created_at, is_active, latitude, longitude, postal_code, updated_at) 
    values
        (?, ?, ?, ?, ?, ?, ?, ?)
2025-12-06 01:55:53.345 [main] DEBUG [tfms-truck-fleet-management-system] [] org.hibernate.SQL - 
    select
        pd1_0.id 
    from
        parcels pd1_0 
    where
        pd1_0.name=? 
    fetch
        first ? rows only
Hibernate: 
    select
        pd1_0.id 
    from
        parcels pd1_0 
    where
        pd1_0.name=? 
    fetch
        first ? rows only
2025-12-06 01:55:53.346 [main] DEBUG [tfms-truck-fleet-management-system] [] org.hibernate.SQL - 
    insert 
    into
        parcels
        (active, created_at, delivery_instructions, delivery_location_id, estimated_travel_time, name, planned_delivery_date, recipient_name, recipient_phone, status, stop_id, updated_at, volume, warehouse_id, weight) 
    values
        (?, ?, ?, ?, ?, ?, ?, ?, ?, ?, ?, ?, ?, ?, ?)
Hibernate: 
    insert 
    into
        parcels
        (active, created_at, delivery_instructions, delivery_location_id, estimated_travel_time, name, planned_delivery_date, recipient_name, recipient_phone, status, stop_id, updated_at, volume, warehouse_id, weight) 
    values
        (?, ?, ?, ?, ?, ?, ?, ?, ?, ?, ?, ?, ?, ?, ?)
2025-12-06 01:55:53.349 [main] DEBUG [tfms-truck-fleet-management-system] [] org.hibernate.SQL - 
    select
        ld1_0.id,
        ld1_0.address,
        ld1_0.city,
        ld1_0.created_at,
        ld1_0.is_active,
        ld1_0.latitude,
        ld1_0.longitude,
        ld1_0.postal_code,
        ld1_0.updated_at 
    from
        locations ld1_0 
    where
        ld1_0.postal_code=?
Hibernate: 
    select
        ld1_0.id,
        ld1_0.address,
        ld1_0.city,
        ld1_0.created_at,
        ld1_0.is_active,
        ld1_0.latitude,
        ld1_0.longitude,
        ld1_0.postal_code,
        ld1_0.updated_at 
    from
        locations ld1_0 
    where
        ld1_0.postal_code=?
2025-12-06 01:55:53.350 [main] DEBUG [tfms-truck-fleet-management-system] [] org.hibernate.SQL - 
    insert 
    into
        locations
        (address, city, created_at, is_active, latitude, longitude, postal_code, updated_at) 
    values
        (?, ?, ?, ?, ?, ?, ?, ?)
Hibernate: 
    insert 
    into
        locations
        (address, city, created_at, is_active, latitude, longitude, postal_code, updated_at) 
    values
        (?, ?, ?, ?, ?, ?, ?, ?)
2025-12-06 01:55:53.353 [main] DEBUG [tfms-truck-fleet-management-system] [] org.hibernate.SQL - 
    select
        pd1_0.id 
    from
        parcels pd1_0 
    where
        pd1_0.name=? 
    fetch
        first ? rows only
Hibernate: 
    select
        pd1_0.id 
    from
        parcels pd1_0 
    where
        pd1_0.name=? 
    fetch
        first ? rows only
2025-12-06 01:55:53.354 [main] DEBUG [tfms-truck-fleet-management-system] [] org.hibernate.SQL - 
    insert 
    into
        parcels
        (active, created_at, delivery_instructions, delivery_location_id, estimated_travel_time, name, planned_delivery_date, recipient_name, recipient_phone, status, stop_id, updated_at, volume, warehouse_id, weight) 
    values
        (?, ?, ?, ?, ?, ?, ?, ?, ?, ?, ?, ?, ?, ?, ?)
Hibernate: 
    insert 
    into
        parcels
        (active, created_at, delivery_instructions, delivery_location_id, estimated_travel_time, name, planned_delivery_date, recipient_name, recipient_phone, status, stop_id, updated_at, volume, warehouse_id, weight) 
    values
        (?, ?, ?, ?, ?, ?, ?, ?, ?, ?, ?, ?, ?, ?, ?)
2025-12-06 01:55:53.356 [main] DEBUG [tfms-truck-fleet-management-system] [] org.hibernate.SQL - 
    select
        ld1_0.id,
        ld1_0.address,
        ld1_0.city,
        ld1_0.created_at,
        ld1_0.is_active,
        ld1_0.latitude,
        ld1_0.longitude,
        ld1_0.postal_code,
        ld1_0.updated_at 
    from
        locations ld1_0 
    where
        ld1_0.postal_code=?
Hibernate: 
    select
        ld1_0.id,
        ld1_0.address,
        ld1_0.city,
        ld1_0.created_at,
        ld1_0.is_active,
        ld1_0.latitude,
        ld1_0.longitude,
        ld1_0.postal_code,
        ld1_0.updated_at 
    from
        locations ld1_0 
    where
        ld1_0.postal_code=?
2025-12-06 01:55:53.357 [main] DEBUG [tfms-truck-fleet-management-system] [] org.hibernate.SQL - 
    insert 
    into
        locations
        (address, city, created_at, is_active, latitude, longitude, postal_code, updated_at) 
    values
        (?, ?, ?, ?, ?, ?, ?, ?)
Hibernate: 
    insert 
    into
        locations
        (address, city, created_at, is_active, latitude, longitude, postal_code, updated_at) 
    values
        (?, ?, ?, ?, ?, ?, ?, ?)
2025-12-06 01:55:53.359 [main] DEBUG [tfms-truck-fleet-management-system] [] org.hibernate.SQL - 
    select
        pd1_0.id 
    from
        parcels pd1_0 
    where
        pd1_0.name=? 
    fetch
        first ? rows only
Hibernate: 
    select
        pd1_0.id 
    from
        parcels pd1_0 
    where
        pd1_0.name=? 
    fetch
        first ? rows only
2025-12-06 01:55:53.360 [main] DEBUG [tfms-truck-fleet-management-system] [] org.hibernate.SQL - 
    insert 
    into
        parcels
        (active, created_at, delivery_instructions, delivery_location_id, estimated_travel_time, name, planned_delivery_date, recipient_name, recipient_phone, status, stop_id, updated_at, volume, warehouse_id, weight) 
    values
        (?, ?, ?, ?, ?, ?, ?, ?, ?, ?, ?, ?, ?, ?, ?)
Hibernate: 
    insert 
    into
        parcels
        (active, created_at, delivery_instructions, delivery_location_id, estimated_travel_time, name, planned_delivery_date, recipient_name, recipient_phone, status, stop_id, updated_at, volume, warehouse_id, weight) 
    values
        (?, ?, ?, ?, ?, ?, ?, ?, ?, ?, ?, ?, ?, ?, ?)
2025-12-06 01:55:53.363 [main] DEBUG [tfms-truck-fleet-management-system] [] org.hibernate.SQL - 
    select
        ld1_0.id,
        ld1_0.address,
        ld1_0.city,
        ld1_0.created_at,
        ld1_0.is_active,
        ld1_0.latitude,
        ld1_0.longitude,
        ld1_0.postal_code,
        ld1_0.updated_at 
    from
        locations ld1_0 
    where
        ld1_0.postal_code=?
Hibernate: 
    select
        ld1_0.id,
        ld1_0.address,
        ld1_0.city,
        ld1_0.created_at,
        ld1_0.is_active,
        ld1_0.latitude,
        ld1_0.longitude,
        ld1_0.postal_code,
        ld1_0.updated_at 
    from
        locations ld1_0 
    where
        ld1_0.postal_code=?
2025-12-06 01:55:53.363 [main] DEBUG [tfms-truck-fleet-management-system] [] org.hibernate.SQL - 
    insert 
    into
        locations
        (address, city, created_at, is_active, latitude, longitude, postal_code, updated_at) 
    values
        (?, ?, ?, ?, ?, ?, ?, ?)
Hibernate: 
    insert 
    into
        locations
        (address, city, created_at, is_active, latitude, longitude, postal_code, updated_at) 
    values
        (?, ?, ?, ?, ?, ?, ?, ?)
2025-12-06 01:55:53.366 [main] DEBUG [tfms-truck-fleet-management-system] [] org.hibernate.SQL - 
    select
        pd1_0.id 
    from
        parcels pd1_0 
    where
        pd1_0.name=? 
    fetch
        first ? rows only
Hibernate: 
    select
        pd1_0.id 
    from
        parcels pd1_0 
    where
        pd1_0.name=? 
    fetch
        first ? rows only
2025-12-06 01:55:53.366 [main] DEBUG [tfms-truck-fleet-management-system] [] org.hibernate.SQL - 
    insert 
    into
        parcels
        (active, created_at, delivery_instructions, delivery_location_id, estimated_travel_time, name, planned_delivery_date, recipient_name, recipient_phone, status, stop_id, updated_at, volume, warehouse_id, weight) 
    values
        (?, ?, ?, ?, ?, ?, ?, ?, ?, ?, ?, ?, ?, ?, ?)
Hibernate: 
    insert 
    into
        parcels
        (active, created_at, delivery_instructions, delivery_location_id, estimated_travel_time, name, planned_delivery_date, recipient_name, recipient_phone, status, stop_id, updated_at, volume, warehouse_id, weight) 
    values
        (?, ?, ?, ?, ?, ?, ?, ?, ?, ?, ?, ?, ?, ?, ?)
2025-12-06 01:55:53.369 [main] DEBUG [tfms-truck-fleet-management-system] [] org.hibernate.SQL - 
    select
        ld1_0.id,
        ld1_0.address,
        ld1_0.city,
        ld1_0.created_at,
        ld1_0.is_active,
        ld1_0.latitude,
        ld1_0.longitude,
        ld1_0.postal_code,
        ld1_0.updated_at 
    from
        locations ld1_0 
    where
        ld1_0.postal_code=?
Hibernate: 
    select
        ld1_0.id,
        ld1_0.address,
        ld1_0.city,
        ld1_0.created_at,
        ld1_0.is_active,
        ld1_0.latitude,
        ld1_0.longitude,
        ld1_0.postal_code,
        ld1_0.updated_at 
    from
        locations ld1_0 
    where
        ld1_0.postal_code=?
2025-12-06 01:55:53.370 [main] DEBUG [tfms-truck-fleet-management-system] [] org.hibernate.SQL - 
    insert 
    into
        locations
        (address, city, created_at, is_active, latitude, longitude, postal_code, updated_at) 
    values
        (?, ?, ?, ?, ?, ?, ?, ?)
Hibernate: 
    insert 
    into
        locations
        (address, city, created_at, is_active, latitude, longitude, postal_code, updated_at) 
    values
        (?, ?, ?, ?, ?, ?, ?, ?)
2025-12-06 01:55:53.375 [main] DEBUG [tfms-truck-fleet-management-system] [] org.hibernate.SQL - 
    select
        pd1_0.id 
    from
        parcels pd1_0 
    where
        pd1_0.name=? 
    fetch
        first ? rows only
Hibernate: 
    select
        pd1_0.id 
    from
        parcels pd1_0 
    where
        pd1_0.name=? 
    fetch
        first ? rows only
2025-12-06 01:55:53.376 [main] DEBUG [tfms-truck-fleet-management-system] [] org.hibernate.SQL - 
    insert 
    into
        parcels
        (active, created_at, delivery_instructions, delivery_location_id, estimated_travel_time, name, planned_delivery_date, recipient_name, recipient_phone, status, stop_id, updated_at, volume, warehouse_id, weight) 
    values
        (?, ?, ?, ?, ?, ?, ?, ?, ?, ?, ?, ?, ?, ?, ?)
Hibernate: 
    insert 
    into
        parcels
        (active, created_at, delivery_instructions, delivery_location_id, estimated_travel_time, name, planned_delivery_date, recipient_name, recipient_phone, status, stop_id, updated_at, volume, warehouse_id, weight) 
    values
        (?, ?, ?, ?, ?, ?, ?, ?, ?, ?, ?, ?, ?, ?, ?)
2025-12-06 01:55:53.379 [main] DEBUG [tfms-truck-fleet-management-system] [] org.hibernate.SQL - 
    select
        ld1_0.id,
        ld1_0.address,
        ld1_0.city,
        ld1_0.created_at,
        ld1_0.is_active,
        ld1_0.latitude,
        ld1_0.longitude,
        ld1_0.postal_code,
        ld1_0.updated_at 
    from
        locations ld1_0 
    where
        ld1_0.postal_code=?
Hibernate: 
    select
        ld1_0.id,
        ld1_0.address,
        ld1_0.city,
        ld1_0.created_at,
        ld1_0.is_active,
        ld1_0.latitude,
        ld1_0.longitude,
        ld1_0.postal_code,
        ld1_0.updated_at 
    from
        locations ld1_0 
    where
        ld1_0.postal_code=?
2025-12-06 01:55:53.380 [main] DEBUG [tfms-truck-fleet-management-system] [] org.hibernate.SQL - 
    insert 
    into
        locations
        (address, city, created_at, is_active, latitude, longitude, postal_code, updated_at) 
    values
        (?, ?, ?, ?, ?, ?, ?, ?)
Hibernate: 
    insert 
    into
        locations
        (address, city, created_at, is_active, latitude, longitude, postal_code, updated_at) 
    values
        (?, ?, ?, ?, ?, ?, ?, ?)
2025-12-06 01:55:53.382 [main] DEBUG [tfms-truck-fleet-management-system] [] org.hibernate.SQL - 
    select
        pd1_0.id 
    from
        parcels pd1_0 
    where
        pd1_0.name=? 
    fetch
        first ? rows only
Hibernate: 
    select
        pd1_0.id 
    from
        parcels pd1_0 
    where
        pd1_0.name=? 
    fetch
        first ? rows only
2025-12-06 01:55:53.384 [main] DEBUG [tfms-truck-fleet-management-system] [] org.hibernate.SQL - 
    insert 
    into
        parcels
        (active, created_at, delivery_instructions, delivery_location_id, estimated_travel_time, name, planned_delivery_date, recipient_name, recipient_phone, status, stop_id, updated_at, volume, warehouse_id, weight) 
    values
        (?, ?, ?, ?, ?, ?, ?, ?, ?, ?, ?, ?, ?, ?, ?)
Hibernate: 
    insert 
    into
        parcels
        (active, created_at, delivery_instructions, delivery_location_id, estimated_travel_time, name, planned_delivery_date, recipient_name, recipient_phone, status, stop_id, updated_at, volume, warehouse_id, weight) 
    values
        (?, ?, ?, ?, ?, ?, ?, ?, ?, ?, ?, ?, ?, ?, ?)
2025-12-06 01:55:53.386 [main] DEBUG [tfms-truck-fleet-management-system] [] org.hibernate.SQL - 
    select
        ld1_0.id,
        ld1_0.address,
        ld1_0.city,
        ld1_0.created_at,
        ld1_0.is_active,
        ld1_0.latitude,
        ld1_0.longitude,
        ld1_0.postal_code,
        ld1_0.updated_at 
    from
        locations ld1_0 
    where
        ld1_0.postal_code=?
Hibernate: 
    select
        ld1_0.id,
        ld1_0.address,
        ld1_0.city,
        ld1_0.created_at,
        ld1_0.is_active,
        ld1_0.latitude,
        ld1_0.longitude,
        ld1_0.postal_code,
        ld1_0.updated_at 
    from
        locations ld1_0 
    where
        ld1_0.postal_code=?
2025-12-06 01:55:53.388 [main] DEBUG [tfms-truck-fleet-management-system] [] org.hibernate.SQL - 
    insert 
    into
        locations
        (address, city, created_at, is_active, latitude, longitude, postal_code, updated_at) 
    values
        (?, ?, ?, ?, ?, ?, ?, ?)
Hibernate: 
    insert 
    into
        locations
        (address, city, created_at, is_active, latitude, longitude, postal_code, updated_at) 
    values
        (?, ?, ?, ?, ?, ?, ?, ?)
2025-12-06 01:55:53.391 [main] DEBUG [tfms-truck-fleet-management-system] [] org.hibernate.SQL - 
    select
        pd1_0.id 
    from
        parcels pd1_0 
    where
        pd1_0.name=? 
    fetch
        first ? rows only
Hibernate: 
    select
        pd1_0.id 
    from
        parcels pd1_0 
    where
        pd1_0.name=? 
    fetch
        first ? rows only
2025-12-06 01:55:53.392 [main] DEBUG [tfms-truck-fleet-management-system] [] org.hibernate.SQL - 
    insert 
    into
        parcels
        (active, created_at, delivery_instructions, delivery_location_id, estimated_travel_time, name, planned_delivery_date, recipient_name, recipient_phone, status, stop_id, updated_at, volume, warehouse_id, weight) 
    values
        (?, ?, ?, ?, ?, ?, ?, ?, ?, ?, ?, ?, ?, ?, ?)
Hibernate: 
    insert 
    into
        parcels
        (active, created_at, delivery_instructions, delivery_location_id, estimated_travel_time, name, planned_delivery_date, recipient_name, recipient_phone, status, stop_id, updated_at, volume, warehouse_id, weight) 
    values
        (?, ?, ?, ?, ?, ?, ?, ?, ?, ?, ?, ?, ?, ?, ?)
2025-12-06 01:55:53.397 [main] DEBUG [tfms-truck-fleet-management-system] [] org.hibernate.SQL - 
    select
        ld1_0.id,
        ld1_0.address,
        ld1_0.city,
        ld1_0.created_at,
        ld1_0.is_active,
        ld1_0.latitude,
        ld1_0.longitude,
        ld1_0.postal_code,
        ld1_0.updated_at 
    from
        locations ld1_0 
    where
        ld1_0.postal_code=?
Hibernate: 
    select
        ld1_0.id,
        ld1_0.address,
        ld1_0.city,
        ld1_0.created_at,
        ld1_0.is_active,
        ld1_0.latitude,
        ld1_0.longitude,
        ld1_0.postal_code,
        ld1_0.updated_at 
    from
        locations ld1_0 
    where
        ld1_0.postal_code=?
2025-12-06 01:55:53.397 [main] DEBUG [tfms-truck-fleet-management-system] [] org.hibernate.SQL - 
    insert 
    into
        locations
        (address, city, created_at, is_active, latitude, longitude, postal_code, updated_at) 
    values
        (?, ?, ?, ?, ?, ?, ?, ?)
Hibernate: 
    insert 
    into
        locations
        (address, city, created_at, is_active, latitude, longitude, postal_code, updated_at) 
    values
        (?, ?, ?, ?, ?, ?, ?, ?)
2025-12-06 01:55:53.400 [main] DEBUG [tfms-truck-fleet-management-system] [] org.hibernate.SQL - 
    select
        pd1_0.id 
    from
        parcels pd1_0 
    where
        pd1_0.name=? 
    fetch
        first ? rows only
Hibernate: 
    select
        pd1_0.id 
    from
        parcels pd1_0 
    where
        pd1_0.name=? 
    fetch
        first ? rows only
2025-12-06 01:55:53.401 [main] DEBUG [tfms-truck-fleet-management-system] [] org.hibernate.SQL - 
    insert 
    into
        parcels
        (active, created_at, delivery_instructions, delivery_location_id, estimated_travel_time, name, planned_delivery_date, recipient_name, recipient_phone, status, stop_id, updated_at, volume, warehouse_id, weight) 
    values
        (?, ?, ?, ?, ?, ?, ?, ?, ?, ?, ?, ?, ?, ?, ?)
Hibernate: 
    insert 
    into
        parcels
        (active, created_at, delivery_instructions, delivery_location_id, estimated_travel_time, name, planned_delivery_date, recipient_name, recipient_phone, status, stop_id, updated_at, volume, warehouse_id, weight) 
    values
        (?, ?, ?, ?, ?, ?, ?, ?, ?, ?, ?, ?, ?, ?, ?)
2025-12-06 01:55:53.404 [main] DEBUG [tfms-truck-fleet-management-system] [] org.hibernate.SQL - 
    select
        ld1_0.id,
        ld1_0.address,
        ld1_0.city,
        ld1_0.created_at,
        ld1_0.is_active,
        ld1_0.latitude,
        ld1_0.longitude,
        ld1_0.postal_code,
        ld1_0.updated_at 
    from
        locations ld1_0 
    where
        ld1_0.postal_code=?
Hibernate: 
    select
        ld1_0.id,
        ld1_0.address,
        ld1_0.city,
        ld1_0.created_at,
        ld1_0.is_active,
        ld1_0.latitude,
        ld1_0.longitude,
        ld1_0.postal_code,
        ld1_0.updated_at 
    from
        locations ld1_0 
    where
        ld1_0.postal_code=?
2025-12-06 01:55:53.406 [main] DEBUG [tfms-truck-fleet-management-system] [] org.hibernate.SQL - 
    insert 
    into
        locations
        (address, city, created_at, is_active, latitude, longitude, postal_code, updated_at) 
    values
        (?, ?, ?, ?, ?, ?, ?, ?)
Hibernate: 
    insert 
    into
        locations
        (address, city, created_at, is_active, latitude, longitude, postal_code, updated_at) 
    values
        (?, ?, ?, ?, ?, ?, ?, ?)
2025-12-06 01:55:53.409 [main] DEBUG [tfms-truck-fleet-management-system] [] org.hibernate.SQL - 
    select
        pd1_0.id 
    from
        parcels pd1_0 
    where
        pd1_0.name=? 
    fetch
        first ? rows only
Hibernate: 
    select
        pd1_0.id 
    from
        parcels pd1_0 
    where
        pd1_0.name=? 
    fetch
        first ? rows only
2025-12-06 01:55:53.410 [main] DEBUG [tfms-truck-fleet-management-system] [] org.hibernate.SQL - 
    insert 
    into
        parcels
        (active, created_at, delivery_instructions, delivery_location_id, estimated_travel_time, name, planned_delivery_date, recipient_name, recipient_phone, status, stop_id, updated_at, volume, warehouse_id, weight) 
    values
        (?, ?, ?, ?, ?, ?, ?, ?, ?, ?, ?, ?, ?, ?, ?)
Hibernate: 
    insert 
    into
        parcels
        (active, created_at, delivery_instructions, delivery_location_id, estimated_travel_time, name, planned_delivery_date, recipient_name, recipient_phone, status, stop_id, updated_at, volume, warehouse_id, weight) 
    values
        (?, ?, ?, ?, ?, ?, ?, ?, ?, ?, ?, ?, ?, ?, ?)
2025-12-06 01:55:53.412 [main] DEBUG [tfms-truck-fleet-management-system] [] org.hibernate.SQL - 
    select
        ld1_0.id,
        ld1_0.address,
        ld1_0.city,
        ld1_0.created_at,
        ld1_0.is_active,
        ld1_0.latitude,
        ld1_0.longitude,
        ld1_0.postal_code,
        ld1_0.updated_at 
    from
        locations ld1_0 
    where
        ld1_0.postal_code=?
Hibernate: 
    select
        ld1_0.id,
        ld1_0.address,
        ld1_0.city,
        ld1_0.created_at,
        ld1_0.is_active,
        ld1_0.latitude,
        ld1_0.longitude,
        ld1_0.postal_code,
        ld1_0.updated_at 
    from
        locations ld1_0 
    where
        ld1_0.postal_code=?
2025-12-06 01:55:53.413 [main] DEBUG [tfms-truck-fleet-management-system] [] org.hibernate.SQL - 
    insert 
    into
        locations
        (address, city, created_at, is_active, latitude, longitude, postal_code, updated_at) 
    values
        (?, ?, ?, ?, ?, ?, ?, ?)
Hibernate: 
    insert 
    into
        locations
        (address, city, created_at, is_active, latitude, longitude, postal_code, updated_at) 
    values
        (?, ?, ?, ?, ?, ?, ?, ?)
2025-12-06 01:55:53.415 [main] DEBUG [tfms-truck-fleet-management-system] [] org.hibernate.SQL - 
    select
        pd1_0.id 
    from
        parcels pd1_0 
    where
        pd1_0.name=? 
    fetch
        first ? rows only
Hibernate: 
    select
        pd1_0.id 
    from
        parcels pd1_0 
    where
        pd1_0.name=? 
    fetch
        first ? rows only
2025-12-06 01:55:53.416 [main] DEBUG [tfms-truck-fleet-management-system] [] org.hibernate.SQL - 
    insert 
    into
        parcels
        (active, created_at, delivery_instructions, delivery_location_id, estimated_travel_time, name, planned_delivery_date, recipient_name, recipient_phone, status, stop_id, updated_at, volume, warehouse_id, weight) 
    values
        (?, ?, ?, ?, ?, ?, ?, ?, ?, ?, ?, ?, ?, ?, ?)
Hibernate: 
    insert 
    into
        parcels
        (active, created_at, delivery_instructions, delivery_location_id, estimated_travel_time, name, planned_delivery_date, recipient_name, recipient_phone, status, stop_id, updated_at, volume, warehouse_id, weight) 
    values
        (?, ?, ?, ?, ?, ?, ?, ?, ?, ?, ?, ?, ?, ?, ?)
2025-12-06 01:55:53.418 [main] DEBUG [tfms-truck-fleet-management-system] [] org.hibernate.SQL - 
    select
        ld1_0.id,
        ld1_0.address,
        ld1_0.city,
        ld1_0.created_at,
        ld1_0.is_active,
        ld1_0.latitude,
        ld1_0.longitude,
        ld1_0.postal_code,
        ld1_0.updated_at 
    from
        locations ld1_0 
    where
        ld1_0.postal_code=?
Hibernate: 
    select
        ld1_0.id,
        ld1_0.address,
        ld1_0.city,
        ld1_0.created_at,
        ld1_0.is_active,
        ld1_0.latitude,
        ld1_0.longitude,
        ld1_0.postal_code,
        ld1_0.updated_at 
    from
        locations ld1_0 
    where
        ld1_0.postal_code=?
2025-12-06 01:55:53.419 [main] DEBUG [tfms-truck-fleet-management-system] [] org.hibernate.SQL - 
    insert 
    into
        locations
        (address, city, created_at, is_active, latitude, longitude, postal_code, updated_at) 
    values
        (?, ?, ?, ?, ?, ?, ?, ?)
Hibernate: 
    insert 
    into
        locations
        (address, city, created_at, is_active, latitude, longitude, postal_code, updated_at) 
    values
        (?, ?, ?, ?, ?, ?, ?, ?)
2025-12-06 01:55:53.422 [main] DEBUG [tfms-truck-fleet-management-system] [] org.hibernate.SQL - 
    select
        pd1_0.id 
    from
        parcels pd1_0 
    where
        pd1_0.name=? 
    fetch
        first ? rows only
Hibernate: 
    select
        pd1_0.id 
    from
        parcels pd1_0 
    where
        pd1_0.name=? 
    fetch
        first ? rows only
2025-12-06 01:55:53.424 [main] DEBUG [tfms-truck-fleet-management-system] [] org.hibernate.SQL - 
    insert 
    into
        parcels
        (active, created_at, delivery_instructions, delivery_location_id, estimated_travel_time, name, planned_delivery_date, recipient_name, recipient_phone, status, stop_id, updated_at, volume, warehouse_id, weight) 
    values
        (?, ?, ?, ?, ?, ?, ?, ?, ?, ?, ?, ?, ?, ?, ?)
Hibernate: 
    insert 
    into
        parcels
        (active, created_at, delivery_instructions, delivery_location_id, estimated_travel_time, name, planned_delivery_date, recipient_name, recipient_phone, status, stop_id, updated_at, volume, warehouse_id, weight) 
    values
        (?, ?, ?, ?, ?, ?, ?, ?, ?, ?, ?, ?, ?, ?, ?)
Created 20 parcels for Warehouse-Groningen in Groningen
2025-12-06 01:55:53.428 [main] DEBUG [tfms-truck-fleet-management-system] [] org.hibernate.SQL - 
    select
        ld1_0.id,
        ld1_0.address,
        ld1_0.city,
        ld1_0.created_at,
        ld1_0.is_active,
        ld1_0.latitude,
        ld1_0.longitude,
        ld1_0.postal_code,
        ld1_0.updated_at 
    from
        locations ld1_0 
    where
        ld1_0.postal_code=?
Hibernate: 
    select
        ld1_0.id,
        ld1_0.address,
        ld1_0.city,
        ld1_0.created_at,
        ld1_0.is_active,
        ld1_0.latitude,
        ld1_0.longitude,
        ld1_0.postal_code,
        ld1_0.updated_at 
    from
        locations ld1_0 
    where
        ld1_0.postal_code=?
2025-12-06 01:55:53.429 [main] DEBUG [tfms-truck-fleet-management-system] [] org.hibernate.SQL - 
    insert 
    into
        locations
        (address, city, created_at, is_active, latitude, longitude, postal_code, updated_at) 
    values
        (?, ?, ?, ?, ?, ?, ?, ?)
Hibernate: 
    insert 
    into
        locations
        (address, city, created_at, is_active, latitude, longitude, postal_code, updated_at) 
    values
        (?, ?, ?, ?, ?, ?, ?, ?)
2025-12-06 01:55:53.431 [main] DEBUG [tfms-truck-fleet-management-system] [] org.hibernate.SQL - 
    select
        whd1_0.id,
        whd1_0.active,
        whd1_0.created_at,
        whd1_0.location_id,
        whd1_0.name,
        whd1_0.updated_at 
    from
        warehouse whd1_0 
    where
        whd1_0.name=?
Hibernate: 
    select
        whd1_0.id,
        whd1_0.active,
        whd1_0.created_at,
        whd1_0.location_id,
        whd1_0.name,
        whd1_0.updated_at 
    from
        warehouse whd1_0 
    where
        whd1_0.name=?
2025-12-06 01:55:53.433 [main] DEBUG [tfms-truck-fleet-management-system] [] org.hibernate.SQL - 
    insert 
    into
        warehouse
        (active, created_at, location_id, name, updated_at) 
    values
        (?, ?, ?, ?, ?)
Hibernate: 
    insert 
    into
        warehouse
        (active, created_at, location_id, name, updated_at) 
    values
        (?, ?, ?, ?, ?)
2025-12-06 01:55:53.436 [main] DEBUG [tfms-truck-fleet-management-system] [] org.hibernate.SQL - 
    select
        ld1_0.id,
        ld1_0.address,
        ld1_0.city,
        ld1_0.created_at,
        ld1_0.is_active,
        ld1_0.latitude,
        ld1_0.longitude,
        ld1_0.postal_code,
        ld1_0.updated_at 
    from
        locations ld1_0 
    where
        ld1_0.postal_code=?
Hibernate: 
    select
        ld1_0.id,
        ld1_0.address,
        ld1_0.city,
        ld1_0.created_at,
        ld1_0.is_active,
        ld1_0.latitude,
        ld1_0.longitude,
        ld1_0.postal_code,
        ld1_0.updated_at 
    from
        locations ld1_0 
    where
        ld1_0.postal_code=?
2025-12-06 01:55:53.437 [main] DEBUG [tfms-truck-fleet-management-system] [] org.hibernate.SQL - 
    insert 
    into
        locations
        (address, city, created_at, is_active, latitude, longitude, postal_code, updated_at) 
    values
        (?, ?, ?, ?, ?, ?, ?, ?)
Hibernate: 
    insert 
    into
        locations
        (address, city, created_at, is_active, latitude, longitude, postal_code, updated_at) 
    values
        (?, ?, ?, ?, ?, ?, ?, ?)
2025-12-06 01:55:53.441 [main] DEBUG [tfms-truck-fleet-management-system] [] org.hibernate.SQL - 
    select
        pd1_0.id 
    from
        parcels pd1_0 
    where
        pd1_0.name=? 
    fetch
        first ? rows only
Hibernate: 
    select
        pd1_0.id 
    from
        parcels pd1_0 
    where
        pd1_0.name=? 
    fetch
        first ? rows only
2025-12-06 01:55:53.442 [main] DEBUG [tfms-truck-fleet-management-system] [] org.hibernate.SQL - 
    insert 
    into
        parcels
        (active, created_at, delivery_instructions, delivery_location_id, estimated_travel_time, name, planned_delivery_date, recipient_name, recipient_phone, status, stop_id, updated_at, volume, warehouse_id, weight) 
    values
        (?, ?, ?, ?, ?, ?, ?, ?, ?, ?, ?, ?, ?, ?, ?)
Hibernate: 
    insert 
    into
        parcels
        (active, created_at, delivery_instructions, delivery_location_id, estimated_travel_time, name, planned_delivery_date, recipient_name, recipient_phone, status, stop_id, updated_at, volume, warehouse_id, weight) 
    values
        (?, ?, ?, ?, ?, ?, ?, ?, ?, ?, ?, ?, ?, ?, ?)
2025-12-06 01:55:53.446 [main] DEBUG [tfms-truck-fleet-management-system] [] org.hibernate.SQL - 
    select
        ld1_0.id,
        ld1_0.address,
        ld1_0.city,
        ld1_0.created_at,
        ld1_0.is_active,
        ld1_0.latitude,
        ld1_0.longitude,
        ld1_0.postal_code,
        ld1_0.updated_at 
    from
        locations ld1_0 
    where
        ld1_0.postal_code=?
Hibernate: 
    select
        ld1_0.id,
        ld1_0.address,
        ld1_0.city,
        ld1_0.created_at,
        ld1_0.is_active,
        ld1_0.latitude,
        ld1_0.longitude,
        ld1_0.postal_code,
        ld1_0.updated_at 
    from
        locations ld1_0 
    where
        ld1_0.postal_code=?
2025-12-06 01:55:53.447 [main] DEBUG [tfms-truck-fleet-management-system] [] org.hibernate.SQL - 
    insert 
    into
        locations
        (address, city, created_at, is_active, latitude, longitude, postal_code, updated_at) 
    values
        (?, ?, ?, ?, ?, ?, ?, ?)
Hibernate: 
    insert 
    into
        locations
        (address, city, created_at, is_active, latitude, longitude, postal_code, updated_at) 
    values
        (?, ?, ?, ?, ?, ?, ?, ?)
2025-12-06 01:55:53.450 [main] DEBUG [tfms-truck-fleet-management-system] [] org.hibernate.SQL - 
    select
        pd1_0.id 
    from
        parcels pd1_0 
    where
        pd1_0.name=? 
    fetch
        first ? rows only
Hibernate: 
    select
        pd1_0.id 
    from
        parcels pd1_0 
    where
        pd1_0.name=? 
    fetch
        first ? rows only
2025-12-06 01:55:53.451 [main] DEBUG [tfms-truck-fleet-management-system] [] org.hibernate.SQL - 
    insert 
    into
        parcels
        (active, created_at, delivery_instructions, delivery_location_id, estimated_travel_time, name, planned_delivery_date, recipient_name, recipient_phone, status, stop_id, updated_at, volume, warehouse_id, weight) 
    values
        (?, ?, ?, ?, ?, ?, ?, ?, ?, ?, ?, ?, ?, ?, ?)
Hibernate: 
    insert 
    into
        parcels
        (active, created_at, delivery_instructions, delivery_location_id, estimated_travel_time, name, planned_delivery_date, recipient_name, recipient_phone, status, stop_id, updated_at, volume, warehouse_id, weight) 
    values
        (?, ?, ?, ?, ?, ?, ?, ?, ?, ?, ?, ?, ?, ?, ?)
2025-12-06 01:55:53.454 [main] DEBUG [tfms-truck-fleet-management-system] [] org.hibernate.SQL - 
    select
        ld1_0.id,
        ld1_0.address,
        ld1_0.city,
        ld1_0.created_at,
        ld1_0.is_active,
        ld1_0.latitude,
        ld1_0.longitude,
        ld1_0.postal_code,
        ld1_0.updated_at 
    from
        locations ld1_0 
    where
        ld1_0.postal_code=?
Hibernate: 
    select
        ld1_0.id,
        ld1_0.address,
        ld1_0.city,
        ld1_0.created_at,
        ld1_0.is_active,
        ld1_0.latitude,
        ld1_0.longitude,
        ld1_0.postal_code,
        ld1_0.updated_at 
    from
        locations ld1_0 
    where
        ld1_0.postal_code=?
2025-12-06 01:55:53.455 [main] DEBUG [tfms-truck-fleet-management-system] [] org.hibernate.SQL - 
    insert 
    into
        locations
        (address, city, created_at, is_active, latitude, longitude, postal_code, updated_at) 
    values
        (?, ?, ?, ?, ?, ?, ?, ?)
Hibernate: 
    insert 
    into
        locations
        (address, city, created_at, is_active, latitude, longitude, postal_code, updated_at) 
    values
        (?, ?, ?, ?, ?, ?, ?, ?)
2025-12-06 01:55:53.458 [main] DEBUG [tfms-truck-fleet-management-system] [] org.hibernate.SQL - 
    select
        pd1_0.id 
    from
        parcels pd1_0 
    where
        pd1_0.name=? 
    fetch
        first ? rows only
Hibernate: 
    select
        pd1_0.id 
    from
        parcels pd1_0 
    where
        pd1_0.name=? 
    fetch
        first ? rows only
2025-12-06 01:55:53.458 [main] DEBUG [tfms-truck-fleet-management-system] [] org.hibernate.SQL - 
    insert 
    into
        parcels
        (active, created_at, delivery_instructions, delivery_location_id, estimated_travel_time, name, planned_delivery_date, recipient_name, recipient_phone, status, stop_id, updated_at, volume, warehouse_id, weight) 
    values
        (?, ?, ?, ?, ?, ?, ?, ?, ?, ?, ?, ?, ?, ?, ?)
Hibernate: 
    insert 
    into
        parcels
        (active, created_at, delivery_instructions, delivery_location_id, estimated_travel_time, name, planned_delivery_date, recipient_name, recipient_phone, status, stop_id, updated_at, volume, warehouse_id, weight) 
    values
        (?, ?, ?, ?, ?, ?, ?, ?, ?, ?, ?, ?, ?, ?, ?)
2025-12-06 01:55:53.461 [main] DEBUG [tfms-truck-fleet-management-system] [] org.hibernate.SQL - 
    select
        ld1_0.id,
        ld1_0.address,
        ld1_0.city,
        ld1_0.created_at,
        ld1_0.is_active,
        ld1_0.latitude,
        ld1_0.longitude,
        ld1_0.postal_code,
        ld1_0.updated_at 
    from
        locations ld1_0 
    where
        ld1_0.postal_code=?
Hibernate: 
    select
        ld1_0.id,
        ld1_0.address,
        ld1_0.city,
        ld1_0.created_at,
        ld1_0.is_active,
        ld1_0.latitude,
        ld1_0.longitude,
        ld1_0.postal_code,
        ld1_0.updated_at 
    from
        locations ld1_0 
    where
        ld1_0.postal_code=?
2025-12-06 01:55:53.462 [main] DEBUG [tfms-truck-fleet-management-system] [] org.hibernate.SQL - 
    insert 
    into
        locations
        (address, city, created_at, is_active, latitude, longitude, postal_code, updated_at) 
    values
        (?, ?, ?, ?, ?, ?, ?, ?)
Hibernate: 
    insert 
    into
        locations
        (address, city, created_at, is_active, latitude, longitude, postal_code, updated_at) 
    values
        (?, ?, ?, ?, ?, ?, ?, ?)
2025-12-06 01:55:53.464 [main] DEBUG [tfms-truck-fleet-management-system] [] org.hibernate.SQL - 
    select
        pd1_0.id 
    from
        parcels pd1_0 
    where
        pd1_0.name=? 
    fetch
        first ? rows only
Hibernate: 
    select
        pd1_0.id 
    from
        parcels pd1_0 
    where
        pd1_0.name=? 
    fetch
        first ? rows only
2025-12-06 01:55:53.465 [main] DEBUG [tfms-truck-fleet-management-system] [] org.hibernate.SQL - 
    insert 
    into
        parcels
        (active, created_at, delivery_instructions, delivery_location_id, estimated_travel_time, name, planned_delivery_date, recipient_name, recipient_phone, status, stop_id, updated_at, volume, warehouse_id, weight) 
    values
        (?, ?, ?, ?, ?, ?, ?, ?, ?, ?, ?, ?, ?, ?, ?)
Hibernate: 
    insert 
    into
        parcels
        (active, created_at, delivery_instructions, delivery_location_id, estimated_travel_time, name, planned_delivery_date, recipient_name, recipient_phone, status, stop_id, updated_at, volume, warehouse_id, weight) 
    values
        (?, ?, ?, ?, ?, ?, ?, ?, ?, ?, ?, ?, ?, ?, ?)
2025-12-06 01:55:53.467 [main] DEBUG [tfms-truck-fleet-management-system] [] org.hibernate.SQL - 
    select
        ld1_0.id,
        ld1_0.address,
        ld1_0.city,
        ld1_0.created_at,
        ld1_0.is_active,
        ld1_0.latitude,
        ld1_0.longitude,
        ld1_0.postal_code,
        ld1_0.updated_at 
    from
        locations ld1_0 
    where
        ld1_0.postal_code=?
Hibernate: 
    select
        ld1_0.id,
        ld1_0.address,
        ld1_0.city,
        ld1_0.created_at,
        ld1_0.is_active,
        ld1_0.latitude,
        ld1_0.longitude,
        ld1_0.postal_code,
        ld1_0.updated_at 
    from
        locations ld1_0 
    where
        ld1_0.postal_code=?
2025-12-06 01:55:53.468 [main] DEBUG [tfms-truck-fleet-management-system] [] org.hibernate.SQL - 
    insert 
    into
        locations
        (address, city, created_at, is_active, latitude, longitude, postal_code, updated_at) 
    values
        (?, ?, ?, ?, ?, ?, ?, ?)
Hibernate: 
    insert 
    into
        locations
        (address, city, created_at, is_active, latitude, longitude, postal_code, updated_at) 
    values
        (?, ?, ?, ?, ?, ?, ?, ?)
2025-12-06 01:55:53.471 [main] DEBUG [tfms-truck-fleet-management-system] [] org.hibernate.SQL - 
    select
        pd1_0.id 
    from
        parcels pd1_0 
    where
        pd1_0.name=? 
    fetch
        first ? rows only
Hibernate: 
    select
        pd1_0.id 
    from
        parcels pd1_0 
    where
        pd1_0.name=? 
    fetch
        first ? rows only
2025-12-06 01:55:53.472 [main] DEBUG [tfms-truck-fleet-management-system] [] org.hibernate.SQL - 
    insert 
    into
        parcels
        (active, created_at, delivery_instructions, delivery_location_id, estimated_travel_time, name, planned_delivery_date, recipient_name, recipient_phone, status, stop_id, updated_at, volume, warehouse_id, weight) 
    values
        (?, ?, ?, ?, ?, ?, ?, ?, ?, ?, ?, ?, ?, ?, ?)
Hibernate: 
    insert 
    into
        parcels
        (active, created_at, delivery_instructions, delivery_location_id, estimated_travel_time, name, planned_delivery_date, recipient_name, recipient_phone, status, stop_id, updated_at, volume, warehouse_id, weight) 
    values
        (?, ?, ?, ?, ?, ?, ?, ?, ?, ?, ?, ?, ?, ?, ?)
2025-12-06 01:55:53.475 [main] DEBUG [tfms-truck-fleet-management-system] [] org.hibernate.SQL - 
    select
        ld1_0.id,
        ld1_0.address,
        ld1_0.city,
        ld1_0.created_at,
        ld1_0.is_active,
        ld1_0.latitude,
        ld1_0.longitude,
        ld1_0.postal_code,
        ld1_0.updated_at 
    from
        locations ld1_0 
    where
        ld1_0.postal_code=?
Hibernate: 
    select
        ld1_0.id,
        ld1_0.address,
        ld1_0.city,
        ld1_0.created_at,
        ld1_0.is_active,
        ld1_0.latitude,
        ld1_0.longitude,
        ld1_0.postal_code,
        ld1_0.updated_at 
    from
        locations ld1_0 
    where
        ld1_0.postal_code=?
2025-12-06 01:55:53.476 [main] DEBUG [tfms-truck-fleet-management-system] [] org.hibernate.SQL - 
    insert 
    into
        locations
        (address, city, created_at, is_active, latitude, longitude, postal_code, updated_at) 
    values
        (?, ?, ?, ?, ?, ?, ?, ?)
Hibernate: 
    insert 
    into
        locations
        (address, city, created_at, is_active, latitude, longitude, postal_code, updated_at) 
    values
        (?, ?, ?, ?, ?, ?, ?, ?)
2025-12-06 01:55:53.478 [main] DEBUG [tfms-truck-fleet-management-system] [] org.hibernate.SQL - 
    select
        pd1_0.id 
    from
        parcels pd1_0 
    where
        pd1_0.name=? 
    fetch
        first ? rows only
Hibernate: 
    select
        pd1_0.id 
    from
        parcels pd1_0 
    where
        pd1_0.name=? 
    fetch
        first ? rows only
2025-12-06 01:55:53.479 [main] DEBUG [tfms-truck-fleet-management-system] [] org.hibernate.SQL - 
    insert 
    into
        parcels
        (active, created_at, delivery_instructions, delivery_location_id, estimated_travel_time, name, planned_delivery_date, recipient_name, recipient_phone, status, stop_id, updated_at, volume, warehouse_id, weight) 
    values
        (?, ?, ?, ?, ?, ?, ?, ?, ?, ?, ?, ?, ?, ?, ?)
Hibernate: 
    insert 
    into
        parcels
        (active, created_at, delivery_instructions, delivery_location_id, estimated_travel_time, name, planned_delivery_date, recipient_name, recipient_phone, status, stop_id, updated_at, volume, warehouse_id, weight) 
    values
        (?, ?, ?, ?, ?, ?, ?, ?, ?, ?, ?, ?, ?, ?, ?)
2025-12-06 01:55:53.481 [main] DEBUG [tfms-truck-fleet-management-system] [] org.hibernate.SQL - 
    select
        ld1_0.id,
        ld1_0.address,
        ld1_0.city,
        ld1_0.created_at,
        ld1_0.is_active,
        ld1_0.latitude,
        ld1_0.longitude,
        ld1_0.postal_code,
        ld1_0.updated_at 
    from
        locations ld1_0 
    where
        ld1_0.postal_code=?
Hibernate: 
    select
        ld1_0.id,
        ld1_0.address,
        ld1_0.city,
        ld1_0.created_at,
        ld1_0.is_active,
        ld1_0.latitude,
        ld1_0.longitude,
        ld1_0.postal_code,
        ld1_0.updated_at 
    from
        locations ld1_0 
    where
        ld1_0.postal_code=?
2025-12-06 01:55:53.482 [main] DEBUG [tfms-truck-fleet-management-system] [] org.hibernate.SQL - 
    insert 
    into
        locations
        (address, city, created_at, is_active, latitude, longitude, postal_code, updated_at) 
    values
        (?, ?, ?, ?, ?, ?, ?, ?)
Hibernate: 
    insert 
    into
        locations
        (address, city, created_at, is_active, latitude, longitude, postal_code, updated_at) 
    values
        (?, ?, ?, ?, ?, ?, ?, ?)
2025-12-06 01:55:53.485 [main] DEBUG [tfms-truck-fleet-management-system] [] org.hibernate.SQL - 
    select
        pd1_0.id 
    from
        parcels pd1_0 
    where
        pd1_0.name=? 
    fetch
        first ? rows only
Hibernate: 
    select
        pd1_0.id 
    from
        parcels pd1_0 
    where
        pd1_0.name=? 
    fetch
        first ? rows only
2025-12-06 01:55:53.485 [main] DEBUG [tfms-truck-fleet-management-system] [] org.hibernate.SQL - 
    insert 
    into
        parcels
        (active, created_at, delivery_instructions, delivery_location_id, estimated_travel_time, name, planned_delivery_date, recipient_name, recipient_phone, status, stop_id, updated_at, volume, warehouse_id, weight) 
    values
        (?, ?, ?, ?, ?, ?, ?, ?, ?, ?, ?, ?, ?, ?, ?)
Hibernate: 
    insert 
    into
        parcels
        (active, created_at, delivery_instructions, delivery_location_id, estimated_travel_time, name, planned_delivery_date, recipient_name, recipient_phone, status, stop_id, updated_at, volume, warehouse_id, weight) 
    values
        (?, ?, ?, ?, ?, ?, ?, ?, ?, ?, ?, ?, ?, ?, ?)
2025-12-06 01:55:53.488 [main] DEBUG [tfms-truck-fleet-management-system] [] org.hibernate.SQL - 
    select
        ld1_0.id,
        ld1_0.address,
        ld1_0.city,
        ld1_0.created_at,
        ld1_0.is_active,
        ld1_0.latitude,
        ld1_0.longitude,
        ld1_0.postal_code,
        ld1_0.updated_at 
    from
        locations ld1_0 
    where
        ld1_0.postal_code=?
Hibernate: 
    select
        ld1_0.id,
        ld1_0.address,
        ld1_0.city,
        ld1_0.created_at,
        ld1_0.is_active,
        ld1_0.latitude,
        ld1_0.longitude,
        ld1_0.postal_code,
        ld1_0.updated_at 
    from
        locations ld1_0 
    where
        ld1_0.postal_code=?
2025-12-06 01:55:53.489 [main] DEBUG [tfms-truck-fleet-management-system] [] org.hibernate.SQL - 
    insert 
    into
        locations
        (address, city, created_at, is_active, latitude, longitude, postal_code, updated_at) 
    values
        (?, ?, ?, ?, ?, ?, ?, ?)
Hibernate: 
    insert 
    into
        locations
        (address, city, created_at, is_active, latitude, longitude, postal_code, updated_at) 
    values
        (?, ?, ?, ?, ?, ?, ?, ?)
2025-12-06 01:55:53.492 [main] DEBUG [tfms-truck-fleet-management-system] [] org.hibernate.SQL - 
    select
        pd1_0.id 
    from
        parcels pd1_0 
    where
        pd1_0.name=? 
    fetch
        first ? rows only
Hibernate: 
    select
        pd1_0.id 
    from
        parcels pd1_0 
    where
        pd1_0.name=? 
    fetch
        first ? rows only
2025-12-06 01:55:53.493 [main] DEBUG [tfms-truck-fleet-management-system] [] org.hibernate.SQL - 
    insert 
    into
        parcels
        (active, created_at, delivery_instructions, delivery_location_id, estimated_travel_time, name, planned_delivery_date, recipient_name, recipient_phone, status, stop_id, updated_at, volume, warehouse_id, weight) 
    values
        (?, ?, ?, ?, ?, ?, ?, ?, ?, ?, ?, ?, ?, ?, ?)
Hibernate: 
    insert 
    into
        parcels
        (active, created_at, delivery_instructions, delivery_location_id, estimated_travel_time, name, planned_delivery_date, recipient_name, recipient_phone, status, stop_id, updated_at, volume, warehouse_id, weight) 
    values
        (?, ?, ?, ?, ?, ?, ?, ?, ?, ?, ?, ?, ?, ?, ?)
2025-12-06 01:55:53.495 [main] DEBUG [tfms-truck-fleet-management-system] [] org.hibernate.SQL - 
    select
        ld1_0.id,
        ld1_0.address,
        ld1_0.city,
        ld1_0.created_at,
        ld1_0.is_active,
        ld1_0.latitude,
        ld1_0.longitude,
        ld1_0.postal_code,
        ld1_0.updated_at 
    from
        locations ld1_0 
    where
        ld1_0.postal_code=?
Hibernate: 
    select
        ld1_0.id,
        ld1_0.address,
        ld1_0.city,
        ld1_0.created_at,
        ld1_0.is_active,
        ld1_0.latitude,
        ld1_0.longitude,
        ld1_0.postal_code,
        ld1_0.updated_at 
    from
        locations ld1_0 
    where
        ld1_0.postal_code=?
2025-12-06 01:55:53.496 [main] DEBUG [tfms-truck-fleet-management-system] [] org.hibernate.SQL - 
    insert 
    into
        locations
        (address, city, created_at, is_active, latitude, longitude, postal_code, updated_at) 
    values
        (?, ?, ?, ?, ?, ?, ?, ?)
Hibernate: 
    insert 
    into
        locations
        (address, city, created_at, is_active, latitude, longitude, postal_code, updated_at) 
    values
        (?, ?, ?, ?, ?, ?, ?, ?)
2025-12-06 01:55:53.499 [main] DEBUG [tfms-truck-fleet-management-system] [] org.hibernate.SQL - 
    select
        pd1_0.id 
    from
        parcels pd1_0 
    where
        pd1_0.name=? 
    fetch
        first ? rows only
Hibernate: 
    select
        pd1_0.id 
    from
        parcels pd1_0 
    where
        pd1_0.name=? 
    fetch
        first ? rows only
2025-12-06 01:55:53.500 [main] DEBUG [tfms-truck-fleet-management-system] [] org.hibernate.SQL - 
    insert 
    into
        parcels
        (active, created_at, delivery_instructions, delivery_location_id, estimated_travel_time, name, planned_delivery_date, recipient_name, recipient_phone, status, stop_id, updated_at, volume, warehouse_id, weight) 
    values
        (?, ?, ?, ?, ?, ?, ?, ?, ?, ?, ?, ?, ?, ?, ?)
Hibernate: 
    insert 
    into
        parcels
        (active, created_at, delivery_instructions, delivery_location_id, estimated_travel_time, name, planned_delivery_date, recipient_name, recipient_phone, status, stop_id, updated_at, volume, warehouse_id, weight) 
    values
        (?, ?, ?, ?, ?, ?, ?, ?, ?, ?, ?, ?, ?, ?, ?)
2025-12-06 01:55:53.502 [main] DEBUG [tfms-truck-fleet-management-system] [] org.hibernate.SQL - 
    select
        ld1_0.id,
        ld1_0.address,
        ld1_0.city,
        ld1_0.created_at,
        ld1_0.is_active,
        ld1_0.latitude,
        ld1_0.longitude,
        ld1_0.postal_code,
        ld1_0.updated_at 
    from
        locations ld1_0 
    where
        ld1_0.postal_code=?
Hibernate: 
    select
        ld1_0.id,
        ld1_0.address,
        ld1_0.city,
        ld1_0.created_at,
        ld1_0.is_active,
        ld1_0.latitude,
        ld1_0.longitude,
        ld1_0.postal_code,
        ld1_0.updated_at 
    from
        locations ld1_0 
    where
        ld1_0.postal_code=?
2025-12-06 01:55:53.504 [main] DEBUG [tfms-truck-fleet-management-system] [] org.hibernate.SQL - 
    insert 
    into
        locations
        (address, city, created_at, is_active, latitude, longitude, postal_code, updated_at) 
    values
        (?, ?, ?, ?, ?, ?, ?, ?)
Hibernate: 
    insert 
    into
        locations
        (address, city, created_at, is_active, latitude, longitude, postal_code, updated_at) 
    values
        (?, ?, ?, ?, ?, ?, ?, ?)
2025-12-06 01:55:53.508 [main] DEBUG [tfms-truck-fleet-management-system] [] org.hibernate.SQL - 
    select
        pd1_0.id 
    from
        parcels pd1_0 
    where
        pd1_0.name=? 
    fetch
        first ? rows only
Hibernate: 
    select
        pd1_0.id 
    from
        parcels pd1_0 
    where
        pd1_0.name=? 
    fetch
        first ? rows only
2025-12-06 01:55:53.509 [main] DEBUG [tfms-truck-fleet-management-system] [] org.hibernate.SQL - 
    insert 
    into
        parcels
        (active, created_at, delivery_instructions, delivery_location_id, estimated_travel_time, name, planned_delivery_date, recipient_name, recipient_phone, status, stop_id, updated_at, volume, warehouse_id, weight) 
    values
        (?, ?, ?, ?, ?, ?, ?, ?, ?, ?, ?, ?, ?, ?, ?)
Hibernate: 
    insert 
    into
        parcels
        (active, created_at, delivery_instructions, delivery_location_id, estimated_travel_time, name, planned_delivery_date, recipient_name, recipient_phone, status, stop_id, updated_at, volume, warehouse_id, weight) 
    values
        (?, ?, ?, ?, ?, ?, ?, ?, ?, ?, ?, ?, ?, ?, ?)
2025-12-06 01:55:53.512 [main] DEBUG [tfms-truck-fleet-management-system] [] org.hibernate.SQL - 
    select
        ld1_0.id,
        ld1_0.address,
        ld1_0.city,
        ld1_0.created_at,
        ld1_0.is_active,
        ld1_0.latitude,
        ld1_0.longitude,
        ld1_0.postal_code,
        ld1_0.updated_at 
    from
        locations ld1_0 
    where
        ld1_0.postal_code=?
Hibernate: 
    select
        ld1_0.id,
        ld1_0.address,
        ld1_0.city,
        ld1_0.created_at,
        ld1_0.is_active,
        ld1_0.latitude,
        ld1_0.longitude,
        ld1_0.postal_code,
        ld1_0.updated_at 
    from
        locations ld1_0 
    where
        ld1_0.postal_code=?
2025-12-06 01:55:53.513 [main] DEBUG [tfms-truck-fleet-management-system] [] org.hibernate.SQL - 
    insert 
    into
        locations
        (address, city, created_at, is_active, latitude, longitude, postal_code, updated_at) 
    values
        (?, ?, ?, ?, ?, ?, ?, ?)
Hibernate: 
    insert 
    into
        locations
        (address, city, created_at, is_active, latitude, longitude, postal_code, updated_at) 
    values
        (?, ?, ?, ?, ?, ?, ?, ?)
2025-12-06 01:55:53.515 [main] DEBUG [tfms-truck-fleet-management-system] [] org.hibernate.SQL - 
    select
        pd1_0.id 
    from
        parcels pd1_0 
    where
        pd1_0.name=? 
    fetch
        first ? rows only
Hibernate: 
    select
        pd1_0.id 
    from
        parcels pd1_0 
    where
        pd1_0.name=? 
    fetch
        first ? rows only
2025-12-06 01:55:53.516 [main] DEBUG [tfms-truck-fleet-management-system] [] org.hibernate.SQL - 
    insert 
    into
        parcels
        (active, created_at, delivery_instructions, delivery_location_id, estimated_travel_time, name, planned_delivery_date, recipient_name, recipient_phone, status, stop_id, updated_at, volume, warehouse_id, weight) 
    values
        (?, ?, ?, ?, ?, ?, ?, ?, ?, ?, ?, ?, ?, ?, ?)
Hibernate: 
    insert 
    into
        parcels
        (active, created_at, delivery_instructions, delivery_location_id, estimated_travel_time, name, planned_delivery_date, recipient_name, recipient_phone, status, stop_id, updated_at, volume, warehouse_id, weight) 
    values
        (?, ?, ?, ?, ?, ?, ?, ?, ?, ?, ?, ?, ?, ?, ?)
2025-12-06 01:55:53.519 [main] DEBUG [tfms-truck-fleet-management-system] [] org.hibernate.SQL - 
    select
        ld1_0.id,
        ld1_0.address,
        ld1_0.city,
        ld1_0.created_at,
        ld1_0.is_active,
        ld1_0.latitude,
        ld1_0.longitude,
        ld1_0.postal_code,
        ld1_0.updated_at 
    from
        locations ld1_0 
    where
        ld1_0.postal_code=?
Hibernate: 
    select
        ld1_0.id,
        ld1_0.address,
        ld1_0.city,
        ld1_0.created_at,
        ld1_0.is_active,
        ld1_0.latitude,
        ld1_0.longitude,
        ld1_0.postal_code,
        ld1_0.updated_at 
    from
        locations ld1_0 
    where
        ld1_0.postal_code=?
2025-12-06 01:55:53.520 [main] DEBUG [tfms-truck-fleet-management-system] [] org.hibernate.SQL - 
    insert 
    into
        locations
        (address, city, created_at, is_active, latitude, longitude, postal_code, updated_at) 
    values
        (?, ?, ?, ?, ?, ?, ?, ?)
Hibernate: 
    insert 
    into
        locations
        (address, city, created_at, is_active, latitude, longitude, postal_code, updated_at) 
    values
        (?, ?, ?, ?, ?, ?, ?, ?)
2025-12-06 01:55:53.524 [main] DEBUG [tfms-truck-fleet-management-system] [] org.hibernate.SQL - 
    select
        pd1_0.id 
    from
        parcels pd1_0 
    where
        pd1_0.name=? 
    fetch
        first ? rows only
Hibernate: 
    select
        pd1_0.id 
    from
        parcels pd1_0 
    where
        pd1_0.name=? 
    fetch
        first ? rows only
2025-12-06 01:55:53.524 [main] DEBUG [tfms-truck-fleet-management-system] [] org.hibernate.SQL - 
    insert 
    into
        parcels
        (active, created_at, delivery_instructions, delivery_location_id, estimated_travel_time, name, planned_delivery_date, recipient_name, recipient_phone, status, stop_id, updated_at, volume, warehouse_id, weight) 
    values
        (?, ?, ?, ?, ?, ?, ?, ?, ?, ?, ?, ?, ?, ?, ?)
Hibernate: 
    insert 
    into
        parcels
        (active, created_at, delivery_instructions, delivery_location_id, estimated_travel_time, name, planned_delivery_date, recipient_name, recipient_phone, status, stop_id, updated_at, volume, warehouse_id, weight) 
    values
        (?, ?, ?, ?, ?, ?, ?, ?, ?, ?, ?, ?, ?, ?, ?)
2025-12-06 01:55:53.527 [main] DEBUG [tfms-truck-fleet-management-system] [] org.hibernate.SQL - 
    select
        ld1_0.id,
        ld1_0.address,
        ld1_0.city,
        ld1_0.created_at,
        ld1_0.is_active,
        ld1_0.latitude,
        ld1_0.longitude,
        ld1_0.postal_code,
        ld1_0.updated_at 
    from
        locations ld1_0 
    where
        ld1_0.postal_code=?
Hibernate: 
    select
        ld1_0.id,
        ld1_0.address,
        ld1_0.city,
        ld1_0.created_at,
        ld1_0.is_active,
        ld1_0.latitude,
        ld1_0.longitude,
        ld1_0.postal_code,
        ld1_0.updated_at 
    from
        locations ld1_0 
    where
        ld1_0.postal_code=?
2025-12-06 01:55:53.528 [main] DEBUG [tfms-truck-fleet-management-system] [] org.hibernate.SQL - 
    insert 
    into
        locations
        (address, city, created_at, is_active, latitude, longitude, postal_code, updated_at) 
    values
        (?, ?, ?, ?, ?, ?, ?, ?)
Hibernate: 
    insert 
    into
        locations
        (address, city, created_at, is_active, latitude, longitude, postal_code, updated_at) 
    values
        (?, ?, ?, ?, ?, ?, ?, ?)
2025-12-06 01:55:53.531 [main] DEBUG [tfms-truck-fleet-management-system] [] org.hibernate.SQL - 
    select
        pd1_0.id 
    from
        parcels pd1_0 
    where
        pd1_0.name=? 
    fetch
        first ? rows only
Hibernate: 
    select
        pd1_0.id 
    from
        parcels pd1_0 
    where
        pd1_0.name=? 
    fetch
        first ? rows only
2025-12-06 01:55:53.531 [main] DEBUG [tfms-truck-fleet-management-system] [] org.hibernate.SQL - 
    insert 
    into
        parcels
        (active, created_at, delivery_instructions, delivery_location_id, estimated_travel_time, name, planned_delivery_date, recipient_name, recipient_phone, status, stop_id, updated_at, volume, warehouse_id, weight) 
    values
        (?, ?, ?, ?, ?, ?, ?, ?, ?, ?, ?, ?, ?, ?, ?)
Hibernate: 
    insert 
    into
        parcels
        (active, created_at, delivery_instructions, delivery_location_id, estimated_travel_time, name, planned_delivery_date, recipient_name, recipient_phone, status, stop_id, updated_at, volume, warehouse_id, weight) 
    values
        (?, ?, ?, ?, ?, ?, ?, ?, ?, ?, ?, ?, ?, ?, ?)
2025-12-06 01:55:53.534 [main] DEBUG [tfms-truck-fleet-management-system] [] org.hibernate.SQL - 
    select
        ld1_0.id,
        ld1_0.address,
        ld1_0.city,
        ld1_0.created_at,
        ld1_0.is_active,
        ld1_0.latitude,
        ld1_0.longitude,
        ld1_0.postal_code,
        ld1_0.updated_at 
    from
        locations ld1_0 
    where
        ld1_0.postal_code=?
Hibernate: 
    select
        ld1_0.id,
        ld1_0.address,
        ld1_0.city,
        ld1_0.created_at,
        ld1_0.is_active,
        ld1_0.latitude,
        ld1_0.longitude,
        ld1_0.postal_code,
        ld1_0.updated_at 
    from
        locations ld1_0 
    where
        ld1_0.postal_code=?
2025-12-06 01:55:53.534 [main] DEBUG [tfms-truck-fleet-management-system] [] org.hibernate.SQL - 
    insert 
    into
        locations
        (address, city, created_at, is_active, latitude, longitude, postal_code, updated_at) 
    values
        (?, ?, ?, ?, ?, ?, ?, ?)
Hibernate: 
    insert 
    into
        locations
        (address, city, created_at, is_active, latitude, longitude, postal_code, updated_at) 
    values
        (?, ?, ?, ?, ?, ?, ?, ?)
2025-12-06 01:55:53.537 [main] DEBUG [tfms-truck-fleet-management-system] [] org.hibernate.SQL - 
    select
        pd1_0.id 
    from
        parcels pd1_0 
    where
        pd1_0.name=? 
    fetch
        first ? rows only
Hibernate: 
    select
        pd1_0.id 
    from
        parcels pd1_0 
    where
        pd1_0.name=? 
    fetch
        first ? rows only
2025-12-06 01:55:53.538 [main] DEBUG [tfms-truck-fleet-management-system] [] org.hibernate.SQL - 
    insert 
    into
        parcels
        (active, created_at, delivery_instructions, delivery_location_id, estimated_travel_time, name, planned_delivery_date, recipient_name, recipient_phone, status, stop_id, updated_at, volume, warehouse_id, weight) 
    values
        (?, ?, ?, ?, ?, ?, ?, ?, ?, ?, ?, ?, ?, ?, ?)
Hibernate: 
    insert 
    into
        parcels
        (active, created_at, delivery_instructions, delivery_location_id, estimated_travel_time, name, planned_delivery_date, recipient_name, recipient_phone, status, stop_id, updated_at, volume, warehouse_id, weight) 
    values
        (?, ?, ?, ?, ?, ?, ?, ?, ?, ?, ?, ?, ?, ?, ?)
2025-12-06 01:55:53.540 [main] DEBUG [tfms-truck-fleet-management-system] [] org.hibernate.SQL - 
    select
        ld1_0.id,
        ld1_0.address,
        ld1_0.city,
        ld1_0.created_at,
        ld1_0.is_active,
        ld1_0.latitude,
        ld1_0.longitude,
        ld1_0.postal_code,
        ld1_0.updated_at 
    from
        locations ld1_0 
    where
        ld1_0.postal_code=?
Hibernate: 
    select
        ld1_0.id,
        ld1_0.address,
        ld1_0.city,
        ld1_0.created_at,
        ld1_0.is_active,
        ld1_0.latitude,
        ld1_0.longitude,
        ld1_0.postal_code,
        ld1_0.updated_at 
    from
        locations ld1_0 
    where
        ld1_0.postal_code=?
2025-12-06 01:55:53.541 [main] DEBUG [tfms-truck-fleet-management-system] [] org.hibernate.SQL - 
    insert 
    into
        locations
        (address, city, created_at, is_active, latitude, longitude, postal_code, updated_at) 
    values
        (?, ?, ?, ?, ?, ?, ?, ?)
Hibernate: 
    insert 
    into
        locations
        (address, city, created_at, is_active, latitude, longitude, postal_code, updated_at) 
    values
        (?, ?, ?, ?, ?, ?, ?, ?)
2025-12-06 01:55:53.545 [main] DEBUG [tfms-truck-fleet-management-system] [] org.hibernate.SQL - 
    select
        pd1_0.id 
    from
        parcels pd1_0 
    where
        pd1_0.name=? 
    fetch
        first ? rows only
Hibernate: 
    select
        pd1_0.id 
    from
        parcels pd1_0 
    where
        pd1_0.name=? 
    fetch
        first ? rows only
2025-12-06 01:55:53.546 [main] DEBUG [tfms-truck-fleet-management-system] [] org.hibernate.SQL - 
    insert 
    into
        parcels
        (active, created_at, delivery_instructions, delivery_location_id, estimated_travel_time, name, planned_delivery_date, recipient_name, recipient_phone, status, stop_id, updated_at, volume, warehouse_id, weight) 
    values
        (?, ?, ?, ?, ?, ?, ?, ?, ?, ?, ?, ?, ?, ?, ?)
Hibernate: 
    insert 
    into
        parcels
        (active, created_at, delivery_instructions, delivery_location_id, estimated_travel_time, name, planned_delivery_date, recipient_name, recipient_phone, status, stop_id, updated_at, volume, warehouse_id, weight) 
    values
        (?, ?, ?, ?, ?, ?, ?, ?, ?, ?, ?, ?, ?, ?, ?)
2025-12-06 01:55:53.549 [main] DEBUG [tfms-truck-fleet-management-system] [] org.hibernate.SQL - 
    select
        ld1_0.id,
        ld1_0.address,
        ld1_0.city,
        ld1_0.created_at,
        ld1_0.is_active,
        ld1_0.latitude,
        ld1_0.longitude,
        ld1_0.postal_code,
        ld1_0.updated_at 
    from
        locations ld1_0 
    where
        ld1_0.postal_code=?
Hibernate: 
    select
        ld1_0.id,
        ld1_0.address,
        ld1_0.city,
        ld1_0.created_at,
        ld1_0.is_active,
        ld1_0.latitude,
        ld1_0.longitude,
        ld1_0.postal_code,
        ld1_0.updated_at 
    from
        locations ld1_0 
    where
        ld1_0.postal_code=?
2025-12-06 01:55:53.550 [main] DEBUG [tfms-truck-fleet-management-system] [] org.hibernate.SQL - 
    insert 
    into
        locations
        (address, city, created_at, is_active, latitude, longitude, postal_code, updated_at) 
    values
        (?, ?, ?, ?, ?, ?, ?, ?)
Hibernate: 
    insert 
    into
        locations
        (address, city, created_at, is_active, latitude, longitude, postal_code, updated_at) 
    values
        (?, ?, ?, ?, ?, ?, ?, ?)
2025-12-06 01:55:53.553 [main] DEBUG [tfms-truck-fleet-management-system] [] org.hibernate.SQL - 
    select
        pd1_0.id 
    from
        parcels pd1_0 
    where
        pd1_0.name=? 
    fetch
        first ? rows only
Hibernate: 
    select
        pd1_0.id 
    from
        parcels pd1_0 
    where
        pd1_0.name=? 
    fetch
        first ? rows only
2025-12-06 01:55:53.554 [main] DEBUG [tfms-truck-fleet-management-system] [] org.hibernate.SQL - 
    insert 
    into
        parcels
        (active, created_at, delivery_instructions, delivery_location_id, estimated_travel_time, name, planned_delivery_date, recipient_name, recipient_phone, status, stop_id, updated_at, volume, warehouse_id, weight) 
    values
        (?, ?, ?, ?, ?, ?, ?, ?, ?, ?, ?, ?, ?, ?, ?)
Hibernate: 
    insert 
    into
        parcels
        (active, created_at, delivery_instructions, delivery_location_id, estimated_travel_time, name, planned_delivery_date, recipient_name, recipient_phone, status, stop_id, updated_at, volume, warehouse_id, weight) 
    values
        (?, ?, ?, ?, ?, ?, ?, ?, ?, ?, ?, ?, ?, ?, ?)
2025-12-06 01:55:53.557 [main] DEBUG [tfms-truck-fleet-management-system] [] org.hibernate.SQL - 
    select
        ld1_0.id,
        ld1_0.address,
        ld1_0.city,
        ld1_0.created_at,
        ld1_0.is_active,
        ld1_0.latitude,
        ld1_0.longitude,
        ld1_0.postal_code,
        ld1_0.updated_at 
    from
        locations ld1_0 
    where
        ld1_0.postal_code=?
Hibernate: 
    select
        ld1_0.id,
        ld1_0.address,
        ld1_0.city,
        ld1_0.created_at,
        ld1_0.is_active,
        ld1_0.latitude,
        ld1_0.longitude,
        ld1_0.postal_code,
        ld1_0.updated_at 
    from
        locations ld1_0 
    where
        ld1_0.postal_code=?
2025-12-06 01:55:53.558 [main] DEBUG [tfms-truck-fleet-management-system] [] org.hibernate.SQL - 
    insert 
    into
        locations
        (address, city, created_at, is_active, latitude, longitude, postal_code, updated_at) 
    values
        (?, ?, ?, ?, ?, ?, ?, ?)
Hibernate: 
    insert 
    into
        locations
        (address, city, created_at, is_active, latitude, longitude, postal_code, updated_at) 
    values
        (?, ?, ?, ?, ?, ?, ?, ?)
2025-12-06 01:55:53.561 [main] DEBUG [tfms-truck-fleet-management-system] [] org.hibernate.SQL - 
    select
        pd1_0.id 
    from
        parcels pd1_0 
    where
        pd1_0.name=? 
    fetch
        first ? rows only
Hibernate: 
    select
        pd1_0.id 
    from
        parcels pd1_0 
    where
        pd1_0.name=? 
    fetch
        first ? rows only
2025-12-06 01:55:53.562 [main] DEBUG [tfms-truck-fleet-management-system] [] org.hibernate.SQL - 
    insert 
    into
        parcels
        (active, created_at, delivery_instructions, delivery_location_id, estimated_travel_time, name, planned_delivery_date, recipient_name, recipient_phone, status, stop_id, updated_at, volume, warehouse_id, weight) 
    values
        (?, ?, ?, ?, ?, ?, ?, ?, ?, ?, ?, ?, ?, ?, ?)
Hibernate: 
    insert 
    into
        parcels
        (active, created_at, delivery_instructions, delivery_location_id, estimated_travel_time, name, planned_delivery_date, recipient_name, recipient_phone, status, stop_id, updated_at, volume, warehouse_id, weight) 
    values
        (?, ?, ?, ?, ?, ?, ?, ?, ?, ?, ?, ?, ?, ?, ?)
2025-12-06 01:55:53.566 [main] DEBUG [tfms-truck-fleet-management-system] [] org.hibernate.SQL - 
    select
        ld1_0.id,
        ld1_0.address,
        ld1_0.city,
        ld1_0.created_at,
        ld1_0.is_active,
        ld1_0.latitude,
        ld1_0.longitude,
        ld1_0.postal_code,
        ld1_0.updated_at 
    from
        locations ld1_0 
    where
        ld1_0.postal_code=?
Hibernate: 
    select
        ld1_0.id,
        ld1_0.address,
        ld1_0.city,
        ld1_0.created_at,
        ld1_0.is_active,
        ld1_0.latitude,
        ld1_0.longitude,
        ld1_0.postal_code,
        ld1_0.updated_at 
    from
        locations ld1_0 
    where
        ld1_0.postal_code=?
2025-12-06 01:55:53.567 [main] DEBUG [tfms-truck-fleet-management-system] [] org.hibernate.SQL - 
    insert 
    into
        locations
        (address, city, created_at, is_active, latitude, longitude, postal_code, updated_at) 
    values
        (?, ?, ?, ?, ?, ?, ?, ?)
Hibernate: 
    insert 
    into
        locations
        (address, city, created_at, is_active, latitude, longitude, postal_code, updated_at) 
    values
        (?, ?, ?, ?, ?, ?, ?, ?)
2025-12-06 01:55:53.570 [main] DEBUG [tfms-truck-fleet-management-system] [] org.hibernate.SQL - 
    select
        pd1_0.id 
    from
        parcels pd1_0 
    where
        pd1_0.name=? 
    fetch
        first ? rows only
Hibernate: 
    select
        pd1_0.id 
    from
        parcels pd1_0 
    where
        pd1_0.name=? 
    fetch
        first ? rows only
2025-12-06 01:55:53.570 [main] DEBUG [tfms-truck-fleet-management-system] [] org.hibernate.SQL - 
    insert 
    into
        parcels
        (active, created_at, delivery_instructions, delivery_location_id, estimated_travel_time, name, planned_delivery_date, recipient_name, recipient_phone, status, stop_id, updated_at, volume, warehouse_id, weight) 
    values
        (?, ?, ?, ?, ?, ?, ?, ?, ?, ?, ?, ?, ?, ?, ?)
Hibernate: 
    insert 
    into
        parcels
        (active, created_at, delivery_instructions, delivery_location_id, estimated_travel_time, name, planned_delivery_date, recipient_name, recipient_phone, status, stop_id, updated_at, volume, warehouse_id, weight) 
    values
        (?, ?, ?, ?, ?, ?, ?, ?, ?, ?, ?, ?, ?, ?, ?)
2025-12-06 01:55:53.573 [main] DEBUG [tfms-truck-fleet-management-system] [] org.hibernate.SQL - 
    select
        ld1_0.id,
        ld1_0.address,
        ld1_0.city,
        ld1_0.created_at,
        ld1_0.is_active,
        ld1_0.latitude,
        ld1_0.longitude,
        ld1_0.postal_code,
        ld1_0.updated_at 
    from
        locations ld1_0 
    where
        ld1_0.postal_code=?
Hibernate: 
    select
        ld1_0.id,
        ld1_0.address,
        ld1_0.city,
        ld1_0.created_at,
        ld1_0.is_active,
        ld1_0.latitude,
        ld1_0.longitude,
        ld1_0.postal_code,
        ld1_0.updated_at 
    from
        locations ld1_0 
    where
        ld1_0.postal_code=?
2025-12-06 01:55:53.574 [main] DEBUG [tfms-truck-fleet-management-system] [] org.hibernate.SQL - 
    insert 
    into
        locations
        (address, city, created_at, is_active, latitude, longitude, postal_code, updated_at) 
    values
        (?, ?, ?, ?, ?, ?, ?, ?)
Hibernate: 
    insert 
    into
        locations
        (address, city, created_at, is_active, latitude, longitude, postal_code, updated_at) 
    values
        (?, ?, ?, ?, ?, ?, ?, ?)
2025-12-06 01:55:53.577 [main] DEBUG [tfms-truck-fleet-management-system] [] org.hibernate.SQL - 
    select
        pd1_0.id 
    from
        parcels pd1_0 
    where
        pd1_0.name=? 
    fetch
        first ? rows only
Hibernate: 
    select
        pd1_0.id 
    from
        parcels pd1_0 
    where
        pd1_0.name=? 
    fetch
        first ? rows only
2025-12-06 01:55:53.578 [main] DEBUG [tfms-truck-fleet-management-system] [] org.hibernate.SQL - 
    insert 
    into
        parcels
        (active, created_at, delivery_instructions, delivery_location_id, estimated_travel_time, name, planned_delivery_date, recipient_name, recipient_phone, status, stop_id, updated_at, volume, warehouse_id, weight) 
    values
        (?, ?, ?, ?, ?, ?, ?, ?, ?, ?, ?, ?, ?, ?, ?)
Hibernate: 
    insert 
    into
        parcels
        (active, created_at, delivery_instructions, delivery_location_id, estimated_travel_time, name, planned_delivery_date, recipient_name, recipient_phone, status, stop_id, updated_at, volume, warehouse_id, weight) 
    values
        (?, ?, ?, ?, ?, ?, ?, ?, ?, ?, ?, ?, ?, ?, ?)
2025-12-06 01:55:53.580 [main] DEBUG [tfms-truck-fleet-management-system] [] org.hibernate.SQL - 
    select
        ld1_0.id,
        ld1_0.address,
        ld1_0.city,
        ld1_0.created_at,
        ld1_0.is_active,
        ld1_0.latitude,
        ld1_0.longitude,
        ld1_0.postal_code,
        ld1_0.updated_at 
    from
        locations ld1_0 
    where
        ld1_0.postal_code=?
Hibernate: 
    select
        ld1_0.id,
        ld1_0.address,
        ld1_0.city,
        ld1_0.created_at,
        ld1_0.is_active,
        ld1_0.latitude,
        ld1_0.longitude,
        ld1_0.postal_code,
        ld1_0.updated_at 
    from
        locations ld1_0 
    where
        ld1_0.postal_code=?
2025-12-06 01:55:53.581 [main] DEBUG [tfms-truck-fleet-management-system] [] org.hibernate.SQL - 
    insert 
    into
        locations
        (address, city, created_at, is_active, latitude, longitude, postal_code, updated_at) 
    values
        (?, ?, ?, ?, ?, ?, ?, ?)
Hibernate: 
    insert 
    into
        locations
        (address, city, created_at, is_active, latitude, longitude, postal_code, updated_at) 
    values
        (?, ?, ?, ?, ?, ?, ?, ?)
2025-12-06 01:55:53.584 [main] DEBUG [tfms-truck-fleet-management-system] [] org.hibernate.SQL - 
    select
        pd1_0.id 
    from
        parcels pd1_0 
    where
        pd1_0.name=? 
    fetch
        first ? rows only
Hibernate: 
    select
        pd1_0.id 
    from
        parcels pd1_0 
    where
        pd1_0.name=? 
    fetch
        first ? rows only
2025-12-06 01:55:53.584 [main] DEBUG [tfms-truck-fleet-management-system] [] org.hibernate.SQL - 
    insert 
    into
        parcels
        (active, created_at, delivery_instructions, delivery_location_id, estimated_travel_time, name, planned_delivery_date, recipient_name, recipient_phone, status, stop_id, updated_at, volume, warehouse_id, weight) 
    values
        (?, ?, ?, ?, ?, ?, ?, ?, ?, ?, ?, ?, ?, ?, ?)
Hibernate: 
    insert 
    into
        parcels
        (active, created_at, delivery_instructions, delivery_location_id, estimated_travel_time, name, planned_delivery_date, recipient_name, recipient_phone, status, stop_id, updated_at, volume, warehouse_id, weight) 
    values
        (?, ?, ?, ?, ?, ?, ?, ?, ?, ?, ?, ?, ?, ?, ?)
Created 20 parcels for Warehouse-Tilburg in Tilburg
2025-12-06 01:55:53.587 [main] DEBUG [tfms-truck-fleet-management-system] [] org.hibernate.SQL - 
    select
        ld1_0.id,
        ld1_0.address,
        ld1_0.city,
        ld1_0.created_at,
        ld1_0.is_active,
        ld1_0.latitude,
        ld1_0.longitude,
        ld1_0.postal_code,
        ld1_0.updated_at 
    from
        locations ld1_0 
    where
        ld1_0.postal_code=?
Hibernate: 
    select
        ld1_0.id,
        ld1_0.address,
        ld1_0.city,
        ld1_0.created_at,
        ld1_0.is_active,
        ld1_0.latitude,
        ld1_0.longitude,
        ld1_0.postal_code,
        ld1_0.updated_at 
    from
        locations ld1_0 
    where
        ld1_0.postal_code=?
2025-12-06 01:55:53.588 [main] DEBUG [tfms-truck-fleet-management-system] [] org.hibernate.SQL - 
    insert 
    into
        locations
        (address, city, created_at, is_active, latitude, longitude, postal_code, updated_at) 
    values
        (?, ?, ?, ?, ?, ?, ?, ?)
Hibernate: 
    insert 
    into
        locations
        (address, city, created_at, is_active, latitude, longitude, postal_code, updated_at) 
    values
        (?, ?, ?, ?, ?, ?, ?, ?)
2025-12-06 01:55:53.590 [main] DEBUG [tfms-truck-fleet-management-system] [] org.hibernate.SQL - 
    select
        whd1_0.id,
        whd1_0.active,
        whd1_0.created_at,
        whd1_0.location_id,
        whd1_0.name,
        whd1_0.updated_at 
    from
        warehouse whd1_0 
    where
        whd1_0.name=?
Hibernate: 
    select
        whd1_0.id,
        whd1_0.active,
        whd1_0.created_at,
        whd1_0.location_id,
        whd1_0.name,
        whd1_0.updated_at 
    from
        warehouse whd1_0 
    where
        whd1_0.name=?
2025-12-06 01:55:53.591 [main] DEBUG [tfms-truck-fleet-management-system] [] org.hibernate.SQL - 
    insert 
    into
        warehouse
        (active, created_at, location_id, name, updated_at) 
    values
        (?, ?, ?, ?, ?)
Hibernate: 
    insert 
    into
        warehouse
        (active, created_at, location_id, name, updated_at) 
    values
        (?, ?, ?, ?, ?)
2025-12-06 01:55:53.594 [main] DEBUG [tfms-truck-fleet-management-system] [] org.hibernate.SQL - 
    select
        ld1_0.id,
        ld1_0.address,
        ld1_0.city,
        ld1_0.created_at,
        ld1_0.is_active,
        ld1_0.latitude,
        ld1_0.longitude,
        ld1_0.postal_code,
        ld1_0.updated_at 
    from
        locations ld1_0 
    where
        ld1_0.postal_code=?
Hibernate: 
    select
        ld1_0.id,
        ld1_0.address,
        ld1_0.city,
        ld1_0.created_at,
        ld1_0.is_active,
        ld1_0.latitude,
        ld1_0.longitude,
        ld1_0.postal_code,
        ld1_0.updated_at 
    from
        locations ld1_0 
    where
        ld1_0.postal_code=?
2025-12-06 01:55:53.594 [main] DEBUG [tfms-truck-fleet-management-system] [] org.hibernate.SQL - 
    insert 
    into
        locations
        (address, city, created_at, is_active, latitude, longitude, postal_code, updated_at) 
    values
        (?, ?, ?, ?, ?, ?, ?, ?)
Hibernate: 
    insert 
    into
        locations
        (address, city, created_at, is_active, latitude, longitude, postal_code, updated_at) 
    values
        (?, ?, ?, ?, ?, ?, ?, ?)
2025-12-06 01:55:53.597 [main] DEBUG [tfms-truck-fleet-management-system] [] org.hibernate.SQL - 
    select
        pd1_0.id 
    from
        parcels pd1_0 
    where
        pd1_0.name=? 
    fetch
        first ? rows only
Hibernate: 
    select
        pd1_0.id 
    from
        parcels pd1_0 
    where
        pd1_0.name=? 
    fetch
        first ? rows only
2025-12-06 01:55:53.598 [main] DEBUG [tfms-truck-fleet-management-system] [] org.hibernate.SQL - 
    insert 
    into
        parcels
        (active, created_at, delivery_instructions, delivery_location_id, estimated_travel_time, name, planned_delivery_date, recipient_name, recipient_phone, status, stop_id, updated_at, volume, warehouse_id, weight) 
    values
        (?, ?, ?, ?, ?, ?, ?, ?, ?, ?, ?, ?, ?, ?, ?)
Hibernate: 
    insert 
    into
        parcels
        (active, created_at, delivery_instructions, delivery_location_id, estimated_travel_time, name, planned_delivery_date, recipient_name, recipient_phone, status, stop_id, updated_at, volume, warehouse_id, weight) 
    values
        (?, ?, ?, ?, ?, ?, ?, ?, ?, ?, ?, ?, ?, ?, ?)
2025-12-06 01:55:53.601 [main] DEBUG [tfms-truck-fleet-management-system] [] org.hibernate.SQL - 
    select
        ld1_0.id,
        ld1_0.address,
        ld1_0.city,
        ld1_0.created_at,
        ld1_0.is_active,
        ld1_0.latitude,
        ld1_0.longitude,
        ld1_0.postal_code,
        ld1_0.updated_at 
    from
        locations ld1_0 
    where
        ld1_0.postal_code=?
Hibernate: 
    select
        ld1_0.id,
        ld1_0.address,
        ld1_0.city,
        ld1_0.created_at,
        ld1_0.is_active,
        ld1_0.latitude,
        ld1_0.longitude,
        ld1_0.postal_code,
        ld1_0.updated_at 
    from
        locations ld1_0 
    where
        ld1_0.postal_code=?
2025-12-06 01:55:53.601 [main] DEBUG [tfms-truck-fleet-management-system] [] org.hibernate.SQL - 
    insert 
    into
        locations
        (address, city, created_at, is_active, latitude, longitude, postal_code, updated_at) 
    values
        (?, ?, ?, ?, ?, ?, ?, ?)
Hibernate: 
    insert 
    into
        locations
        (address, city, created_at, is_active, latitude, longitude, postal_code, updated_at) 
    values
        (?, ?, ?, ?, ?, ?, ?, ?)
2025-12-06 01:55:53.604 [main] DEBUG [tfms-truck-fleet-management-system] [] org.hibernate.SQL - 
    select
        pd1_0.id 
    from
        parcels pd1_0 
    where
        pd1_0.name=? 
    fetch
        first ? rows only
Hibernate: 
    select
        pd1_0.id 
    from
        parcels pd1_0 
    where
        pd1_0.name=? 
    fetch
        first ? rows only
2025-12-06 01:55:53.605 [main] DEBUG [tfms-truck-fleet-management-system] [] org.hibernate.SQL - 
    insert 
    into
        parcels
        (active, created_at, delivery_instructions, delivery_location_id, estimated_travel_time, name, planned_delivery_date, recipient_name, recipient_phone, status, stop_id, updated_at, volume, warehouse_id, weight) 
    values
        (?, ?, ?, ?, ?, ?, ?, ?, ?, ?, ?, ?, ?, ?, ?)
Hibernate: 
    insert 
    into
        parcels
        (active, created_at, delivery_instructions, delivery_location_id, estimated_travel_time, name, planned_delivery_date, recipient_name, recipient_phone, status, stop_id, updated_at, volume, warehouse_id, weight) 
    values
        (?, ?, ?, ?, ?, ?, ?, ?, ?, ?, ?, ?, ?, ?, ?)
2025-12-06 01:55:53.609 [main] DEBUG [tfms-truck-fleet-management-system] [] org.hibernate.SQL - 
    select
        ld1_0.id,
        ld1_0.address,
        ld1_0.city,
        ld1_0.created_at,
        ld1_0.is_active,
        ld1_0.latitude,
        ld1_0.longitude,
        ld1_0.postal_code,
        ld1_0.updated_at 
    from
        locations ld1_0 
    where
        ld1_0.postal_code=?
Hibernate: 
    select
        ld1_0.id,
        ld1_0.address,
        ld1_0.city,
        ld1_0.created_at,
        ld1_0.is_active,
        ld1_0.latitude,
        ld1_0.longitude,
        ld1_0.postal_code,
        ld1_0.updated_at 
    from
        locations ld1_0 
    where
        ld1_0.postal_code=?
2025-12-06 01:55:53.610 [main] DEBUG [tfms-truck-fleet-management-system] [] org.hibernate.SQL - 
    insert 
    into
        locations
        (address, city, created_at, is_active, latitude, longitude, postal_code, updated_at) 
    values
        (?, ?, ?, ?, ?, ?, ?, ?)
Hibernate: 
    insert 
    into
        locations
        (address, city, created_at, is_active, latitude, longitude, postal_code, updated_at) 
    values
        (?, ?, ?, ?, ?, ?, ?, ?)
2025-12-06 01:55:53.612 [main] DEBUG [tfms-truck-fleet-management-system] [] org.hibernate.SQL - 
    select
        pd1_0.id 
    from
        parcels pd1_0 
    where
        pd1_0.name=? 
    fetch
        first ? rows only
Hibernate: 
    select
        pd1_0.id 
    from
        parcels pd1_0 
    where
        pd1_0.name=? 
    fetch
        first ? rows only
2025-12-06 01:55:53.613 [main] DEBUG [tfms-truck-fleet-management-system] [] org.hibernate.SQL - 
    insert 
    into
        parcels
        (active, created_at, delivery_instructions, delivery_location_id, estimated_travel_time, name, planned_delivery_date, recipient_name, recipient_phone, status, stop_id, updated_at, volume, warehouse_id, weight) 
    values
        (?, ?, ?, ?, ?, ?, ?, ?, ?, ?, ?, ?, ?, ?, ?)
Hibernate: 
    insert 
    into
        parcels
        (active, created_at, delivery_instructions, delivery_location_id, estimated_travel_time, name, planned_delivery_date, recipient_name, recipient_phone, status, stop_id, updated_at, volume, warehouse_id, weight) 
    values
        (?, ?, ?, ?, ?, ?, ?, ?, ?, ?, ?, ?, ?, ?, ?)
2025-12-06 01:55:53.617 [main] DEBUG [tfms-truck-fleet-management-system] [] org.hibernate.SQL - 
    select
        ld1_0.id,
        ld1_0.address,
        ld1_0.city,
        ld1_0.created_at,
        ld1_0.is_active,
        ld1_0.latitude,
        ld1_0.longitude,
        ld1_0.postal_code,
        ld1_0.updated_at 
    from
        locations ld1_0 
    where
        ld1_0.postal_code=?
Hibernate: 
    select
        ld1_0.id,
        ld1_0.address,
        ld1_0.city,
        ld1_0.created_at,
        ld1_0.is_active,
        ld1_0.latitude,
        ld1_0.longitude,
        ld1_0.postal_code,
        ld1_0.updated_at 
    from
        locations ld1_0 
    where
        ld1_0.postal_code=?
2025-12-06 01:55:53.618 [main] DEBUG [tfms-truck-fleet-management-system] [] org.hibernate.SQL - 
    insert 
    into
        locations
        (address, city, created_at, is_active, latitude, longitude, postal_code, updated_at) 
    values
        (?, ?, ?, ?, ?, ?, ?, ?)
Hibernate: 
    insert 
    into
        locations
        (address, city, created_at, is_active, latitude, longitude, postal_code, updated_at) 
    values
        (?, ?, ?, ?, ?, ?, ?, ?)
2025-12-06 01:55:53.621 [main] DEBUG [tfms-truck-fleet-management-system] [] org.hibernate.SQL - 
    select
        pd1_0.id 
    from
        parcels pd1_0 
    where
        pd1_0.name=? 
    fetch
        first ? rows only
Hibernate: 
    select
        pd1_0.id 
    from
        parcels pd1_0 
    where
        pd1_0.name=? 
    fetch
        first ? rows only
2025-12-06 01:55:53.622 [main] DEBUG [tfms-truck-fleet-management-system] [] org.hibernate.SQL - 
    insert 
    into
        parcels
        (active, created_at, delivery_instructions, delivery_location_id, estimated_travel_time, name, planned_delivery_date, recipient_name, recipient_phone, status, stop_id, updated_at, volume, warehouse_id, weight) 
    values
        (?, ?, ?, ?, ?, ?, ?, ?, ?, ?, ?, ?, ?, ?, ?)
Hibernate: 
    insert 
    into
        parcels
        (active, created_at, delivery_instructions, delivery_location_id, estimated_travel_time, name, planned_delivery_date, recipient_name, recipient_phone, status, stop_id, updated_at, volume, warehouse_id, weight) 
    values
        (?, ?, ?, ?, ?, ?, ?, ?, ?, ?, ?, ?, ?, ?, ?)
2025-12-06 01:55:53.625 [main] DEBUG [tfms-truck-fleet-management-system] [] org.hibernate.SQL - 
    select
        ld1_0.id,
        ld1_0.address,
        ld1_0.city,
        ld1_0.created_at,
        ld1_0.is_active,
        ld1_0.latitude,
        ld1_0.longitude,
        ld1_0.postal_code,
        ld1_0.updated_at 
    from
        locations ld1_0 
    where
        ld1_0.postal_code=?
Hibernate: 
    select
        ld1_0.id,
        ld1_0.address,
        ld1_0.city,
        ld1_0.created_at,
        ld1_0.is_active,
        ld1_0.latitude,
        ld1_0.longitude,
        ld1_0.postal_code,
        ld1_0.updated_at 
    from
        locations ld1_0 
    where
        ld1_0.postal_code=?
2025-12-06 01:55:53.626 [main] DEBUG [tfms-truck-fleet-management-system] [] org.hibernate.SQL - 
    insert 
    into
        locations
        (address, city, created_at, is_active, latitude, longitude, postal_code, updated_at) 
    values
        (?, ?, ?, ?, ?, ?, ?, ?)
Hibernate: 
    insert 
    into
        locations
        (address, city, created_at, is_active, latitude, longitude, postal_code, updated_at) 
    values
        (?, ?, ?, ?, ?, ?, ?, ?)
2025-12-06 01:55:53.629 [main] DEBUG [tfms-truck-fleet-management-system] [] org.hibernate.SQL - 
    select
        pd1_0.id 
    from
        parcels pd1_0 
    where
        pd1_0.name=? 
    fetch
        first ? rows only
Hibernate: 
    select
        pd1_0.id 
    from
        parcels pd1_0 
    where
        pd1_0.name=? 
    fetch
        first ? rows only
2025-12-06 01:55:53.631 [main] DEBUG [tfms-truck-fleet-management-system] [] org.hibernate.SQL - 
    insert 
    into
        parcels
        (active, created_at, delivery_instructions, delivery_location_id, estimated_travel_time, name, planned_delivery_date, recipient_name, recipient_phone, status, stop_id, updated_at, volume, warehouse_id, weight) 
    values
        (?, ?, ?, ?, ?, ?, ?, ?, ?, ?, ?, ?, ?, ?, ?)
Hibernate: 
    insert 
    into
        parcels
        (active, created_at, delivery_instructions, delivery_location_id, estimated_travel_time, name, planned_delivery_date, recipient_name, recipient_phone, status, stop_id, updated_at, volume, warehouse_id, weight) 
    values
        (?, ?, ?, ?, ?, ?, ?, ?, ?, ?, ?, ?, ?, ?, ?)
2025-12-06 01:55:53.634 [main] DEBUG [tfms-truck-fleet-management-system] [] org.hibernate.SQL - 
    select
        ld1_0.id,
        ld1_0.address,
        ld1_0.city,
        ld1_0.created_at,
        ld1_0.is_active,
        ld1_0.latitude,
        ld1_0.longitude,
        ld1_0.postal_code,
        ld1_0.updated_at 
    from
        locations ld1_0 
    where
        ld1_0.postal_code=?
Hibernate: 
    select
        ld1_0.id,
        ld1_0.address,
        ld1_0.city,
        ld1_0.created_at,
        ld1_0.is_active,
        ld1_0.latitude,
        ld1_0.longitude,
        ld1_0.postal_code,
        ld1_0.updated_at 
    from
        locations ld1_0 
    where
        ld1_0.postal_code=?
2025-12-06 01:55:53.635 [main] DEBUG [tfms-truck-fleet-management-system] [] org.hibernate.SQL - 
    insert 
    into
        locations
        (address, city, created_at, is_active, latitude, longitude, postal_code, updated_at) 
    values
        (?, ?, ?, ?, ?, ?, ?, ?)
Hibernate: 
    insert 
    into
        locations
        (address, city, created_at, is_active, latitude, longitude, postal_code, updated_at) 
    values
        (?, ?, ?, ?, ?, ?, ?, ?)
2025-12-06 01:55:53.638 [main] DEBUG [tfms-truck-fleet-management-system] [] org.hibernate.SQL - 
    select
        pd1_0.id 
    from
        parcels pd1_0 
    where
        pd1_0.name=? 
    fetch
        first ? rows only
Hibernate: 
    select
        pd1_0.id 
    from
        parcels pd1_0 
    where
        pd1_0.name=? 
    fetch
        first ? rows only
2025-12-06 01:55:53.639 [main] DEBUG [tfms-truck-fleet-management-system] [] org.hibernate.SQL - 
    insert 
    into
        parcels
        (active, created_at, delivery_instructions, delivery_location_id, estimated_travel_time, name, planned_delivery_date, recipient_name, recipient_phone, status, stop_id, updated_at, volume, warehouse_id, weight) 
    values
        (?, ?, ?, ?, ?, ?, ?, ?, ?, ?, ?, ?, ?, ?, ?)
Hibernate: 
    insert 
    into
        parcels
        (active, created_at, delivery_instructions, delivery_location_id, estimated_travel_time, name, planned_delivery_date, recipient_name, recipient_phone, status, stop_id, updated_at, volume, warehouse_id, weight) 
    values
        (?, ?, ?, ?, ?, ?, ?, ?, ?, ?, ?, ?, ?, ?, ?)
2025-12-06 01:55:53.643 [main] DEBUG [tfms-truck-fleet-management-system] [] org.hibernate.SQL - 
    select
        ld1_0.id,
        ld1_0.address,
        ld1_0.city,
        ld1_0.created_at,
        ld1_0.is_active,
        ld1_0.latitude,
        ld1_0.longitude,
        ld1_0.postal_code,
        ld1_0.updated_at 
    from
        locations ld1_0 
    where
        ld1_0.postal_code=?
Hibernate: 
    select
        ld1_0.id,
        ld1_0.address,
        ld1_0.city,
        ld1_0.created_at,
        ld1_0.is_active,
        ld1_0.latitude,
        ld1_0.longitude,
        ld1_0.postal_code,
        ld1_0.updated_at 
    from
        locations ld1_0 
    where
        ld1_0.postal_code=?
2025-12-06 01:55:53.644 [main] DEBUG [tfms-truck-fleet-management-system] [] org.hibernate.SQL - 
    insert 
    into
        locations
        (address, city, created_at, is_active, latitude, longitude, postal_code, updated_at) 
    values
        (?, ?, ?, ?, ?, ?, ?, ?)
Hibernate: 
    insert 
    into
        locations
        (address, city, created_at, is_active, latitude, longitude, postal_code, updated_at) 
    values
        (?, ?, ?, ?, ?, ?, ?, ?)
2025-12-06 01:55:53.646 [main] DEBUG [tfms-truck-fleet-management-system] [] org.hibernate.SQL - 
    select
        pd1_0.id 
    from
        parcels pd1_0 
    where
        pd1_0.name=? 
    fetch
        first ? rows only
Hibernate: 
    select
        pd1_0.id 
    from
        parcels pd1_0 
    where
        pd1_0.name=? 
    fetch
        first ? rows only
2025-12-06 01:55:53.647 [main] DEBUG [tfms-truck-fleet-management-system] [] org.hibernate.SQL - 
    insert 
    into
        parcels
        (active, created_at, delivery_instructions, delivery_location_id, estimated_travel_time, name, planned_delivery_date, recipient_name, recipient_phone, status, stop_id, updated_at, volume, warehouse_id, weight) 
    values
        (?, ?, ?, ?, ?, ?, ?, ?, ?, ?, ?, ?, ?, ?, ?)
Hibernate: 
    insert 
    into
        parcels
        (active, created_at, delivery_instructions, delivery_location_id, estimated_travel_time, name, planned_delivery_date, recipient_name, recipient_phone, status, stop_id, updated_at, volume, warehouse_id, weight) 
    values
        (?, ?, ?, ?, ?, ?, ?, ?, ?, ?, ?, ?, ?, ?, ?)
2025-12-06 01:55:53.650 [main] DEBUG [tfms-truck-fleet-management-system] [] org.hibernate.SQL - 
    select
        ld1_0.id,
        ld1_0.address,
        ld1_0.city,
        ld1_0.created_at,
        ld1_0.is_active,
        ld1_0.latitude,
        ld1_0.longitude,
        ld1_0.postal_code,
        ld1_0.updated_at 
    from
        locations ld1_0 
    where
        ld1_0.postal_code=?
Hibernate: 
    select
        ld1_0.id,
        ld1_0.address,
        ld1_0.city,
        ld1_0.created_at,
        ld1_0.is_active,
        ld1_0.latitude,
        ld1_0.longitude,
        ld1_0.postal_code,
        ld1_0.updated_at 
    from
        locations ld1_0 
    where
        ld1_0.postal_code=?
2025-12-06 01:55:53.650 [main] DEBUG [tfms-truck-fleet-management-system] [] org.hibernate.SQL - 
    insert 
    into
        locations
        (address, city, created_at, is_active, latitude, longitude, postal_code, updated_at) 
    values
        (?, ?, ?, ?, ?, ?, ?, ?)
Hibernate: 
    insert 
    into
        locations
        (address, city, created_at, is_active, latitude, longitude, postal_code, updated_at) 
    values
        (?, ?, ?, ?, ?, ?, ?, ?)
2025-12-06 01:55:53.653 [main] DEBUG [tfms-truck-fleet-management-system] [] org.hibernate.SQL - 
    select
        pd1_0.id 
    from
        parcels pd1_0 
    where
        pd1_0.name=? 
    fetch
        first ? rows only
Hibernate: 
    select
        pd1_0.id 
    from
        parcels pd1_0 
    where
        pd1_0.name=? 
    fetch
        first ? rows only
2025-12-06 01:55:53.654 [main] DEBUG [tfms-truck-fleet-management-system] [] org.hibernate.SQL - 
    insert 
    into
        parcels
        (active, created_at, delivery_instructions, delivery_location_id, estimated_travel_time, name, planned_delivery_date, recipient_name, recipient_phone, status, stop_id, updated_at, volume, warehouse_id, weight) 
    values
        (?, ?, ?, ?, ?, ?, ?, ?, ?, ?, ?, ?, ?, ?, ?)
Hibernate: 
    insert 
    into
        parcels
        (active, created_at, delivery_instructions, delivery_location_id, estimated_travel_time, name, planned_delivery_date, recipient_name, recipient_phone, status, stop_id, updated_at, volume, warehouse_id, weight) 
    values
        (?, ?, ?, ?, ?, ?, ?, ?, ?, ?, ?, ?, ?, ?, ?)
2025-12-06 01:55:53.657 [main] DEBUG [tfms-truck-fleet-management-system] [] org.hibernate.SQL - 
    select
        ld1_0.id,
        ld1_0.address,
        ld1_0.city,
        ld1_0.created_at,
        ld1_0.is_active,
        ld1_0.latitude,
        ld1_0.longitude,
        ld1_0.postal_code,
        ld1_0.updated_at 
    from
        locations ld1_0 
    where
        ld1_0.postal_code=?
Hibernate: 
    select
        ld1_0.id,
        ld1_0.address,
        ld1_0.city,
        ld1_0.created_at,
        ld1_0.is_active,
        ld1_0.latitude,
        ld1_0.longitude,
        ld1_0.postal_code,
        ld1_0.updated_at 
    from
        locations ld1_0 
    where
        ld1_0.postal_code=?
2025-12-06 01:55:53.658 [main] DEBUG [tfms-truck-fleet-management-system] [] org.hibernate.SQL - 
    insert 
    into
        locations
        (address, city, created_at, is_active, latitude, longitude, postal_code, updated_at) 
    values
        (?, ?, ?, ?, ?, ?, ?, ?)
Hibernate: 
    insert 
    into
        locations
        (address, city, created_at, is_active, latitude, longitude, postal_code, updated_at) 
    values
        (?, ?, ?, ?, ?, ?, ?, ?)
2025-12-06 01:55:53.661 [main] DEBUG [tfms-truck-fleet-management-system] [] org.hibernate.SQL - 
    select
        pd1_0.id 
    from
        parcels pd1_0 
    where
        pd1_0.name=? 
    fetch
        first ? rows only
Hibernate: 
    select
        pd1_0.id 
    from
        parcels pd1_0 
    where
        pd1_0.name=? 
    fetch
        first ? rows only
2025-12-06 01:55:53.662 [main] DEBUG [tfms-truck-fleet-management-system] [] org.hibernate.SQL - 
    insert 
    into
        parcels
        (active, created_at, delivery_instructions, delivery_location_id, estimated_travel_time, name, planned_delivery_date, recipient_name, recipient_phone, status, stop_id, updated_at, volume, warehouse_id, weight) 
    values
        (?, ?, ?, ?, ?, ?, ?, ?, ?, ?, ?, ?, ?, ?, ?)
Hibernate: 
    insert 
    into
        parcels
        (active, created_at, delivery_instructions, delivery_location_id, estimated_travel_time, name, planned_delivery_date, recipient_name, recipient_phone, status, stop_id, updated_at, volume, warehouse_id, weight) 
    values
        (?, ?, ?, ?, ?, ?, ?, ?, ?, ?, ?, ?, ?, ?, ?)
2025-12-06 01:55:53.666 [main] DEBUG [tfms-truck-fleet-management-system] [] org.hibernate.SQL - 
    select
        ld1_0.id,
        ld1_0.address,
        ld1_0.city,
        ld1_0.created_at,
        ld1_0.is_active,
        ld1_0.latitude,
        ld1_0.longitude,
        ld1_0.postal_code,
        ld1_0.updated_at 
    from
        locations ld1_0 
    where
        ld1_0.postal_code=?
Hibernate: 
    select
        ld1_0.id,
        ld1_0.address,
        ld1_0.city,
        ld1_0.created_at,
        ld1_0.is_active,
        ld1_0.latitude,
        ld1_0.longitude,
        ld1_0.postal_code,
        ld1_0.updated_at 
    from
        locations ld1_0 
    where
        ld1_0.postal_code=?
2025-12-06 01:55:53.666 [main] DEBUG [tfms-truck-fleet-management-system] [] org.hibernate.SQL - 
    insert 
    into
        locations
        (address, city, created_at, is_active, latitude, longitude, postal_code, updated_at) 
    values
        (?, ?, ?, ?, ?, ?, ?, ?)
Hibernate: 
    insert 
    into
        locations
        (address, city, created_at, is_active, latitude, longitude, postal_code, updated_at) 
    values
        (?, ?, ?, ?, ?, ?, ?, ?)
2025-12-06 01:55:53.669 [main] DEBUG [tfms-truck-fleet-management-system] [] org.hibernate.SQL - 
    select
        pd1_0.id 
    from
        parcels pd1_0 
    where
        pd1_0.name=? 
    fetch
        first ? rows only
Hibernate: 
    select
        pd1_0.id 
    from
        parcels pd1_0 
    where
        pd1_0.name=? 
    fetch
        first ? rows only
2025-12-06 01:55:53.670 [main] DEBUG [tfms-truck-fleet-management-system] [] org.hibernate.SQL - 
    insert 
    into
        parcels
        (active, created_at, delivery_instructions, delivery_location_id, estimated_travel_time, name, planned_delivery_date, recipient_name, recipient_phone, status, stop_id, updated_at, volume, warehouse_id, weight) 
    values
        (?, ?, ?, ?, ?, ?, ?, ?, ?, ?, ?, ?, ?, ?, ?)
Hibernate: 
    insert 
    into
        parcels
        (active, created_at, delivery_instructions, delivery_location_id, estimated_travel_time, name, planned_delivery_date, recipient_name, recipient_phone, status, stop_id, updated_at, volume, warehouse_id, weight) 
    values
        (?, ?, ?, ?, ?, ?, ?, ?, ?, ?, ?, ?, ?, ?, ?)
2025-12-06 01:55:53.673 [main] DEBUG [tfms-truck-fleet-management-system] [] org.hibernate.SQL - 
    select
        ld1_0.id,
        ld1_0.address,
        ld1_0.city,
        ld1_0.created_at,
        ld1_0.is_active,
        ld1_0.latitude,
        ld1_0.longitude,
        ld1_0.postal_code,
        ld1_0.updated_at 
    from
        locations ld1_0 
    where
        ld1_0.postal_code=?
Hibernate: 
    select
        ld1_0.id,
        ld1_0.address,
        ld1_0.city,
        ld1_0.created_at,
        ld1_0.is_active,
        ld1_0.latitude,
        ld1_0.longitude,
        ld1_0.postal_code,
        ld1_0.updated_at 
    from
        locations ld1_0 
    where
        ld1_0.postal_code=?
2025-12-06 01:55:53.674 [main] DEBUG [tfms-truck-fleet-management-system] [] org.hibernate.SQL - 
    insert 
    into
        locations
        (address, city, created_at, is_active, latitude, longitude, postal_code, updated_at) 
    values
        (?, ?, ?, ?, ?, ?, ?, ?)
Hibernate: 
    insert 
    into
        locations
        (address, city, created_at, is_active, latitude, longitude, postal_code, updated_at) 
    values
        (?, ?, ?, ?, ?, ?, ?, ?)
2025-12-06 01:55:53.676 [main] DEBUG [tfms-truck-fleet-management-system] [] org.hibernate.SQL - 
    select
        pd1_0.id 
    from
        parcels pd1_0 
    where
        pd1_0.name=? 
    fetch
        first ? rows only
Hibernate: 
    select
        pd1_0.id 
    from
        parcels pd1_0 
    where
        pd1_0.name=? 
    fetch
        first ? rows only
2025-12-06 01:55:53.677 [main] DEBUG [tfms-truck-fleet-management-system] [] org.hibernate.SQL - 
    insert 
    into
        parcels
        (active, created_at, delivery_instructions, delivery_location_id, estimated_travel_time, name, planned_delivery_date, recipient_name, recipient_phone, status, stop_id, updated_at, volume, warehouse_id, weight) 
    values
        (?, ?, ?, ?, ?, ?, ?, ?, ?, ?, ?, ?, ?, ?, ?)
Hibernate: 
    insert 
    into
        parcels
        (active, created_at, delivery_instructions, delivery_location_id, estimated_travel_time, name, planned_delivery_date, recipient_name, recipient_phone, status, stop_id, updated_at, volume, warehouse_id, weight) 
    values
        (?, ?, ?, ?, ?, ?, ?, ?, ?, ?, ?, ?, ?, ?, ?)
2025-12-06 01:55:53.680 [main] DEBUG [tfms-truck-fleet-management-system] [] org.hibernate.SQL - 
    select
        ld1_0.id,
        ld1_0.address,
        ld1_0.city,
        ld1_0.created_at,
        ld1_0.is_active,
        ld1_0.latitude,
        ld1_0.longitude,
        ld1_0.postal_code,
        ld1_0.updated_at 
    from
        locations ld1_0 
    where
        ld1_0.postal_code=?
Hibernate: 
    select
        ld1_0.id,
        ld1_0.address,
        ld1_0.city,
        ld1_0.created_at,
        ld1_0.is_active,
        ld1_0.latitude,
        ld1_0.longitude,
        ld1_0.postal_code,
        ld1_0.updated_at 
    from
        locations ld1_0 
    where
        ld1_0.postal_code=?
2025-12-06 01:55:53.681 [main] DEBUG [tfms-truck-fleet-management-system] [] org.hibernate.SQL - 
    insert 
    into
        locations
        (address, city, created_at, is_active, latitude, longitude, postal_code, updated_at) 
    values
        (?, ?, ?, ?, ?, ?, ?, ?)
Hibernate: 
    insert 
    into
        locations
        (address, city, created_at, is_active, latitude, longitude, postal_code, updated_at) 
    values
        (?, ?, ?, ?, ?, ?, ?, ?)
2025-12-06 01:55:53.686 [main] DEBUG [tfms-truck-fleet-management-system] [] org.hibernate.SQL - 
    select
        pd1_0.id 
    from
        parcels pd1_0 
    where
        pd1_0.name=? 
    fetch
        first ? rows only
Hibernate: 
    select
        pd1_0.id 
    from
        parcels pd1_0 
    where
        pd1_0.name=? 
    fetch
        first ? rows only
2025-12-06 01:55:53.687 [main] DEBUG [tfms-truck-fleet-management-system] [] org.hibernate.SQL - 
    insert 
    into
        parcels
        (active, created_at, delivery_instructions, delivery_location_id, estimated_travel_time, name, planned_delivery_date, recipient_name, recipient_phone, status, stop_id, updated_at, volume, warehouse_id, weight) 
    values
        (?, ?, ?, ?, ?, ?, ?, ?, ?, ?, ?, ?, ?, ?, ?)
Hibernate: 
    insert 
    into
        parcels
        (active, created_at, delivery_instructions, delivery_location_id, estimated_travel_time, name, planned_delivery_date, recipient_name, recipient_phone, status, stop_id, updated_at, volume, warehouse_id, weight) 
    values
        (?, ?, ?, ?, ?, ?, ?, ?, ?, ?, ?, ?, ?, ?, ?)
2025-12-06 01:55:53.690 [main] DEBUG [tfms-truck-fleet-management-system] [] org.hibernate.SQL - 
    select
        ld1_0.id,
        ld1_0.address,
        ld1_0.city,
        ld1_0.created_at,
        ld1_0.is_active,
        ld1_0.latitude,
        ld1_0.longitude,
        ld1_0.postal_code,
        ld1_0.updated_at 
    from
        locations ld1_0 
    where
        ld1_0.postal_code=?
Hibernate: 
    select
        ld1_0.id,
        ld1_0.address,
        ld1_0.city,
        ld1_0.created_at,
        ld1_0.is_active,
        ld1_0.latitude,
        ld1_0.longitude,
        ld1_0.postal_code,
        ld1_0.updated_at 
    from
        locations ld1_0 
    where
        ld1_0.postal_code=?
2025-12-06 01:55:53.691 [main] DEBUG [tfms-truck-fleet-management-system] [] org.hibernate.SQL - 
    insert 
    into
        locations
        (address, city, created_at, is_active, latitude, longitude, postal_code, updated_at) 
    values
        (?, ?, ?, ?, ?, ?, ?, ?)
Hibernate: 
    insert 
    into
        locations
        (address, city, created_at, is_active, latitude, longitude, postal_code, updated_at) 
    values
        (?, ?, ?, ?, ?, ?, ?, ?)
2025-12-06 01:55:53.694 [main] DEBUG [tfms-truck-fleet-management-system] [] org.hibernate.SQL - 
    select
        pd1_0.id 
    from
        parcels pd1_0 
    where
        pd1_0.name=? 
    fetch
        first ? rows only
Hibernate: 
    select
        pd1_0.id 
    from
        parcels pd1_0 
    where
        pd1_0.name=? 
    fetch
        first ? rows only
2025-12-06 01:55:53.695 [main] DEBUG [tfms-truck-fleet-management-system] [] org.hibernate.SQL - 
    insert 
    into
        parcels
        (active, created_at, delivery_instructions, delivery_location_id, estimated_travel_time, name, planned_delivery_date, recipient_name, recipient_phone, status, stop_id, updated_at, volume, warehouse_id, weight) 
    values
        (?, ?, ?, ?, ?, ?, ?, ?, ?, ?, ?, ?, ?, ?, ?)
Hibernate: 
    insert 
    into
        parcels
        (active, created_at, delivery_instructions, delivery_location_id, estimated_travel_time, name, planned_delivery_date, recipient_name, recipient_phone, status, stop_id, updated_at, volume, warehouse_id, weight) 
    values
        (?, ?, ?, ?, ?, ?, ?, ?, ?, ?, ?, ?, ?, ?, ?)
2025-12-06 01:55:53.699 [main] DEBUG [tfms-truck-fleet-management-system] [] org.hibernate.SQL - 
    select
        ld1_0.id,
        ld1_0.address,
        ld1_0.city,
        ld1_0.created_at,
        ld1_0.is_active,
        ld1_0.latitude,
        ld1_0.longitude,
        ld1_0.postal_code,
        ld1_0.updated_at 
    from
        locations ld1_0 
    where
        ld1_0.postal_code=?
Hibernate: 
    select
        ld1_0.id,
        ld1_0.address,
        ld1_0.city,
        ld1_0.created_at,
        ld1_0.is_active,
        ld1_0.latitude,
        ld1_0.longitude,
        ld1_0.postal_code,
        ld1_0.updated_at 
    from
        locations ld1_0 
    where
        ld1_0.postal_code=?
2025-12-06 01:55:53.700 [main] DEBUG [tfms-truck-fleet-management-system] [] org.hibernate.SQL - 
    insert 
    into
        locations
        (address, city, created_at, is_active, latitude, longitude, postal_code, updated_at) 
    values
        (?, ?, ?, ?, ?, ?, ?, ?)
Hibernate: 
    insert 
    into
        locations
        (address, city, created_at, is_active, latitude, longitude, postal_code, updated_at) 
    values
        (?, ?, ?, ?, ?, ?, ?, ?)
2025-12-06 01:55:53.703 [main] DEBUG [tfms-truck-fleet-management-system] [] org.hibernate.SQL - 
    select
        pd1_0.id 
    from
        parcels pd1_0 
    where
        pd1_0.name=? 
    fetch
        first ? rows only
Hibernate: 
    select
        pd1_0.id 
    from
        parcels pd1_0 
    where
        pd1_0.name=? 
    fetch
        first ? rows only
2025-12-06 01:55:53.703 [main] DEBUG [tfms-truck-fleet-management-system] [] org.hibernate.SQL - 
    insert 
    into
        parcels
        (active, created_at, delivery_instructions, delivery_location_id, estimated_travel_time, name, planned_delivery_date, recipient_name, recipient_phone, status, stop_id, updated_at, volume, warehouse_id, weight) 
    values
        (?, ?, ?, ?, ?, ?, ?, ?, ?, ?, ?, ?, ?, ?, ?)
Hibernate: 
    insert 
    into
        parcels
        (active, created_at, delivery_instructions, delivery_location_id, estimated_travel_time, name, planned_delivery_date, recipient_name, recipient_phone, status, stop_id, updated_at, volume, warehouse_id, weight) 
    values
        (?, ?, ?, ?, ?, ?, ?, ?, ?, ?, ?, ?, ?, ?, ?)
2025-12-06 01:55:53.706 [main] DEBUG [tfms-truck-fleet-management-system] [] org.hibernate.SQL - 
    select
        ld1_0.id,
        ld1_0.address,
        ld1_0.city,
        ld1_0.created_at,
        ld1_0.is_active,
        ld1_0.latitude,
        ld1_0.longitude,
        ld1_0.postal_code,
        ld1_0.updated_at 
    from
        locations ld1_0 
    where
        ld1_0.postal_code=?
Hibernate: 
    select
        ld1_0.id,
        ld1_0.address,
        ld1_0.city,
        ld1_0.created_at,
        ld1_0.is_active,
        ld1_0.latitude,
        ld1_0.longitude,
        ld1_0.postal_code,
        ld1_0.updated_at 
    from
        locations ld1_0 
    where
        ld1_0.postal_code=?
2025-12-06 01:55:53.707 [main] DEBUG [tfms-truck-fleet-management-system] [] org.hibernate.SQL - 
    insert 
    into
        locations
        (address, city, created_at, is_active, latitude, longitude, postal_code, updated_at) 
    values
        (?, ?, ?, ?, ?, ?, ?, ?)
Hibernate: 
    insert 
    into
        locations
        (address, city, created_at, is_active, latitude, longitude, postal_code, updated_at) 
    values
        (?, ?, ?, ?, ?, ?, ?, ?)
2025-12-06 01:55:53.709 [main] DEBUG [tfms-truck-fleet-management-system] [] org.hibernate.SQL - 
    select
        pd1_0.id 
    from
        parcels pd1_0 
    where
        pd1_0.name=? 
    fetch
        first ? rows only
Hibernate: 
    select
        pd1_0.id 
    from
        parcels pd1_0 
    where
        pd1_0.name=? 
    fetch
        first ? rows only
2025-12-06 01:55:53.710 [main] DEBUG [tfms-truck-fleet-management-system] [] org.hibernate.SQL - 
    insert 
    into
        parcels
        (active, created_at, delivery_instructions, delivery_location_id, estimated_travel_time, name, planned_delivery_date, recipient_name, recipient_phone, status, stop_id, updated_at, volume, warehouse_id, weight) 
    values
        (?, ?, ?, ?, ?, ?, ?, ?, ?, ?, ?, ?, ?, ?, ?)
Hibernate: 
    insert 
    into
        parcels
        (active, created_at, delivery_instructions, delivery_location_id, estimated_travel_time, name, planned_delivery_date, recipient_name, recipient_phone, status, stop_id, updated_at, volume, warehouse_id, weight) 
    values
        (?, ?, ?, ?, ?, ?, ?, ?, ?, ?, ?, ?, ?, ?, ?)
2025-12-06 01:55:53.712 [main] DEBUG [tfms-truck-fleet-management-system] [] org.hibernate.SQL - 
    select
        ld1_0.id,
        ld1_0.address,
        ld1_0.city,
        ld1_0.created_at,
        ld1_0.is_active,
        ld1_0.latitude,
        ld1_0.longitude,
        ld1_0.postal_code,
        ld1_0.updated_at 
    from
        locations ld1_0 
    where
        ld1_0.postal_code=?
Hibernate: 
    select
        ld1_0.id,
        ld1_0.address,
        ld1_0.city,
        ld1_0.created_at,
        ld1_0.is_active,
        ld1_0.latitude,
        ld1_0.longitude,
        ld1_0.postal_code,
        ld1_0.updated_at 
    from
        locations ld1_0 
    where
        ld1_0.postal_code=?
2025-12-06 01:55:53.713 [main] DEBUG [tfms-truck-fleet-management-system] [] org.hibernate.SQL - 
    insert 
    into
        locations
        (address, city, created_at, is_active, latitude, longitude, postal_code, updated_at) 
    values
        (?, ?, ?, ?, ?, ?, ?, ?)
Hibernate: 
    insert 
    into
        locations
        (address, city, created_at, is_active, latitude, longitude, postal_code, updated_at) 
    values
        (?, ?, ?, ?, ?, ?, ?, ?)
2025-12-06 01:55:53.716 [main] DEBUG [tfms-truck-fleet-management-system] [] org.hibernate.SQL - 
    select
        pd1_0.id 
    from
        parcels pd1_0 
    where
        pd1_0.name=? 
    fetch
        first ? rows only
Hibernate: 
    select
        pd1_0.id 
    from
        parcels pd1_0 
    where
        pd1_0.name=? 
    fetch
        first ? rows only
2025-12-06 01:55:53.716 [main] DEBUG [tfms-truck-fleet-management-system] [] org.hibernate.SQL - 
    insert 
    into
        parcels
        (active, created_at, delivery_instructions, delivery_location_id, estimated_travel_time, name, planned_delivery_date, recipient_name, recipient_phone, status, stop_id, updated_at, volume, warehouse_id, weight) 
    values
        (?, ?, ?, ?, ?, ?, ?, ?, ?, ?, ?, ?, ?, ?, ?)
Hibernate: 
    insert 
    into
        parcels
        (active, created_at, delivery_instructions, delivery_location_id, estimated_travel_time, name, planned_delivery_date, recipient_name, recipient_phone, status, stop_id, updated_at, volume, warehouse_id, weight) 
    values
        (?, ?, ?, ?, ?, ?, ?, ?, ?, ?, ?, ?, ?, ?, ?)
2025-12-06 01:55:53.720 [main] DEBUG [tfms-truck-fleet-management-system] [] org.hibernate.SQL - 
    select
        ld1_0.id,
        ld1_0.address,
        ld1_0.city,
        ld1_0.created_at,
        ld1_0.is_active,
        ld1_0.latitude,
        ld1_0.longitude,
        ld1_0.postal_code,
        ld1_0.updated_at 
    from
        locations ld1_0 
    where
        ld1_0.postal_code=?
Hibernate: 
    select
        ld1_0.id,
        ld1_0.address,
        ld1_0.city,
        ld1_0.created_at,
        ld1_0.is_active,
        ld1_0.latitude,
        ld1_0.longitude,
        ld1_0.postal_code,
        ld1_0.updated_at 
    from
        locations ld1_0 
    where
        ld1_0.postal_code=?
2025-12-06 01:55:53.720 [main] DEBUG [tfms-truck-fleet-management-system] [] org.hibernate.SQL - 
    insert 
    into
        locations
        (address, city, created_at, is_active, latitude, longitude, postal_code, updated_at) 
    values
        (?, ?, ?, ?, ?, ?, ?, ?)
Hibernate: 
    insert 
    into
        locations
        (address, city, created_at, is_active, latitude, longitude, postal_code, updated_at) 
    values
        (?, ?, ?, ?, ?, ?, ?, ?)
2025-12-06 01:55:53.724 [main] DEBUG [tfms-truck-fleet-management-system] [] org.hibernate.SQL - 
    select
        pd1_0.id 
    from
        parcels pd1_0 
    where
        pd1_0.name=? 
    fetch
        first ? rows only
Hibernate: 
    select
        pd1_0.id 
    from
        parcels pd1_0 
    where
        pd1_0.name=? 
    fetch
        first ? rows only
2025-12-06 01:55:53.725 [main] DEBUG [tfms-truck-fleet-management-system] [] org.hibernate.SQL - 
    insert 
    into
        parcels
        (active, created_at, delivery_instructions, delivery_location_id, estimated_travel_time, name, planned_delivery_date, recipient_name, recipient_phone, status, stop_id, updated_at, volume, warehouse_id, weight) 
    values
        (?, ?, ?, ?, ?, ?, ?, ?, ?, ?, ?, ?, ?, ?, ?)
Hibernate: 
    insert 
    into
        parcels
        (active, created_at, delivery_instructions, delivery_location_id, estimated_travel_time, name, planned_delivery_date, recipient_name, recipient_phone, status, stop_id, updated_at, volume, warehouse_id, weight) 
    values
        (?, ?, ?, ?, ?, ?, ?, ?, ?, ?, ?, ?, ?, ?, ?)
2025-12-06 01:55:53.728 [main] DEBUG [tfms-truck-fleet-management-system] [] org.hibernate.SQL - 
    select
        ld1_0.id,
        ld1_0.address,
        ld1_0.city,
        ld1_0.created_at,
        ld1_0.is_active,
        ld1_0.latitude,
        ld1_0.longitude,
        ld1_0.postal_code,
        ld1_0.updated_at 
    from
        locations ld1_0 
    where
        ld1_0.postal_code=?
Hibernate: 
    select
        ld1_0.id,
        ld1_0.address,
        ld1_0.city,
        ld1_0.created_at,
        ld1_0.is_active,
        ld1_0.latitude,
        ld1_0.longitude,
        ld1_0.postal_code,
        ld1_0.updated_at 
    from
        locations ld1_0 
    where
        ld1_0.postal_code=?
2025-12-06 01:55:53.729 [main] DEBUG [tfms-truck-fleet-management-system] [] org.hibernate.SQL - 
    insert 
    into
        locations
        (address, city, created_at, is_active, latitude, longitude, postal_code, updated_at) 
    values
        (?, ?, ?, ?, ?, ?, ?, ?)
Hibernate: 
    insert 
    into
        locations
        (address, city, created_at, is_active, latitude, longitude, postal_code, updated_at) 
    values
        (?, ?, ?, ?, ?, ?, ?, ?)
2025-12-06 01:55:53.732 [main] DEBUG [tfms-truck-fleet-management-system] [] org.hibernate.SQL - 
    select
        pd1_0.id 
    from
        parcels pd1_0 
    where
        pd1_0.name=? 
    fetch
        first ? rows only
Hibernate: 
    select
        pd1_0.id 
    from
        parcels pd1_0 
    where
        pd1_0.name=? 
    fetch
        first ? rows only
2025-12-06 01:55:53.733 [main] DEBUG [tfms-truck-fleet-management-system] [] org.hibernate.SQL - 
    insert 
    into
        parcels
        (active, created_at, delivery_instructions, delivery_location_id, estimated_travel_time, name, planned_delivery_date, recipient_name, recipient_phone, status, stop_id, updated_at, volume, warehouse_id, weight) 
    values
        (?, ?, ?, ?, ?, ?, ?, ?, ?, ?, ?, ?, ?, ?, ?)
Hibernate: 
    insert 
    into
        parcels
        (active, created_at, delivery_instructions, delivery_location_id, estimated_travel_time, name, planned_delivery_date, recipient_name, recipient_phone, status, stop_id, updated_at, volume, warehouse_id, weight) 
    values
        (?, ?, ?, ?, ?, ?, ?, ?, ?, ?, ?, ?, ?, ?, ?)
2025-12-06 01:55:53.736 [main] DEBUG [tfms-truck-fleet-management-system] [] org.hibernate.SQL - 
    select
        ld1_0.id,
        ld1_0.address,
        ld1_0.city,
        ld1_0.created_at,
        ld1_0.is_active,
        ld1_0.latitude,
        ld1_0.longitude,
        ld1_0.postal_code,
        ld1_0.updated_at 
    from
        locations ld1_0 
    where
        ld1_0.postal_code=?
Hibernate: 
    select
        ld1_0.id,
        ld1_0.address,
        ld1_0.city,
        ld1_0.created_at,
        ld1_0.is_active,
        ld1_0.latitude,
        ld1_0.longitude,
        ld1_0.postal_code,
        ld1_0.updated_at 
    from
        locations ld1_0 
    where
        ld1_0.postal_code=?
2025-12-06 01:55:53.737 [main] DEBUG [tfms-truck-fleet-management-system] [] org.hibernate.SQL - 
    insert 
    into
        locations
        (address, city, created_at, is_active, latitude, longitude, postal_code, updated_at) 
    values
        (?, ?, ?, ?, ?, ?, ?, ?)
Hibernate: 
    insert 
    into
        locations
        (address, city, created_at, is_active, latitude, longitude, postal_code, updated_at) 
    values
        (?, ?, ?, ?, ?, ?, ?, ?)
2025-12-06 01:55:53.740 [main] DEBUG [tfms-truck-fleet-management-system] [] org.hibernate.SQL - 
    select
        pd1_0.id 
    from
        parcels pd1_0 
    where
        pd1_0.name=? 
    fetch
        first ? rows only
Hibernate: 
    select
        pd1_0.id 
    from
        parcels pd1_0 
    where
        pd1_0.name=? 
    fetch
        first ? rows only
2025-12-06 01:55:53.741 [main] DEBUG [tfms-truck-fleet-management-system] [] org.hibernate.SQL - 
    insert 
    into
        parcels
        (active, created_at, delivery_instructions, delivery_location_id, estimated_travel_time, name, planned_delivery_date, recipient_name, recipient_phone, status, stop_id, updated_at, volume, warehouse_id, weight) 
    values
        (?, ?, ?, ?, ?, ?, ?, ?, ?, ?, ?, ?, ?, ?, ?)
Hibernate: 
    insert 
    into
        parcels
        (active, created_at, delivery_instructions, delivery_location_id, estimated_travel_time, name, planned_delivery_date, recipient_name, recipient_phone, status, stop_id, updated_at, volume, warehouse_id, weight) 
    values
        (?, ?, ?, ?, ?, ?, ?, ?, ?, ?, ?, ?, ?, ?, ?)
2025-12-06 01:55:53.745 [main] DEBUG [tfms-truck-fleet-management-system] [] org.hibernate.SQL - 
    select
        ld1_0.id,
        ld1_0.address,
        ld1_0.city,
        ld1_0.created_at,
        ld1_0.is_active,
        ld1_0.latitude,
        ld1_0.longitude,
        ld1_0.postal_code,
        ld1_0.updated_at 
    from
        locations ld1_0 
    where
        ld1_0.postal_code=?
Hibernate: 
    select
        ld1_0.id,
        ld1_0.address,
        ld1_0.city,
        ld1_0.created_at,
        ld1_0.is_active,
        ld1_0.latitude,
        ld1_0.longitude,
        ld1_0.postal_code,
        ld1_0.updated_at 
    from
        locations ld1_0 
    where
        ld1_0.postal_code=?
2025-12-06 01:55:53.746 [main] DEBUG [tfms-truck-fleet-management-system] [] org.hibernate.SQL - 
    insert 
    into
        locations
        (address, city, created_at, is_active, latitude, longitude, postal_code, updated_at) 
    values
        (?, ?, ?, ?, ?, ?, ?, ?)
Hibernate: 
    insert 
    into
        locations
        (address, city, created_at, is_active, latitude, longitude, postal_code, updated_at) 
    values
        (?, ?, ?, ?, ?, ?, ?, ?)
2025-12-06 01:55:53.750 [main] DEBUG [tfms-truck-fleet-management-system] [] org.hibernate.SQL - 
    select
        pd1_0.id 
    from
        parcels pd1_0 
    where
        pd1_0.name=? 
    fetch
        first ? rows only
Hibernate: 
    select
        pd1_0.id 
    from
        parcels pd1_0 
    where
        pd1_0.name=? 
    fetch
        first ? rows only
2025-12-06 01:55:53.751 [main] DEBUG [tfms-truck-fleet-management-system] [] org.hibernate.SQL - 
    insert 
    into
        parcels
        (active, created_at, delivery_instructions, delivery_location_id, estimated_travel_time, name, planned_delivery_date, recipient_name, recipient_phone, status, stop_id, updated_at, volume, warehouse_id, weight) 
    values
        (?, ?, ?, ?, ?, ?, ?, ?, ?, ?, ?, ?, ?, ?, ?)
Hibernate: 
    insert 
    into
        parcels
        (active, created_at, delivery_instructions, delivery_location_id, estimated_travel_time, name, planned_delivery_date, recipient_name, recipient_phone, status, stop_id, updated_at, volume, warehouse_id, weight) 
    values
        (?, ?, ?, ?, ?, ?, ?, ?, ?, ?, ?, ?, ?, ?, ?)
Created 20 parcels for Warehouse-Almere in Almere
2025-12-06 01:55:53.754 [main] DEBUG [tfms-truck-fleet-management-system] [] org.hibernate.SQL - 
    select
        ld1_0.id,
        ld1_0.address,
        ld1_0.city,
        ld1_0.created_at,
        ld1_0.is_active,
        ld1_0.latitude,
        ld1_0.longitude,
        ld1_0.postal_code,
        ld1_0.updated_at 
    from
        locations ld1_0 
    where
        ld1_0.postal_code=?
Hibernate: 
    select
        ld1_0.id,
        ld1_0.address,
        ld1_0.city,
        ld1_0.created_at,
        ld1_0.is_active,
        ld1_0.latitude,
        ld1_0.longitude,
        ld1_0.postal_code,
        ld1_0.updated_at 
    from
        locations ld1_0 
    where
        ld1_0.postal_code=?
2025-12-06 01:55:53.754 [main] DEBUG [tfms-truck-fleet-management-system] [] org.hibernate.SQL - 
    insert 
    into
        locations
        (address, city, created_at, is_active, latitude, longitude, postal_code, updated_at) 
    values
        (?, ?, ?, ?, ?, ?, ?, ?)
Hibernate: 
    insert 
    into
        locations
        (address, city, created_at, is_active, latitude, longitude, postal_code, updated_at) 
    values
        (?, ?, ?, ?, ?, ?, ?, ?)
2025-12-06 01:55:53.758 [main] DEBUG [tfms-truck-fleet-management-system] [] org.hibernate.SQL - 
    select
        whd1_0.id,
        whd1_0.active,
        whd1_0.created_at,
        whd1_0.location_id,
        whd1_0.name,
        whd1_0.updated_at 
    from
        warehouse whd1_0 
    where
        whd1_0.name=?
Hibernate: 
    select
        whd1_0.id,
        whd1_0.active,
        whd1_0.created_at,
        whd1_0.location_id,
        whd1_0.name,
        whd1_0.updated_at 
    from
        warehouse whd1_0 
    where
        whd1_0.name=?
2025-12-06 01:55:53.758 [main] DEBUG [tfms-truck-fleet-management-system] [] org.hibernate.SQL - 
    insert 
    into
        warehouse
        (active, created_at, location_id, name, updated_at) 
    values
        (?, ?, ?, ?, ?)
Hibernate: 
    insert 
    into
        warehouse
        (active, created_at, location_id, name, updated_at) 
    values
        (?, ?, ?, ?, ?)
2025-12-06 01:55:53.761 [main] DEBUG [tfms-truck-fleet-management-system] [] org.hibernate.SQL - 
    select
        ld1_0.id,
        ld1_0.address,
        ld1_0.city,
        ld1_0.created_at,
        ld1_0.is_active,
        ld1_0.latitude,
        ld1_0.longitude,
        ld1_0.postal_code,
        ld1_0.updated_at 
    from
        locations ld1_0 
    where
        ld1_0.postal_code=?
Hibernate: 
    select
        ld1_0.id,
        ld1_0.address,
        ld1_0.city,
        ld1_0.created_at,
        ld1_0.is_active,
        ld1_0.latitude,
        ld1_0.longitude,
        ld1_0.postal_code,
        ld1_0.updated_at 
    from
        locations ld1_0 
    where
        ld1_0.postal_code=?
2025-12-06 01:55:53.762 [main] DEBUG [tfms-truck-fleet-management-system] [] org.hibernate.SQL - 
    insert 
    into
        locations
        (address, city, created_at, is_active, latitude, longitude, postal_code, updated_at) 
    values
        (?, ?, ?, ?, ?, ?, ?, ?)
Hibernate: 
    insert 
    into
        locations
        (address, city, created_at, is_active, latitude, longitude, postal_code, updated_at) 
    values
        (?, ?, ?, ?, ?, ?, ?, ?)
2025-12-06 01:55:53.765 [main] DEBUG [tfms-truck-fleet-management-system] [] org.hibernate.SQL - 
    select
        pd1_0.id 
    from
        parcels pd1_0 
    where
        pd1_0.name=? 
    fetch
        first ? rows only
Hibernate: 
    select
        pd1_0.id 
    from
        parcels pd1_0 
    where
        pd1_0.name=? 
    fetch
        first ? rows only
2025-12-06 01:55:53.766 [main] DEBUG [tfms-truck-fleet-management-system] [] org.hibernate.SQL - 
    insert 
    into
        parcels
        (active, created_at, delivery_instructions, delivery_location_id, estimated_travel_time, name, planned_delivery_date, recipient_name, recipient_phone, status, stop_id, updated_at, volume, warehouse_id, weight) 
    values
        (?, ?, ?, ?, ?, ?, ?, ?, ?, ?, ?, ?, ?, ?, ?)
Hibernate: 
    insert 
    into
        parcels
        (active, created_at, delivery_instructions, delivery_location_id, estimated_travel_time, name, planned_delivery_date, recipient_name, recipient_phone, status, stop_id, updated_at, volume, warehouse_id, weight) 
    values
        (?, ?, ?, ?, ?, ?, ?, ?, ?, ?, ?, ?, ?, ?, ?)
2025-12-06 01:55:53.769 [main] DEBUG [tfms-truck-fleet-management-system] [] org.hibernate.SQL - 
    select
        ld1_0.id,
        ld1_0.address,
        ld1_0.city,
        ld1_0.created_at,
        ld1_0.is_active,
        ld1_0.latitude,
        ld1_0.longitude,
        ld1_0.postal_code,
        ld1_0.updated_at 
    from
        locations ld1_0 
    where
        ld1_0.postal_code=?
Hibernate: 
    select
        ld1_0.id,
        ld1_0.address,
        ld1_0.city,
        ld1_0.created_at,
        ld1_0.is_active,
        ld1_0.latitude,
        ld1_0.longitude,
        ld1_0.postal_code,
        ld1_0.updated_at 
    from
        locations ld1_0 
    where
        ld1_0.postal_code=?
2025-12-06 01:55:53.770 [main] DEBUG [tfms-truck-fleet-management-system] [] org.hibernate.SQL - 
    insert 
    into
        locations
        (address, city, created_at, is_active, latitude, longitude, postal_code, updated_at) 
    values
        (?, ?, ?, ?, ?, ?, ?, ?)
Hibernate: 
    insert 
    into
        locations
        (address, city, created_at, is_active, latitude, longitude, postal_code, updated_at) 
    values
        (?, ?, ?, ?, ?, ?, ?, ?)
2025-12-06 01:55:53.774 [main] DEBUG [tfms-truck-fleet-management-system] [] org.hibernate.SQL - 
    select
        pd1_0.id 
    from
        parcels pd1_0 
    where
        pd1_0.name=? 
    fetch
        first ? rows only
Hibernate: 
    select
        pd1_0.id 
    from
        parcels pd1_0 
    where
        pd1_0.name=? 
    fetch
        first ? rows only
2025-12-06 01:55:53.775 [main] DEBUG [tfms-truck-fleet-management-system] [] org.hibernate.SQL - 
    insert 
    into
        parcels
        (active, created_at, delivery_instructions, delivery_location_id, estimated_travel_time, name, planned_delivery_date, recipient_name, recipient_phone, status, stop_id, updated_at, volume, warehouse_id, weight) 
    values
        (?, ?, ?, ?, ?, ?, ?, ?, ?, ?, ?, ?, ?, ?, ?)
Hibernate: 
    insert 
    into
        parcels
        (active, created_at, delivery_instructions, delivery_location_id, estimated_travel_time, name, planned_delivery_date, recipient_name, recipient_phone, status, stop_id, updated_at, volume, warehouse_id, weight) 
    values
        (?, ?, ?, ?, ?, ?, ?, ?, ?, ?, ?, ?, ?, ?, ?)
2025-12-06 01:55:53.778 [main] DEBUG [tfms-truck-fleet-management-system] [] org.hibernate.SQL - 
    select
        ld1_0.id,
        ld1_0.address,
        ld1_0.city,
        ld1_0.created_at,
        ld1_0.is_active,
        ld1_0.latitude,
        ld1_0.longitude,
        ld1_0.postal_code,
        ld1_0.updated_at 
    from
        locations ld1_0 
    where
        ld1_0.postal_code=?
Hibernate: 
    select
        ld1_0.id,
        ld1_0.address,
        ld1_0.city,
        ld1_0.created_at,
        ld1_0.is_active,
        ld1_0.latitude,
        ld1_0.longitude,
        ld1_0.postal_code,
        ld1_0.updated_at 
    from
        locations ld1_0 
    where
        ld1_0.postal_code=?
2025-12-06 01:55:53.779 [main] DEBUG [tfms-truck-fleet-management-system] [] org.hibernate.SQL - 
    insert 
    into
        locations
        (address, city, created_at, is_active, latitude, longitude, postal_code, updated_at) 
    values
        (?, ?, ?, ?, ?, ?, ?, ?)
Hibernate: 
    insert 
    into
        locations
        (address, city, created_at, is_active, latitude, longitude, postal_code, updated_at) 
    values
        (?, ?, ?, ?, ?, ?, ?, ?)
2025-12-06 01:55:53.782 [main] DEBUG [tfms-truck-fleet-management-system] [] org.hibernate.SQL - 
    select
        pd1_0.id 
    from
        parcels pd1_0 
    where
        pd1_0.name=? 
    fetch
        first ? rows only
Hibernate: 
    select
        pd1_0.id 
    from
        parcels pd1_0 
    where
        pd1_0.name=? 
    fetch
        first ? rows only
2025-12-06 01:55:53.783 [main] DEBUG [tfms-truck-fleet-management-system] [] org.hibernate.SQL - 
    insert 
    into
        parcels
        (active, created_at, delivery_instructions, delivery_location_id, estimated_travel_time, name, planned_delivery_date, recipient_name, recipient_phone, status, stop_id, updated_at, volume, warehouse_id, weight) 
    values
        (?, ?, ?, ?, ?, ?, ?, ?, ?, ?, ?, ?, ?, ?, ?)
Hibernate: 
    insert 
    into
        parcels
        (active, created_at, delivery_instructions, delivery_location_id, estimated_travel_time, name, planned_delivery_date, recipient_name, recipient_phone, status, stop_id, updated_at, volume, warehouse_id, weight) 
    values
        (?, ?, ?, ?, ?, ?, ?, ?, ?, ?, ?, ?, ?, ?, ?)
2025-12-06 01:55:53.787 [main] DEBUG [tfms-truck-fleet-management-system] [] org.hibernate.SQL - 
    select
        ld1_0.id,
        ld1_0.address,
        ld1_0.city,
        ld1_0.created_at,
        ld1_0.is_active,
        ld1_0.latitude,
        ld1_0.longitude,
        ld1_0.postal_code,
        ld1_0.updated_at 
    from
        locations ld1_0 
    where
        ld1_0.postal_code=?
Hibernate: 
    select
        ld1_0.id,
        ld1_0.address,
        ld1_0.city,
        ld1_0.created_at,
        ld1_0.is_active,
        ld1_0.latitude,
        ld1_0.longitude,
        ld1_0.postal_code,
        ld1_0.updated_at 
    from
        locations ld1_0 
    where
        ld1_0.postal_code=?
2025-12-06 01:55:53.787 [main] DEBUG [tfms-truck-fleet-management-system] [] org.hibernate.SQL - 
    insert 
    into
        locations
        (address, city, created_at, is_active, latitude, longitude, postal_code, updated_at) 
    values
        (?, ?, ?, ?, ?, ?, ?, ?)
Hibernate: 
    insert 
    into
        locations
        (address, city, created_at, is_active, latitude, longitude, postal_code, updated_at) 
    values
        (?, ?, ?, ?, ?, ?, ?, ?)
2025-12-06 01:55:53.791 [main] DEBUG [tfms-truck-fleet-management-system] [] org.hibernate.SQL - 
    select
        pd1_0.id 
    from
        parcels pd1_0 
    where
        pd1_0.name=? 
    fetch
        first ? rows only
Hibernate: 
    select
        pd1_0.id 
    from
        parcels pd1_0 
    where
        pd1_0.name=? 
    fetch
        first ? rows only
2025-12-06 01:55:53.792 [main] DEBUG [tfms-truck-fleet-management-system] [] org.hibernate.SQL - 
    insert 
    into
        parcels
        (active, created_at, delivery_instructions, delivery_location_id, estimated_travel_time, name, planned_delivery_date, recipient_name, recipient_phone, status, stop_id, updated_at, volume, warehouse_id, weight) 
    values
        (?, ?, ?, ?, ?, ?, ?, ?, ?, ?, ?, ?, ?, ?, ?)
Hibernate: 
    insert 
    into
        parcels
        (active, created_at, delivery_instructions, delivery_location_id, estimated_travel_time, name, planned_delivery_date, recipient_name, recipient_phone, status, stop_id, updated_at, volume, warehouse_id, weight) 
    values
        (?, ?, ?, ?, ?, ?, ?, ?, ?, ?, ?, ?, ?, ?, ?)
2025-12-06 01:55:53.796 [main] DEBUG [tfms-truck-fleet-management-system] [] org.hibernate.SQL - 
    select
        ld1_0.id,
        ld1_0.address,
        ld1_0.city,
        ld1_0.created_at,
        ld1_0.is_active,
        ld1_0.latitude,
        ld1_0.longitude,
        ld1_0.postal_code,
        ld1_0.updated_at 
    from
        locations ld1_0 
    where
        ld1_0.postal_code=?
Hibernate: 
    select
        ld1_0.id,
        ld1_0.address,
        ld1_0.city,
        ld1_0.created_at,
        ld1_0.is_active,
        ld1_0.latitude,
        ld1_0.longitude,
        ld1_0.postal_code,
        ld1_0.updated_at 
    from
        locations ld1_0 
    where
        ld1_0.postal_code=?
2025-12-06 01:55:53.797 [main] DEBUG [tfms-truck-fleet-management-system] [] org.hibernate.SQL - 
    insert 
    into
        locations
        (address, city, created_at, is_active, latitude, longitude, postal_code, updated_at) 
    values
        (?, ?, ?, ?, ?, ?, ?, ?)
Hibernate: 
    insert 
    into
        locations
        (address, city, created_at, is_active, latitude, longitude, postal_code, updated_at) 
    values
        (?, ?, ?, ?, ?, ?, ?, ?)
2025-12-06 01:55:53.800 [main] DEBUG [tfms-truck-fleet-management-system] [] org.hibernate.SQL - 
    select
        pd1_0.id 
    from
        parcels pd1_0 
    where
        pd1_0.name=? 
    fetch
        first ? rows only
Hibernate: 
    select
        pd1_0.id 
    from
        parcels pd1_0 
    where
        pd1_0.name=? 
    fetch
        first ? rows only
2025-12-06 01:55:53.801 [main] DEBUG [tfms-truck-fleet-management-system] [] org.hibernate.SQL - 
    insert 
    into
        parcels
        (active, created_at, delivery_instructions, delivery_location_id, estimated_travel_time, name, planned_delivery_date, recipient_name, recipient_phone, status, stop_id, updated_at, volume, warehouse_id, weight) 
    values
        (?, ?, ?, ?, ?, ?, ?, ?, ?, ?, ?, ?, ?, ?, ?)
Hibernate: 
    insert 
    into
        parcels
        (active, created_at, delivery_instructions, delivery_location_id, estimated_travel_time, name, planned_delivery_date, recipient_name, recipient_phone, status, stop_id, updated_at, volume, warehouse_id, weight) 
    values
        (?, ?, ?, ?, ?, ?, ?, ?, ?, ?, ?, ?, ?, ?, ?)
2025-12-06 01:55:53.804 [main] DEBUG [tfms-truck-fleet-management-system] [] org.hibernate.SQL - 
    select
        ld1_0.id,
        ld1_0.address,
        ld1_0.city,
        ld1_0.created_at,
        ld1_0.is_active,
        ld1_0.latitude,
        ld1_0.longitude,
        ld1_0.postal_code,
        ld1_0.updated_at 
    from
        locations ld1_0 
    where
        ld1_0.postal_code=?
Hibernate: 
    select
        ld1_0.id,
        ld1_0.address,
        ld1_0.city,
        ld1_0.created_at,
        ld1_0.is_active,
        ld1_0.latitude,
        ld1_0.longitude,
        ld1_0.postal_code,
        ld1_0.updated_at 
    from
        locations ld1_0 
    where
        ld1_0.postal_code=?
2025-12-06 01:55:53.805 [main] DEBUG [tfms-truck-fleet-management-system] [] org.hibernate.SQL - 
    insert 
    into
        locations
        (address, city, created_at, is_active, latitude, longitude, postal_code, updated_at) 
    values
        (?, ?, ?, ?, ?, ?, ?, ?)
Hibernate: 
    insert 
    into
        locations
        (address, city, created_at, is_active, latitude, longitude, postal_code, updated_at) 
    values
        (?, ?, ?, ?, ?, ?, ?, ?)
2025-12-06 01:55:53.808 [main] DEBUG [tfms-truck-fleet-management-system] [] org.hibernate.SQL - 
    select
        pd1_0.id 
    from
        parcels pd1_0 
    where
        pd1_0.name=? 
    fetch
        first ? rows only
Hibernate: 
    select
        pd1_0.id 
    from
        parcels pd1_0 
    where
        pd1_0.name=? 
    fetch
        first ? rows only
2025-12-06 01:55:53.809 [main] DEBUG [tfms-truck-fleet-management-system] [] org.hibernate.SQL - 
    insert 
    into
        parcels
        (active, created_at, delivery_instructions, delivery_location_id, estimated_travel_time, name, planned_delivery_date, recipient_name, recipient_phone, status, stop_id, updated_at, volume, warehouse_id, weight) 
    values
        (?, ?, ?, ?, ?, ?, ?, ?, ?, ?, ?, ?, ?, ?, ?)
Hibernate: 
    insert 
    into
        parcels
        (active, created_at, delivery_instructions, delivery_location_id, estimated_travel_time, name, planned_delivery_date, recipient_name, recipient_phone, status, stop_id, updated_at, volume, warehouse_id, weight) 
    values
        (?, ?, ?, ?, ?, ?, ?, ?, ?, ?, ?, ?, ?, ?, ?)
2025-12-06 01:55:53.813 [main] DEBUG [tfms-truck-fleet-management-system] [] org.hibernate.SQL - 
    select
        ld1_0.id,
        ld1_0.address,
        ld1_0.city,
        ld1_0.created_at,
        ld1_0.is_active,
        ld1_0.latitude,
        ld1_0.longitude,
        ld1_0.postal_code,
        ld1_0.updated_at 
    from
        locations ld1_0 
    where
        ld1_0.postal_code=?
Hibernate: 
    select
        ld1_0.id,
        ld1_0.address,
        ld1_0.city,
        ld1_0.created_at,
        ld1_0.is_active,
        ld1_0.latitude,
        ld1_0.longitude,
        ld1_0.postal_code,
        ld1_0.updated_at 
    from
        locations ld1_0 
    where
        ld1_0.postal_code=?
2025-12-06 01:55:53.814 [main] DEBUG [tfms-truck-fleet-management-system] [] org.hibernate.SQL - 
    insert 
    into
        locations
        (address, city, created_at, is_active, latitude, longitude, postal_code, updated_at) 
    values
        (?, ?, ?, ?, ?, ?, ?, ?)
Hibernate: 
    insert 
    into
        locations
        (address, city, created_at, is_active, latitude, longitude, postal_code, updated_at) 
    values
        (?, ?, ?, ?, ?, ?, ?, ?)
2025-12-06 01:55:53.817 [main] DEBUG [tfms-truck-fleet-management-system] [] org.hibernate.SQL - 
    select
        pd1_0.id 
    from
        parcels pd1_0 
    where
        pd1_0.name=? 
    fetch
        first ? rows only
Hibernate: 
    select
        pd1_0.id 
    from
        parcels pd1_0 
    where
        pd1_0.name=? 
    fetch
        first ? rows only
2025-12-06 01:55:53.818 [main] DEBUG [tfms-truck-fleet-management-system] [] org.hibernate.SQL - 
    insert 
    into
        parcels
        (active, created_at, delivery_instructions, delivery_location_id, estimated_travel_time, name, planned_delivery_date, recipient_name, recipient_phone, status, stop_id, updated_at, volume, warehouse_id, weight) 
    values
        (?, ?, ?, ?, ?, ?, ?, ?, ?, ?, ?, ?, ?, ?, ?)
Hibernate: 
    insert 
    into
        parcels
        (active, created_at, delivery_instructions, delivery_location_id, estimated_travel_time, name, planned_delivery_date, recipient_name, recipient_phone, status, stop_id, updated_at, volume, warehouse_id, weight) 
    values
        (?, ?, ?, ?, ?, ?, ?, ?, ?, ?, ?, ?, ?, ?, ?)
2025-12-06 01:55:53.823 [main] DEBUG [tfms-truck-fleet-management-system] [] org.hibernate.SQL - 
    select
        ld1_0.id,
        ld1_0.address,
        ld1_0.city,
        ld1_0.created_at,
        ld1_0.is_active,
        ld1_0.latitude,
        ld1_0.longitude,
        ld1_0.postal_code,
        ld1_0.updated_at 
    from
        locations ld1_0 
    where
        ld1_0.postal_code=?
Hibernate: 
    select
        ld1_0.id,
        ld1_0.address,
        ld1_0.city,
        ld1_0.created_at,
        ld1_0.is_active,
        ld1_0.latitude,
        ld1_0.longitude,
        ld1_0.postal_code,
        ld1_0.updated_at 
    from
        locations ld1_0 
    where
        ld1_0.postal_code=?
2025-12-06 01:55:53.824 [main] DEBUG [tfms-truck-fleet-management-system] [] org.hibernate.SQL - 
    insert 
    into
        locations
        (address, city, created_at, is_active, latitude, longitude, postal_code, updated_at) 
    values
        (?, ?, ?, ?, ?, ?, ?, ?)
Hibernate: 
    insert 
    into
        locations
        (address, city, created_at, is_active, latitude, longitude, postal_code, updated_at) 
    values
        (?, ?, ?, ?, ?, ?, ?, ?)
2025-12-06 01:55:53.829 [main] DEBUG [tfms-truck-fleet-management-system] [] org.hibernate.SQL - 
    select
        pd1_0.id 
    from
        parcels pd1_0 
    where
        pd1_0.name=? 
    fetch
        first ? rows only
Hibernate: 
    select
        pd1_0.id 
    from
        parcels pd1_0 
    where
        pd1_0.name=? 
    fetch
        first ? rows only
2025-12-06 01:55:53.829 [main] DEBUG [tfms-truck-fleet-management-system] [] org.hibernate.SQL - 
    insert 
    into
        parcels
        (active, created_at, delivery_instructions, delivery_location_id, estimated_travel_time, name, planned_delivery_date, recipient_name, recipient_phone, status, stop_id, updated_at, volume, warehouse_id, weight) 
    values
        (?, ?, ?, ?, ?, ?, ?, ?, ?, ?, ?, ?, ?, ?, ?)
Hibernate: 
    insert 
    into
        parcels
        (active, created_at, delivery_instructions, delivery_location_id, estimated_travel_time, name, planned_delivery_date, recipient_name, recipient_phone, status, stop_id, updated_at, volume, warehouse_id, weight) 
    values
        (?, ?, ?, ?, ?, ?, ?, ?, ?, ?, ?, ?, ?, ?, ?)
2025-12-06 01:55:53.832 [main] DEBUG [tfms-truck-fleet-management-system] [] org.hibernate.SQL - 
    select
        ld1_0.id,
        ld1_0.address,
        ld1_0.city,
        ld1_0.created_at,
        ld1_0.is_active,
        ld1_0.latitude,
        ld1_0.longitude,
        ld1_0.postal_code,
        ld1_0.updated_at 
    from
        locations ld1_0 
    where
        ld1_0.postal_code=?
Hibernate: 
    select
        ld1_0.id,
        ld1_0.address,
        ld1_0.city,
        ld1_0.created_at,
        ld1_0.is_active,
        ld1_0.latitude,
        ld1_0.longitude,
        ld1_0.postal_code,
        ld1_0.updated_at 
    from
        locations ld1_0 
    where
        ld1_0.postal_code=?
2025-12-06 01:55:53.833 [main] DEBUG [tfms-truck-fleet-management-system] [] org.hibernate.SQL - 
    insert 
    into
        locations
        (address, city, created_at, is_active, latitude, longitude, postal_code, updated_at) 
    values
        (?, ?, ?, ?, ?, ?, ?, ?)
Hibernate: 
    insert 
    into
        locations
        (address, city, created_at, is_active, latitude, longitude, postal_code, updated_at) 
    values
        (?, ?, ?, ?, ?, ?, ?, ?)
2025-12-06 01:55:53.836 [main] DEBUG [tfms-truck-fleet-management-system] [] org.hibernate.SQL - 
    select
        pd1_0.id 
    from
        parcels pd1_0 
    where
        pd1_0.name=? 
    fetch
        first ? rows only
Hibernate: 
    select
        pd1_0.id 
    from
        parcels pd1_0 
    where
        pd1_0.name=? 
    fetch
        first ? rows only
2025-12-06 01:55:53.837 [main] DEBUG [tfms-truck-fleet-management-system] [] org.hibernate.SQL - 
    insert 
    into
        parcels
        (active, created_at, delivery_instructions, delivery_location_id, estimated_travel_time, name, planned_delivery_date, recipient_name, recipient_phone, status, stop_id, updated_at, volume, warehouse_id, weight) 
    values
        (?, ?, ?, ?, ?, ?, ?, ?, ?, ?, ?, ?, ?, ?, ?)
Hibernate: 
    insert 
    into
        parcels
        (active, created_at, delivery_instructions, delivery_location_id, estimated_travel_time, name, planned_delivery_date, recipient_name, recipient_phone, status, stop_id, updated_at, volume, warehouse_id, weight) 
    values
        (?, ?, ?, ?, ?, ?, ?, ?, ?, ?, ?, ?, ?, ?, ?)
2025-12-06 01:55:53.840 [main] DEBUG [tfms-truck-fleet-management-system] [] org.hibernate.SQL - 
    select
        ld1_0.id,
        ld1_0.address,
        ld1_0.city,
        ld1_0.created_at,
        ld1_0.is_active,
        ld1_0.latitude,
        ld1_0.longitude,
        ld1_0.postal_code,
        ld1_0.updated_at 
    from
        locations ld1_0 
    where
        ld1_0.postal_code=?
Hibernate: 
    select
        ld1_0.id,
        ld1_0.address,
        ld1_0.city,
        ld1_0.created_at,
        ld1_0.is_active,
        ld1_0.latitude,
        ld1_0.longitude,
        ld1_0.postal_code,
        ld1_0.updated_at 
    from
        locations ld1_0 
    where
        ld1_0.postal_code=?
2025-12-06 01:55:53.840 [main] DEBUG [tfms-truck-fleet-management-system] [] org.hibernate.SQL - 
    insert 
    into
        locations
        (address, city, created_at, is_active, latitude, longitude, postal_code, updated_at) 
    values
        (?, ?, ?, ?, ?, ?, ?, ?)
Hibernate: 
    insert 
    into
        locations
        (address, city, created_at, is_active, latitude, longitude, postal_code, updated_at) 
    values
        (?, ?, ?, ?, ?, ?, ?, ?)
2025-12-06 01:55:53.843 [main] DEBUG [tfms-truck-fleet-management-system] [] org.hibernate.SQL - 
    select
        pd1_0.id 
    from
        parcels pd1_0 
    where
        pd1_0.name=? 
    fetch
        first ? rows only
Hibernate: 
    select
        pd1_0.id 
    from
        parcels pd1_0 
    where
        pd1_0.name=? 
    fetch
        first ? rows only
2025-12-06 01:55:53.844 [main] DEBUG [tfms-truck-fleet-management-system] [] org.hibernate.SQL - 
    insert 
    into
        parcels
        (active, created_at, delivery_instructions, delivery_location_id, estimated_travel_time, name, planned_delivery_date, recipient_name, recipient_phone, status, stop_id, updated_at, volume, warehouse_id, weight) 
    values
        (?, ?, ?, ?, ?, ?, ?, ?, ?, ?, ?, ?, ?, ?, ?)
Hibernate: 
    insert 
    into
        parcels
        (active, created_at, delivery_instructions, delivery_location_id, estimated_travel_time, name, planned_delivery_date, recipient_name, recipient_phone, status, stop_id, updated_at, volume, warehouse_id, weight) 
    values
        (?, ?, ?, ?, ?, ?, ?, ?, ?, ?, ?, ?, ?, ?, ?)
2025-12-06 01:55:53.848 [main] DEBUG [tfms-truck-fleet-management-system] [] org.hibernate.SQL - 
    select
        ld1_0.id,
        ld1_0.address,
        ld1_0.city,
        ld1_0.created_at,
        ld1_0.is_active,
        ld1_0.latitude,
        ld1_0.longitude,
        ld1_0.postal_code,
        ld1_0.updated_at 
    from
        locations ld1_0 
    where
        ld1_0.postal_code=?
Hibernate: 
    select
        ld1_0.id,
        ld1_0.address,
        ld1_0.city,
        ld1_0.created_at,
        ld1_0.is_active,
        ld1_0.latitude,
        ld1_0.longitude,
        ld1_0.postal_code,
        ld1_0.updated_at 
    from
        locations ld1_0 
    where
        ld1_0.postal_code=?
2025-12-06 01:55:53.849 [main] DEBUG [tfms-truck-fleet-management-system] [] org.hibernate.SQL - 
    insert 
    into
        locations
        (address, city, created_at, is_active, latitude, longitude, postal_code, updated_at) 
    values
        (?, ?, ?, ?, ?, ?, ?, ?)
Hibernate: 
    insert 
    into
        locations
        (address, city, created_at, is_active, latitude, longitude, postal_code, updated_at) 
    values
        (?, ?, ?, ?, ?, ?, ?, ?)
2025-12-06 01:55:53.852 [main] DEBUG [tfms-truck-fleet-management-system] [] org.hibernate.SQL - 
    select
        pd1_0.id 
    from
        parcels pd1_0 
    where
        pd1_0.name=? 
    fetch
        first ? rows only
Hibernate: 
    select
        pd1_0.id 
    from
        parcels pd1_0 
    where
        pd1_0.name=? 
    fetch
        first ? rows only
2025-12-06 01:55:53.853 [main] DEBUG [tfms-truck-fleet-management-system] [] org.hibernate.SQL - 
    insert 
    into
        parcels
        (active, created_at, delivery_instructions, delivery_location_id, estimated_travel_time, name, planned_delivery_date, recipient_name, recipient_phone, status, stop_id, updated_at, volume, warehouse_id, weight) 
    values
        (?, ?, ?, ?, ?, ?, ?, ?, ?, ?, ?, ?, ?, ?, ?)
Hibernate: 
    insert 
    into
        parcels
        (active, created_at, delivery_instructions, delivery_location_id, estimated_travel_time, name, planned_delivery_date, recipient_name, recipient_phone, status, stop_id, updated_at, volume, warehouse_id, weight) 
    values
        (?, ?, ?, ?, ?, ?, ?, ?, ?, ?, ?, ?, ?, ?, ?)
2025-12-06 01:55:53.856 [main] DEBUG [tfms-truck-fleet-management-system] [] org.hibernate.SQL - 
    select
        ld1_0.id,
        ld1_0.address,
        ld1_0.city,
        ld1_0.created_at,
        ld1_0.is_active,
        ld1_0.latitude,
        ld1_0.longitude,
        ld1_0.postal_code,
        ld1_0.updated_at 
    from
        locations ld1_0 
    where
        ld1_0.postal_code=?
Hibernate: 
    select
        ld1_0.id,
        ld1_0.address,
        ld1_0.city,
        ld1_0.created_at,
        ld1_0.is_active,
        ld1_0.latitude,
        ld1_0.longitude,
        ld1_0.postal_code,
        ld1_0.updated_at 
    from
        locations ld1_0 
    where
        ld1_0.postal_code=?
2025-12-06 01:55:53.857 [main] DEBUG [tfms-truck-fleet-management-system] [] org.hibernate.SQL - 
    insert 
    into
        locations
        (address, city, created_at, is_active, latitude, longitude, postal_code, updated_at) 
    values
        (?, ?, ?, ?, ?, ?, ?, ?)
Hibernate: 
    insert 
    into
        locations
        (address, city, created_at, is_active, latitude, longitude, postal_code, updated_at) 
    values
        (?, ?, ?, ?, ?, ?, ?, ?)
2025-12-06 01:55:53.861 [main] DEBUG [tfms-truck-fleet-management-system] [] org.hibernate.SQL - 
    select
        pd1_0.id 
    from
        parcels pd1_0 
    where
        pd1_0.name=? 
    fetch
        first ? rows only
Hibernate: 
    select
        pd1_0.id 
    from
        parcels pd1_0 
    where
        pd1_0.name=? 
    fetch
        first ? rows only
2025-12-06 01:55:53.862 [main] DEBUG [tfms-truck-fleet-management-system] [] org.hibernate.SQL - 
    insert 
    into
        parcels
        (active, created_at, delivery_instructions, delivery_location_id, estimated_travel_time, name, planned_delivery_date, recipient_name, recipient_phone, status, stop_id, updated_at, volume, warehouse_id, weight) 
    values
        (?, ?, ?, ?, ?, ?, ?, ?, ?, ?, ?, ?, ?, ?, ?)
Hibernate: 
    insert 
    into
        parcels
        (active, created_at, delivery_instructions, delivery_location_id, estimated_travel_time, name, planned_delivery_date, recipient_name, recipient_phone, status, stop_id, updated_at, volume, warehouse_id, weight) 
    values
        (?, ?, ?, ?, ?, ?, ?, ?, ?, ?, ?, ?, ?, ?, ?)
2025-12-06 01:55:53.865 [main] DEBUG [tfms-truck-fleet-management-system] [] org.hibernate.SQL - 
    select
        ld1_0.id,
        ld1_0.address,
        ld1_0.city,
        ld1_0.created_at,
        ld1_0.is_active,
        ld1_0.latitude,
        ld1_0.longitude,
        ld1_0.postal_code,
        ld1_0.updated_at 
    from
        locations ld1_0 
    where
        ld1_0.postal_code=?
Hibernate: 
    select
        ld1_0.id,
        ld1_0.address,
        ld1_0.city,
        ld1_0.created_at,
        ld1_0.is_active,
        ld1_0.latitude,
        ld1_0.longitude,
        ld1_0.postal_code,
        ld1_0.updated_at 
    from
        locations ld1_0 
    where
        ld1_0.postal_code=?
2025-12-06 01:55:53.866 [main] DEBUG [tfms-truck-fleet-management-system] [] org.hibernate.SQL - 
    insert 
    into
        locations
        (address, city, created_at, is_active, latitude, longitude, postal_code, updated_at) 
    values
        (?, ?, ?, ?, ?, ?, ?, ?)
Hibernate: 
    insert 
    into
        locations
        (address, city, created_at, is_active, latitude, longitude, postal_code, updated_at) 
    values
        (?, ?, ?, ?, ?, ?, ?, ?)
2025-12-06 01:55:53.869 [main] DEBUG [tfms-truck-fleet-management-system] [] org.hibernate.SQL - 
    select
        pd1_0.id 
    from
        parcels pd1_0 
    where
        pd1_0.name=? 
    fetch
        first ? rows only
Hibernate: 
    select
        pd1_0.id 
    from
        parcels pd1_0 
    where
        pd1_0.name=? 
    fetch
        first ? rows only
2025-12-06 01:55:53.870 [main] DEBUG [tfms-truck-fleet-management-system] [] org.hibernate.SQL - 
    insert 
    into
        parcels
        (active, created_at, delivery_instructions, delivery_location_id, estimated_travel_time, name, planned_delivery_date, recipient_name, recipient_phone, status, stop_id, updated_at, volume, warehouse_id, weight) 
    values
        (?, ?, ?, ?, ?, ?, ?, ?, ?, ?, ?, ?, ?, ?, ?)
Hibernate: 
    insert 
    into
        parcels
        (active, created_at, delivery_instructions, delivery_location_id, estimated_travel_time, name, planned_delivery_date, recipient_name, recipient_phone, status, stop_id, updated_at, volume, warehouse_id, weight) 
    values
        (?, ?, ?, ?, ?, ?, ?, ?, ?, ?, ?, ?, ?, ?, ?)
2025-12-06 01:55:53.873 [main] DEBUG [tfms-truck-fleet-management-system] [] org.hibernate.SQL - 
    select
        ld1_0.id,
        ld1_0.address,
        ld1_0.city,
        ld1_0.created_at,
        ld1_0.is_active,
        ld1_0.latitude,
        ld1_0.longitude,
        ld1_0.postal_code,
        ld1_0.updated_at 
    from
        locations ld1_0 
    where
        ld1_0.postal_code=?
Hibernate: 
    select
        ld1_0.id,
        ld1_0.address,
        ld1_0.city,
        ld1_0.created_at,
        ld1_0.is_active,
        ld1_0.latitude,
        ld1_0.longitude,
        ld1_0.postal_code,
        ld1_0.updated_at 
    from
        locations ld1_0 
    where
        ld1_0.postal_code=?
2025-12-06 01:55:53.874 [main] DEBUG [tfms-truck-fleet-management-system] [] org.hibernate.SQL - 
    insert 
    into
        locations
        (address, city, created_at, is_active, latitude, longitude, postal_code, updated_at) 
    values
        (?, ?, ?, ?, ?, ?, ?, ?)
Hibernate: 
    insert 
    into
        locations
        (address, city, created_at, is_active, latitude, longitude, postal_code, updated_at) 
    values
        (?, ?, ?, ?, ?, ?, ?, ?)
2025-12-06 01:55:53.877 [main] DEBUG [tfms-truck-fleet-management-system] [] org.hibernate.SQL - 
    select
        pd1_0.id 
    from
        parcels pd1_0 
    where
        pd1_0.name=? 
    fetch
        first ? rows only
Hibernate: 
    select
        pd1_0.id 
    from
        parcels pd1_0 
    where
        pd1_0.name=? 
    fetch
        first ? rows only
2025-12-06 01:55:53.877 [main] DEBUG [tfms-truck-fleet-management-system] [] org.hibernate.SQL - 
    insert 
    into
        parcels
        (active, created_at, delivery_instructions, delivery_location_id, estimated_travel_time, name, planned_delivery_date, recipient_name, recipient_phone, status, stop_id, updated_at, volume, warehouse_id, weight) 
    values
        (?, ?, ?, ?, ?, ?, ?, ?, ?, ?, ?, ?, ?, ?, ?)
Hibernate: 
    insert 
    into
        parcels
        (active, created_at, delivery_instructions, delivery_location_id, estimated_travel_time, name, planned_delivery_date, recipient_name, recipient_phone, status, stop_id, updated_at, volume, warehouse_id, weight) 
    values
        (?, ?, ?, ?, ?, ?, ?, ?, ?, ?, ?, ?, ?, ?, ?)
2025-12-06 01:55:53.881 [main] DEBUG [tfms-truck-fleet-management-system] [] org.hibernate.SQL - 
    select
        ld1_0.id,
        ld1_0.address,
        ld1_0.city,
        ld1_0.created_at,
        ld1_0.is_active,
        ld1_0.latitude,
        ld1_0.longitude,
        ld1_0.postal_code,
        ld1_0.updated_at 
    from
        locations ld1_0 
    where
        ld1_0.postal_code=?
Hibernate: 
    select
        ld1_0.id,
        ld1_0.address,
        ld1_0.city,
        ld1_0.created_at,
        ld1_0.is_active,
        ld1_0.latitude,
        ld1_0.longitude,
        ld1_0.postal_code,
        ld1_0.updated_at 
    from
        locations ld1_0 
    where
        ld1_0.postal_code=?
2025-12-06 01:55:53.882 [main] DEBUG [tfms-truck-fleet-management-system] [] org.hibernate.SQL - 
    insert 
    into
        locations
        (address, city, created_at, is_active, latitude, longitude, postal_code, updated_at) 
    values
        (?, ?, ?, ?, ?, ?, ?, ?)
Hibernate: 
    insert 
    into
        locations
        (address, city, created_at, is_active, latitude, longitude, postal_code, updated_at) 
    values
        (?, ?, ?, ?, ?, ?, ?, ?)
2025-12-06 01:55:53.886 [main] DEBUG [tfms-truck-fleet-management-system] [] org.hibernate.SQL - 
    select
        pd1_0.id 
    from
        parcels pd1_0 
    where
        pd1_0.name=? 
    fetch
        first ? rows only
Hibernate: 
    select
        pd1_0.id 
    from
        parcels pd1_0 
    where
        pd1_0.name=? 
    fetch
        first ? rows only
2025-12-06 01:55:53.887 [main] DEBUG [tfms-truck-fleet-management-system] [] org.hibernate.SQL - 
    insert 
    into
        parcels
        (active, created_at, delivery_instructions, delivery_location_id, estimated_travel_time, name, planned_delivery_date, recipient_name, recipient_phone, status, stop_id, updated_at, volume, warehouse_id, weight) 
    values
        (?, ?, ?, ?, ?, ?, ?, ?, ?, ?, ?, ?, ?, ?, ?)
Hibernate: 
    insert 
    into
        parcels
        (active, created_at, delivery_instructions, delivery_location_id, estimated_travel_time, name, planned_delivery_date, recipient_name, recipient_phone, status, stop_id, updated_at, volume, warehouse_id, weight) 
    values
        (?, ?, ?, ?, ?, ?, ?, ?, ?, ?, ?, ?, ?, ?, ?)
2025-12-06 01:55:53.890 [main] DEBUG [tfms-truck-fleet-management-system] [] org.hibernate.SQL - 
    select
        ld1_0.id,
        ld1_0.address,
        ld1_0.city,
        ld1_0.created_at,
        ld1_0.is_active,
        ld1_0.latitude,
        ld1_0.longitude,
        ld1_0.postal_code,
        ld1_0.updated_at 
    from
        locations ld1_0 
    where
        ld1_0.postal_code=?
Hibernate: 
    select
        ld1_0.id,
        ld1_0.address,
        ld1_0.city,
        ld1_0.created_at,
        ld1_0.is_active,
        ld1_0.latitude,
        ld1_0.longitude,
        ld1_0.postal_code,
        ld1_0.updated_at 
    from
        locations ld1_0 
    where
        ld1_0.postal_code=?
2025-12-06 01:55:53.891 [main] DEBUG [tfms-truck-fleet-management-system] [] org.hibernate.SQL - 
    insert 
    into
        locations
        (address, city, created_at, is_active, latitude, longitude, postal_code, updated_at) 
    values
        (?, ?, ?, ?, ?, ?, ?, ?)
Hibernate: 
    insert 
    into
        locations
        (address, city, created_at, is_active, latitude, longitude, postal_code, updated_at) 
    values
        (?, ?, ?, ?, ?, ?, ?, ?)
2025-12-06 01:55:53.894 [main] DEBUG [tfms-truck-fleet-management-system] [] org.hibernate.SQL - 
    select
        pd1_0.id 
    from
        parcels pd1_0 
    where
        pd1_0.name=? 
    fetch
        first ? rows only
Hibernate: 
    select
        pd1_0.id 
    from
        parcels pd1_0 
    where
        pd1_0.name=? 
    fetch
        first ? rows only
2025-12-06 01:55:53.894 [main] DEBUG [tfms-truck-fleet-management-system] [] org.hibernate.SQL - 
    insert 
    into
        parcels
        (active, created_at, delivery_instructions, delivery_location_id, estimated_travel_time, name, planned_delivery_date, recipient_name, recipient_phone, status, stop_id, updated_at, volume, warehouse_id, weight) 
    values
        (?, ?, ?, ?, ?, ?, ?, ?, ?, ?, ?, ?, ?, ?, ?)
Hibernate: 
    insert 
    into
        parcels
        (active, created_at, delivery_instructions, delivery_location_id, estimated_travel_time, name, planned_delivery_date, recipient_name, recipient_phone, status, stop_id, updated_at, volume, warehouse_id, weight) 
    values
        (?, ?, ?, ?, ?, ?, ?, ?, ?, ?, ?, ?, ?, ?, ?)
2025-12-06 01:55:53.898 [main] DEBUG [tfms-truck-fleet-management-system] [] org.hibernate.SQL - 
    select
        ld1_0.id,
        ld1_0.address,
        ld1_0.city,
        ld1_0.created_at,
        ld1_0.is_active,
        ld1_0.latitude,
        ld1_0.longitude,
        ld1_0.postal_code,
        ld1_0.updated_at 
    from
        locations ld1_0 
    where
        ld1_0.postal_code=?
Hibernate: 
    select
        ld1_0.id,
        ld1_0.address,
        ld1_0.city,
        ld1_0.created_at,
        ld1_0.is_active,
        ld1_0.latitude,
        ld1_0.longitude,
        ld1_0.postal_code,
        ld1_0.updated_at 
    from
        locations ld1_0 
    where
        ld1_0.postal_code=?
2025-12-06 01:55:53.898 [main] DEBUG [tfms-truck-fleet-management-system] [] org.hibernate.SQL - 
    insert 
    into
        locations
        (address, city, created_at, is_active, latitude, longitude, postal_code, updated_at) 
    values
        (?, ?, ?, ?, ?, ?, ?, ?)
Hibernate: 
    insert 
    into
        locations
        (address, city, created_at, is_active, latitude, longitude, postal_code, updated_at) 
    values
        (?, ?, ?, ?, ?, ?, ?, ?)
2025-12-06 01:55:53.902 [main] DEBUG [tfms-truck-fleet-management-system] [] org.hibernate.SQL - 
    select
        pd1_0.id 
    from
        parcels pd1_0 
    where
        pd1_0.name=? 
    fetch
        first ? rows only
Hibernate: 
    select
        pd1_0.id 
    from
        parcels pd1_0 
    where
        pd1_0.name=? 
    fetch
        first ? rows only
2025-12-06 01:55:53.903 [main] DEBUG [tfms-truck-fleet-management-system] [] org.hibernate.SQL - 
    insert 
    into
        parcels
        (active, created_at, delivery_instructions, delivery_location_id, estimated_travel_time, name, planned_delivery_date, recipient_name, recipient_phone, status, stop_id, updated_at, volume, warehouse_id, weight) 
    values
        (?, ?, ?, ?, ?, ?, ?, ?, ?, ?, ?, ?, ?, ?, ?)
Hibernate: 
    insert 
    into
        parcels
        (active, created_at, delivery_instructions, delivery_location_id, estimated_travel_time, name, planned_delivery_date, recipient_name, recipient_phone, status, stop_id, updated_at, volume, warehouse_id, weight) 
    values
        (?, ?, ?, ?, ?, ?, ?, ?, ?, ?, ?, ?, ?, ?, ?)
2025-12-06 01:55:53.908 [main] DEBUG [tfms-truck-fleet-management-system] [] org.hibernate.SQL - 
    select
        ld1_0.id,
        ld1_0.address,
        ld1_0.city,
        ld1_0.created_at,
        ld1_0.is_active,
        ld1_0.latitude,
        ld1_0.longitude,
        ld1_0.postal_code,
        ld1_0.updated_at 
    from
        locations ld1_0 
    where
        ld1_0.postal_code=?
Hibernate: 
    select
        ld1_0.id,
        ld1_0.address,
        ld1_0.city,
        ld1_0.created_at,
        ld1_0.is_active,
        ld1_0.latitude,
        ld1_0.longitude,
        ld1_0.postal_code,
        ld1_0.updated_at 
    from
        locations ld1_0 
    where
        ld1_0.postal_code=?
2025-12-06 01:55:53.909 [main] DEBUG [tfms-truck-fleet-management-system] [] org.hibernate.SQL - 
    insert 
    into
        locations
        (address, city, created_at, is_active, latitude, longitude, postal_code, updated_at) 
    values
        (?, ?, ?, ?, ?, ?, ?, ?)
Hibernate: 
    insert 
    into
        locations
        (address, city, created_at, is_active, latitude, longitude, postal_code, updated_at) 
    values
        (?, ?, ?, ?, ?, ?, ?, ?)
2025-12-06 01:55:53.912 [main] DEBUG [tfms-truck-fleet-management-system] [] org.hibernate.SQL - 
    select
        pd1_0.id 
    from
        parcels pd1_0 
    where
        pd1_0.name=? 
    fetch
        first ? rows only
Hibernate: 
    select
        pd1_0.id 
    from
        parcels pd1_0 
    where
        pd1_0.name=? 
    fetch
        first ? rows only
2025-12-06 01:55:53.912 [main] DEBUG [tfms-truck-fleet-management-system] [] org.hibernate.SQL - 
    insert 
    into
        parcels
        (active, created_at, delivery_instructions, delivery_location_id, estimated_travel_time, name, planned_delivery_date, recipient_name, recipient_phone, status, stop_id, updated_at, volume, warehouse_id, weight) 
    values
        (?, ?, ?, ?, ?, ?, ?, ?, ?, ?, ?, ?, ?, ?, ?)
Hibernate: 
    insert 
    into
        parcels
        (active, created_at, delivery_instructions, delivery_location_id, estimated_travel_time, name, planned_delivery_date, recipient_name, recipient_phone, status, stop_id, updated_at, volume, warehouse_id, weight) 
    values
        (?, ?, ?, ?, ?, ?, ?, ?, ?, ?, ?, ?, ?, ?, ?)
2025-12-06 01:55:53.916 [main] DEBUG [tfms-truck-fleet-management-system] [] org.hibernate.SQL - 
    select
        ld1_0.id,
        ld1_0.address,
        ld1_0.city,
        ld1_0.created_at,
        ld1_0.is_active,
        ld1_0.latitude,
        ld1_0.longitude,
        ld1_0.postal_code,
        ld1_0.updated_at 
    from
        locations ld1_0 
    where
        ld1_0.postal_code=?
Hibernate: 
    select
        ld1_0.id,
        ld1_0.address,
        ld1_0.city,
        ld1_0.created_at,
        ld1_0.is_active,
        ld1_0.latitude,
        ld1_0.longitude,
        ld1_0.postal_code,
        ld1_0.updated_at 
    from
        locations ld1_0 
    where
        ld1_0.postal_code=?
2025-12-06 01:55:53.917 [main] DEBUG [tfms-truck-fleet-management-system] [] org.hibernate.SQL - 
    insert 
    into
        locations
        (address, city, created_at, is_active, latitude, longitude, postal_code, updated_at) 
    values
        (?, ?, ?, ?, ?, ?, ?, ?)
Hibernate: 
    insert 
    into
        locations
        (address, city, created_at, is_active, latitude, longitude, postal_code, updated_at) 
    values
        (?, ?, ?, ?, ?, ?, ?, ?)
2025-12-06 01:55:53.921 [main] DEBUG [tfms-truck-fleet-management-system] [] org.hibernate.SQL - 
    select
        pd1_0.id 
    from
        parcels pd1_0 
    where
        pd1_0.name=? 
    fetch
        first ? rows only
Hibernate: 
    select
        pd1_0.id 
    from
        parcels pd1_0 
    where
        pd1_0.name=? 
    fetch
        first ? rows only
2025-12-06 01:55:53.922 [main] DEBUG [tfms-truck-fleet-management-system] [] org.hibernate.SQL - 
    insert 
    into
        parcels
        (active, created_at, delivery_instructions, delivery_location_id, estimated_travel_time, name, planned_delivery_date, recipient_name, recipient_phone, status, stop_id, updated_at, volume, warehouse_id, weight) 
    values
        (?, ?, ?, ?, ?, ?, ?, ?, ?, ?, ?, ?, ?, ?, ?)
Hibernate: 
    insert 
    into
        parcels
        (active, created_at, delivery_instructions, delivery_location_id, estimated_travel_time, name, planned_delivery_date, recipient_name, recipient_phone, status, stop_id, updated_at, volume, warehouse_id, weight) 
    values
        (?, ?, ?, ?, ?, ?, ?, ?, ?, ?, ?, ?, ?, ?, ?)
2025-12-06 01:55:53.926 [main] DEBUG [tfms-truck-fleet-management-system] [] org.hibernate.SQL - 
    select
        ld1_0.id,
        ld1_0.address,
        ld1_0.city,
        ld1_0.created_at,
        ld1_0.is_active,
        ld1_0.latitude,
        ld1_0.longitude,
        ld1_0.postal_code,
        ld1_0.updated_at 
    from
        locations ld1_0 
    where
        ld1_0.postal_code=?
Hibernate: 
    select
        ld1_0.id,
        ld1_0.address,
        ld1_0.city,
        ld1_0.created_at,
        ld1_0.is_active,
        ld1_0.latitude,
        ld1_0.longitude,
        ld1_0.postal_code,
        ld1_0.updated_at 
    from
        locations ld1_0 
    where
        ld1_0.postal_code=?
2025-12-06 01:55:53.927 [main] DEBUG [tfms-truck-fleet-management-system] [] org.hibernate.SQL - 
    insert 
    into
        locations
        (address, city, created_at, is_active, latitude, longitude, postal_code, updated_at) 
    values
        (?, ?, ?, ?, ?, ?, ?, ?)
Hibernate: 
    insert 
    into
        locations
        (address, city, created_at, is_active, latitude, longitude, postal_code, updated_at) 
    values
        (?, ?, ?, ?, ?, ?, ?, ?)
2025-12-06 01:55:53.932 [main] DEBUG [tfms-truck-fleet-management-system] [] org.hibernate.SQL - 
    select
        pd1_0.id 
    from
        parcels pd1_0 
    where
        pd1_0.name=? 
    fetch
        first ? rows only
Hibernate: 
    select
        pd1_0.id 
    from
        parcels pd1_0 
    where
        pd1_0.name=? 
    fetch
        first ? rows only
2025-12-06 01:55:53.933 [main] DEBUG [tfms-truck-fleet-management-system] [] org.hibernate.SQL - 
    insert 
    into
        parcels
        (active, created_at, delivery_instructions, delivery_location_id, estimated_travel_time, name, planned_delivery_date, recipient_name, recipient_phone, status, stop_id, updated_at, volume, warehouse_id, weight) 
    values
        (?, ?, ?, ?, ?, ?, ?, ?, ?, ?, ?, ?, ?, ?, ?)
Hibernate: 
    insert 
    into
        parcels
        (active, created_at, delivery_instructions, delivery_location_id, estimated_travel_time, name, planned_delivery_date, recipient_name, recipient_phone, status, stop_id, updated_at, volume, warehouse_id, weight) 
    values
        (?, ?, ?, ?, ?, ?, ?, ?, ?, ?, ?, ?, ?, ?, ?)
Created 20 parcels for Warehouse-Breda in Breda
2025-12-06 01:55:53.937 [main] DEBUG [tfms-truck-fleet-management-system] [] org.hibernate.SQL - 
    select
        ld1_0.id,
        ld1_0.address,
        ld1_0.city,
        ld1_0.created_at,
        ld1_0.is_active,
        ld1_0.latitude,
        ld1_0.longitude,
        ld1_0.postal_code,
        ld1_0.updated_at 
    from
        locations ld1_0 
    where
        ld1_0.postal_code=?
Hibernate: 
    select
        ld1_0.id,
        ld1_0.address,
        ld1_0.city,
        ld1_0.created_at,
        ld1_0.is_active,
        ld1_0.latitude,
        ld1_0.longitude,
        ld1_0.postal_code,
        ld1_0.updated_at 
    from
        locations ld1_0 
    where
        ld1_0.postal_code=?
2025-12-06 01:55:53.938 [main] DEBUG [tfms-truck-fleet-management-system] [] org.hibernate.SQL - 
    insert 
    into
        locations
        (address, city, created_at, is_active, latitude, longitude, postal_code, updated_at) 
    values
        (?, ?, ?, ?, ?, ?, ?, ?)
Hibernate: 
    insert 
    into
        locations
        (address, city, created_at, is_active, latitude, longitude, postal_code, updated_at) 
    values
        (?, ?, ?, ?, ?, ?, ?, ?)
2025-12-06 01:55:53.941 [main] DEBUG [tfms-truck-fleet-management-system] [] org.hibernate.SQL - 
    select
        whd1_0.id,
        whd1_0.active,
        whd1_0.created_at,
        whd1_0.location_id,
        whd1_0.name,
        whd1_0.updated_at 
    from
        warehouse whd1_0 
    where
        whd1_0.name=?
Hibernate: 
    select
        whd1_0.id,
        whd1_0.active,
        whd1_0.created_at,
        whd1_0.location_id,
        whd1_0.name,
        whd1_0.updated_at 
    from
        warehouse whd1_0 
    where
        whd1_0.name=?
2025-12-06 01:55:53.942 [main] DEBUG [tfms-truck-fleet-management-system] [] org.hibernate.SQL - 
    insert 
    into
        warehouse
        (active, created_at, location_id, name, updated_at) 
    values
        (?, ?, ?, ?, ?)
Hibernate: 
    insert 
    into
        warehouse
        (active, created_at, location_id, name, updated_at) 
    values
        (?, ?, ?, ?, ?)
2025-12-06 01:55:53.948 [main] DEBUG [tfms-truck-fleet-management-system] [] org.hibernate.SQL - 
    select
        ld1_0.id,
        ld1_0.address,
        ld1_0.city,
        ld1_0.created_at,
        ld1_0.is_active,
        ld1_0.latitude,
        ld1_0.longitude,
        ld1_0.postal_code,
        ld1_0.updated_at 
    from
        locations ld1_0 
    where
        ld1_0.postal_code=?
Hibernate: 
    select
        ld1_0.id,
        ld1_0.address,
        ld1_0.city,
        ld1_0.created_at,
        ld1_0.is_active,
        ld1_0.latitude,
        ld1_0.longitude,
        ld1_0.postal_code,
        ld1_0.updated_at 
    from
        locations ld1_0 
    where
        ld1_0.postal_code=?
2025-12-06 01:55:53.949 [main] DEBUG [tfms-truck-fleet-management-system] [] org.hibernate.SQL - 
    insert 
    into
        locations
        (address, city, created_at, is_active, latitude, longitude, postal_code, updated_at) 
    values
        (?, ?, ?, ?, ?, ?, ?, ?)
Hibernate: 
    insert 
    into
        locations
        (address, city, created_at, is_active, latitude, longitude, postal_code, updated_at) 
    values
        (?, ?, ?, ?, ?, ?, ?, ?)
2025-12-06 01:55:53.952 [main] DEBUG [tfms-truck-fleet-management-system] [] org.hibernate.SQL - 
    select
        pd1_0.id 
    from
        parcels pd1_0 
    where
        pd1_0.name=? 
    fetch
        first ? rows only
Hibernate: 
    select
        pd1_0.id 
    from
        parcels pd1_0 
    where
        pd1_0.name=? 
    fetch
        first ? rows only
2025-12-06 01:55:53.953 [main] DEBUG [tfms-truck-fleet-management-system] [] org.hibernate.SQL - 
    insert 
    into
        parcels
        (active, created_at, delivery_instructions, delivery_location_id, estimated_travel_time, name, planned_delivery_date, recipient_name, recipient_phone, status, stop_id, updated_at, volume, warehouse_id, weight) 
    values
        (?, ?, ?, ?, ?, ?, ?, ?, ?, ?, ?, ?, ?, ?, ?)
Hibernate: 
    insert 
    into
        parcels
        (active, created_at, delivery_instructions, delivery_location_id, estimated_travel_time, name, planned_delivery_date, recipient_name, recipient_phone, status, stop_id, updated_at, volume, warehouse_id, weight) 
    values
        (?, ?, ?, ?, ?, ?, ?, ?, ?, ?, ?, ?, ?, ?, ?)
2025-12-06 01:55:53.958 [main] DEBUG [tfms-truck-fleet-management-system] [] org.hibernate.SQL - 
    select
        ld1_0.id,
        ld1_0.address,
        ld1_0.city,
        ld1_0.created_at,
        ld1_0.is_active,
        ld1_0.latitude,
        ld1_0.longitude,
        ld1_0.postal_code,
        ld1_0.updated_at 
    from
        locations ld1_0 
    where
        ld1_0.postal_code=?
Hibernate: 
    select
        ld1_0.id,
        ld1_0.address,
        ld1_0.city,
        ld1_0.created_at,
        ld1_0.is_active,
        ld1_0.latitude,
        ld1_0.longitude,
        ld1_0.postal_code,
        ld1_0.updated_at 
    from
        locations ld1_0 
    where
        ld1_0.postal_code=?
2025-12-06 01:55:53.959 [main] DEBUG [tfms-truck-fleet-management-system] [] org.hibernate.SQL - 
    insert 
    into
        locations
        (address, city, created_at, is_active, latitude, longitude, postal_code, updated_at) 
    values
        (?, ?, ?, ?, ?, ?, ?, ?)
Hibernate: 
    insert 
    into
        locations
        (address, city, created_at, is_active, latitude, longitude, postal_code, updated_at) 
    values
        (?, ?, ?, ?, ?, ?, ?, ?)
2025-12-06 01:55:53.962 [main] DEBUG [tfms-truck-fleet-management-system] [] org.hibernate.SQL - 
    select
        pd1_0.id 
    from
        parcels pd1_0 
    where
        pd1_0.name=? 
    fetch
        first ? rows only
Hibernate: 
    select
        pd1_0.id 
    from
        parcels pd1_0 
    where
        pd1_0.name=? 
    fetch
        first ? rows only
2025-12-06 01:55:53.963 [main] DEBUG [tfms-truck-fleet-management-system] [] org.hibernate.SQL - 
    insert 
    into
        parcels
        (active, created_at, delivery_instructions, delivery_location_id, estimated_travel_time, name, planned_delivery_date, recipient_name, recipient_phone, status, stop_id, updated_at, volume, warehouse_id, weight) 
    values
        (?, ?, ?, ?, ?, ?, ?, ?, ?, ?, ?, ?, ?, ?, ?)
Hibernate: 
    insert 
    into
        parcels
        (active, created_at, delivery_instructions, delivery_location_id, estimated_travel_time, name, planned_delivery_date, recipient_name, recipient_phone, status, stop_id, updated_at, volume, warehouse_id, weight) 
    values
        (?, ?, ?, ?, ?, ?, ?, ?, ?, ?, ?, ?, ?, ?, ?)
2025-12-06 01:55:53.966 [main] DEBUG [tfms-truck-fleet-management-system] [] org.hibernate.SQL - 
    select
        ld1_0.id,
        ld1_0.address,
        ld1_0.city,
        ld1_0.created_at,
        ld1_0.is_active,
        ld1_0.latitude,
        ld1_0.longitude,
        ld1_0.postal_code,
        ld1_0.updated_at 
    from
        locations ld1_0 
    where
        ld1_0.postal_code=?
Hibernate: 
    select
        ld1_0.id,
        ld1_0.address,
        ld1_0.city,
        ld1_0.created_at,
        ld1_0.is_active,
        ld1_0.latitude,
        ld1_0.longitude,
        ld1_0.postal_code,
        ld1_0.updated_at 
    from
        locations ld1_0 
    where
        ld1_0.postal_code=?
2025-12-06 01:55:53.967 [main] DEBUG [tfms-truck-fleet-management-system] [] org.hibernate.SQL - 
    insert 
    into
        locations
        (address, city, created_at, is_active, latitude, longitude, postal_code, updated_at) 
    values
        (?, ?, ?, ?, ?, ?, ?, ?)
Hibernate: 
    insert 
    into
        locations
        (address, city, created_at, is_active, latitude, longitude, postal_code, updated_at) 
    values
        (?, ?, ?, ?, ?, ?, ?, ?)
2025-12-06 01:55:53.972 [main] DEBUG [tfms-truck-fleet-management-system] [] org.hibernate.SQL - 
    select
        pd1_0.id 
    from
        parcels pd1_0 
    where
        pd1_0.name=? 
    fetch
        first ? rows only
Hibernate: 
    select
        pd1_0.id 
    from
        parcels pd1_0 
    where
        pd1_0.name=? 
    fetch
        first ? rows only
2025-12-06 01:55:53.973 [main] DEBUG [tfms-truck-fleet-management-system] [] org.hibernate.SQL - 
    insert 
    into
        parcels
        (active, created_at, delivery_instructions, delivery_location_id, estimated_travel_time, name, planned_delivery_date, recipient_name, recipient_phone, status, stop_id, updated_at, volume, warehouse_id, weight) 
    values
        (?, ?, ?, ?, ?, ?, ?, ?, ?, ?, ?, ?, ?, ?, ?)
Hibernate: 
    insert 
    into
        parcels
        (active, created_at, delivery_instructions, delivery_location_id, estimated_travel_time, name, planned_delivery_date, recipient_name, recipient_phone, status, stop_id, updated_at, volume, warehouse_id, weight) 
    values
        (?, ?, ?, ?, ?, ?, ?, ?, ?, ?, ?, ?, ?, ?, ?)
2025-12-06 01:55:53.977 [main] DEBUG [tfms-truck-fleet-management-system] [] org.hibernate.SQL - 
    select
        ld1_0.id,
        ld1_0.address,
        ld1_0.city,
        ld1_0.created_at,
        ld1_0.is_active,
        ld1_0.latitude,
        ld1_0.longitude,
        ld1_0.postal_code,
        ld1_0.updated_at 
    from
        locations ld1_0 
    where
        ld1_0.postal_code=?
Hibernate: 
    select
        ld1_0.id,
        ld1_0.address,
        ld1_0.city,
        ld1_0.created_at,
        ld1_0.is_active,
        ld1_0.latitude,
        ld1_0.longitude,
        ld1_0.postal_code,
        ld1_0.updated_at 
    from
        locations ld1_0 
    where
        ld1_0.postal_code=?
2025-12-06 01:55:53.977 [main] DEBUG [tfms-truck-fleet-management-system] [] org.hibernate.SQL - 
    insert 
    into
        locations
        (address, city, created_at, is_active, latitude, longitude, postal_code, updated_at) 
    values
        (?, ?, ?, ?, ?, ?, ?, ?)
Hibernate: 
    insert 
    into
        locations
        (address, city, created_at, is_active, latitude, longitude, postal_code, updated_at) 
    values
        (?, ?, ?, ?, ?, ?, ?, ?)
2025-12-06 01:55:53.983 [main] DEBUG [tfms-truck-fleet-management-system] [] org.hibernate.SQL - 
    select
        pd1_0.id 
    from
        parcels pd1_0 
    where
        pd1_0.name=? 
    fetch
        first ? rows only
Hibernate: 
    select
        pd1_0.id 
    from
        parcels pd1_0 
    where
        pd1_0.name=? 
    fetch
        first ? rows only
2025-12-06 01:55:53.984 [main] DEBUG [tfms-truck-fleet-management-system] [] org.hibernate.SQL - 
    insert 
    into
        parcels
        (active, created_at, delivery_instructions, delivery_location_id, estimated_travel_time, name, planned_delivery_date, recipient_name, recipient_phone, status, stop_id, updated_at, volume, warehouse_id, weight) 
    values
        (?, ?, ?, ?, ?, ?, ?, ?, ?, ?, ?, ?, ?, ?, ?)
Hibernate: 
    insert 
    into
        parcels
        (active, created_at, delivery_instructions, delivery_location_id, estimated_travel_time, name, planned_delivery_date, recipient_name, recipient_phone, status, stop_id, updated_at, volume, warehouse_id, weight) 
    values
        (?, ?, ?, ?, ?, ?, ?, ?, ?, ?, ?, ?, ?, ?, ?)
2025-12-06 01:55:53.987 [main] DEBUG [tfms-truck-fleet-management-system] [] org.hibernate.SQL - 
    select
        ld1_0.id,
        ld1_0.address,
        ld1_0.city,
        ld1_0.created_at,
        ld1_0.is_active,
        ld1_0.latitude,
        ld1_0.longitude,
        ld1_0.postal_code,
        ld1_0.updated_at 
    from
        locations ld1_0 
    where
        ld1_0.postal_code=?
Hibernate: 
    select
        ld1_0.id,
        ld1_0.address,
        ld1_0.city,
        ld1_0.created_at,
        ld1_0.is_active,
        ld1_0.latitude,
        ld1_0.longitude,
        ld1_0.postal_code,
        ld1_0.updated_at 
    from
        locations ld1_0 
    where
        ld1_0.postal_code=?
2025-12-06 01:55:53.988 [main] DEBUG [tfms-truck-fleet-management-system] [] org.hibernate.SQL - 
    insert 
    into
        locations
        (address, city, created_at, is_active, latitude, longitude, postal_code, updated_at) 
    values
        (?, ?, ?, ?, ?, ?, ?, ?)
Hibernate: 
    insert 
    into
        locations
        (address, city, created_at, is_active, latitude, longitude, postal_code, updated_at) 
    values
        (?, ?, ?, ?, ?, ?, ?, ?)
2025-12-06 01:55:53.992 [main] DEBUG [tfms-truck-fleet-management-system] [] org.hibernate.SQL - 
    select
        pd1_0.id 
    from
        parcels pd1_0 
    where
        pd1_0.name=? 
    fetch
        first ? rows only
Hibernate: 
    select
        pd1_0.id 
    from
        parcels pd1_0 
    where
        pd1_0.name=? 
    fetch
        first ? rows only
2025-12-06 01:55:53.992 [main] DEBUG [tfms-truck-fleet-management-system] [] org.hibernate.SQL - 
    insert 
    into
        parcels
        (active, created_at, delivery_instructions, delivery_location_id, estimated_travel_time, name, planned_delivery_date, recipient_name, recipient_phone, status, stop_id, updated_at, volume, warehouse_id, weight) 
    values
        (?, ?, ?, ?, ?, ?, ?, ?, ?, ?, ?, ?, ?, ?, ?)
Hibernate: 
    insert 
    into
        parcels
        (active, created_at, delivery_instructions, delivery_location_id, estimated_travel_time, name, planned_delivery_date, recipient_name, recipient_phone, status, stop_id, updated_at, volume, warehouse_id, weight) 
    values
        (?, ?, ?, ?, ?, ?, ?, ?, ?, ?, ?, ?, ?, ?, ?)
2025-12-06 01:55:53.996 [main] DEBUG [tfms-truck-fleet-management-system] [] org.hibernate.SQL - 
    select
        ld1_0.id,
        ld1_0.address,
        ld1_0.city,
        ld1_0.created_at,
        ld1_0.is_active,
        ld1_0.latitude,
        ld1_0.longitude,
        ld1_0.postal_code,
        ld1_0.updated_at 
    from
        locations ld1_0 
    where
        ld1_0.postal_code=?
Hibernate: 
    select
        ld1_0.id,
        ld1_0.address,
        ld1_0.city,
        ld1_0.created_at,
        ld1_0.is_active,
        ld1_0.latitude,
        ld1_0.longitude,
        ld1_0.postal_code,
        ld1_0.updated_at 
    from
        locations ld1_0 
    where
        ld1_0.postal_code=?
2025-12-06 01:55:53.997 [main] DEBUG [tfms-truck-fleet-management-system] [] org.hibernate.SQL - 
    insert 
    into
        locations
        (address, city, created_at, is_active, latitude, longitude, postal_code, updated_at) 
    values
        (?, ?, ?, ?, ?, ?, ?, ?)
Hibernate: 
    insert 
    into
        locations
        (address, city, created_at, is_active, latitude, longitude, postal_code, updated_at) 
    values
        (?, ?, ?, ?, ?, ?, ?, ?)
2025-12-06 01:55:54.002 [main] DEBUG [tfms-truck-fleet-management-system] [] org.hibernate.SQL - 
    select
        pd1_0.id 
    from
        parcels pd1_0 
    where
        pd1_0.name=? 
    fetch
        first ? rows only
Hibernate: 
    select
        pd1_0.id 
    from
        parcels pd1_0 
    where
        pd1_0.name=? 
    fetch
        first ? rows only
2025-12-06 01:55:54.003 [main] DEBUG [tfms-truck-fleet-management-system] [] org.hibernate.SQL - 
    insert 
    into
        parcels
        (active, created_at, delivery_instructions, delivery_location_id, estimated_travel_time, name, planned_delivery_date, recipient_name, recipient_phone, status, stop_id, updated_at, volume, warehouse_id, weight) 
    values
        (?, ?, ?, ?, ?, ?, ?, ?, ?, ?, ?, ?, ?, ?, ?)
Hibernate: 
    insert 
    into
        parcels
        (active, created_at, delivery_instructions, delivery_location_id, estimated_travel_time, name, planned_delivery_date, recipient_name, recipient_phone, status, stop_id, updated_at, volume, warehouse_id, weight) 
    values
        (?, ?, ?, ?, ?, ?, ?, ?, ?, ?, ?, ?, ?, ?, ?)
2025-12-06 01:55:54.006 [main] DEBUG [tfms-truck-fleet-management-system] [] org.hibernate.SQL - 
    select
        ld1_0.id,
        ld1_0.address,
        ld1_0.city,
        ld1_0.created_at,
        ld1_0.is_active,
        ld1_0.latitude,
        ld1_0.longitude,
        ld1_0.postal_code,
        ld1_0.updated_at 
    from
        locations ld1_0 
    where
        ld1_0.postal_code=?
Hibernate: 
    select
        ld1_0.id,
        ld1_0.address,
        ld1_0.city,
        ld1_0.created_at,
        ld1_0.is_active,
        ld1_0.latitude,
        ld1_0.longitude,
        ld1_0.postal_code,
        ld1_0.updated_at 
    from
        locations ld1_0 
    where
        ld1_0.postal_code=?
2025-12-06 01:55:54.007 [main] DEBUG [tfms-truck-fleet-management-system] [] org.hibernate.SQL - 
    insert 
    into
        locations
        (address, city, created_at, is_active, latitude, longitude, postal_code, updated_at) 
    values
        (?, ?, ?, ?, ?, ?, ?, ?)
Hibernate: 
    insert 
    into
        locations
        (address, city, created_at, is_active, latitude, longitude, postal_code, updated_at) 
    values
        (?, ?, ?, ?, ?, ?, ?, ?)
2025-12-06 01:55:54.011 [main] DEBUG [tfms-truck-fleet-management-system] [] org.hibernate.SQL - 
    select
        pd1_0.id 
    from
        parcels pd1_0 
    where
        pd1_0.name=? 
    fetch
        first ? rows only
Hibernate: 
    select
        pd1_0.id 
    from
        parcels pd1_0 
    where
        pd1_0.name=? 
    fetch
        first ? rows only
2025-12-06 01:55:54.011 [main] DEBUG [tfms-truck-fleet-management-system] [] org.hibernate.SQL - 
    insert 
    into
        parcels
        (active, created_at, delivery_instructions, delivery_location_id, estimated_travel_time, name, planned_delivery_date, recipient_name, recipient_phone, status, stop_id, updated_at, volume, warehouse_id, weight) 
    values
        (?, ?, ?, ?, ?, ?, ?, ?, ?, ?, ?, ?, ?, ?, ?)
Hibernate: 
    insert 
    into
        parcels
        (active, created_at, delivery_instructions, delivery_location_id, estimated_travel_time, name, planned_delivery_date, recipient_name, recipient_phone, status, stop_id, updated_at, volume, warehouse_id, weight) 
    values
        (?, ?, ?, ?, ?, ?, ?, ?, ?, ?, ?, ?, ?, ?, ?)
2025-12-06 01:55:54.014 [main] DEBUG [tfms-truck-fleet-management-system] [] org.hibernate.SQL - 
    select
        ld1_0.id,
        ld1_0.address,
        ld1_0.city,
        ld1_0.created_at,
        ld1_0.is_active,
        ld1_0.latitude,
        ld1_0.longitude,
        ld1_0.postal_code,
        ld1_0.updated_at 
    from
        locations ld1_0 
    where
        ld1_0.postal_code=?
Hibernate: 
    select
        ld1_0.id,
        ld1_0.address,
        ld1_0.city,
        ld1_0.created_at,
        ld1_0.is_active,
        ld1_0.latitude,
        ld1_0.longitude,
        ld1_0.postal_code,
        ld1_0.updated_at 
    from
        locations ld1_0 
    where
        ld1_0.postal_code=?
2025-12-06 01:55:54.015 [main] DEBUG [tfms-truck-fleet-management-system] [] org.hibernate.SQL - 
    insert 
    into
        locations
        (address, city, created_at, is_active, latitude, longitude, postal_code, updated_at) 
    values
        (?, ?, ?, ?, ?, ?, ?, ?)
Hibernate: 
    insert 
    into
        locations
        (address, city, created_at, is_active, latitude, longitude, postal_code, updated_at) 
    values
        (?, ?, ?, ?, ?, ?, ?, ?)
2025-12-06 01:55:54.018 [main] DEBUG [tfms-truck-fleet-management-system] [] org.hibernate.SQL - 
    select
        pd1_0.id 
    from
        parcels pd1_0 
    where
        pd1_0.name=? 
    fetch
        first ? rows only
Hibernate: 
    select
        pd1_0.id 
    from
        parcels pd1_0 
    where
        pd1_0.name=? 
    fetch
        first ? rows only
2025-12-06 01:55:54.019 [main] DEBUG [tfms-truck-fleet-management-system] [] org.hibernate.SQL - 
    insert 
    into
        parcels
        (active, created_at, delivery_instructions, delivery_location_id, estimated_travel_time, name, planned_delivery_date, recipient_name, recipient_phone, status, stop_id, updated_at, volume, warehouse_id, weight) 
    values
        (?, ?, ?, ?, ?, ?, ?, ?, ?, ?, ?, ?, ?, ?, ?)
Hibernate: 
    insert 
    into
        parcels
        (active, created_at, delivery_instructions, delivery_location_id, estimated_travel_time, name, planned_delivery_date, recipient_name, recipient_phone, status, stop_id, updated_at, volume, warehouse_id, weight) 
    values
        (?, ?, ?, ?, ?, ?, ?, ?, ?, ?, ?, ?, ?, ?, ?)
2025-12-06 01:55:54.022 [main] DEBUG [tfms-truck-fleet-management-system] [] org.hibernate.SQL - 
    select
        ld1_0.id,
        ld1_0.address,
        ld1_0.city,
        ld1_0.created_at,
        ld1_0.is_active,
        ld1_0.latitude,
        ld1_0.longitude,
        ld1_0.postal_code,
        ld1_0.updated_at 
    from
        locations ld1_0 
    where
        ld1_0.postal_code=?
Hibernate: 
    select
        ld1_0.id,
        ld1_0.address,
        ld1_0.city,
        ld1_0.created_at,
        ld1_0.is_active,
        ld1_0.latitude,
        ld1_0.longitude,
        ld1_0.postal_code,
        ld1_0.updated_at 
    from
        locations ld1_0 
    where
        ld1_0.postal_code=?
2025-12-06 01:55:54.023 [main] DEBUG [tfms-truck-fleet-management-system] [] org.hibernate.SQL - 
    insert 
    into
        locations
        (address, city, created_at, is_active, latitude, longitude, postal_code, updated_at) 
    values
        (?, ?, ?, ?, ?, ?, ?, ?)
Hibernate: 
    insert 
    into
        locations
        (address, city, created_at, is_active, latitude, longitude, postal_code, updated_at) 
    values
        (?, ?, ?, ?, ?, ?, ?, ?)
2025-12-06 01:55:54.027 [main] DEBUG [tfms-truck-fleet-management-system] [] org.hibernate.SQL - 
    select
        pd1_0.id 
    from
        parcels pd1_0 
    where
        pd1_0.name=? 
    fetch
        first ? rows only
Hibernate: 
    select
        pd1_0.id 
    from
        parcels pd1_0 
    where
        pd1_0.name=? 
    fetch
        first ? rows only
2025-12-06 01:55:54.027 [main] DEBUG [tfms-truck-fleet-management-system] [] org.hibernate.SQL - 
    insert 
    into
        parcels
        (active, created_at, delivery_instructions, delivery_location_id, estimated_travel_time, name, planned_delivery_date, recipient_name, recipient_phone, status, stop_id, updated_at, volume, warehouse_id, weight) 
    values
        (?, ?, ?, ?, ?, ?, ?, ?, ?, ?, ?, ?, ?, ?, ?)
Hibernate: 
    insert 
    into
        parcels
        (active, created_at, delivery_instructions, delivery_location_id, estimated_travel_time, name, planned_delivery_date, recipient_name, recipient_phone, status, stop_id, updated_at, volume, warehouse_id, weight) 
    values
        (?, ?, ?, ?, ?, ?, ?, ?, ?, ?, ?, ?, ?, ?, ?)
2025-12-06 01:55:54.031 [main] DEBUG [tfms-truck-fleet-management-system] [] org.hibernate.SQL - 
    select
        ld1_0.id,
        ld1_0.address,
        ld1_0.city,
        ld1_0.created_at,
        ld1_0.is_active,
        ld1_0.latitude,
        ld1_0.longitude,
        ld1_0.postal_code,
        ld1_0.updated_at 
    from
        locations ld1_0 
    where
        ld1_0.postal_code=?
Hibernate: 
    select
        ld1_0.id,
        ld1_0.address,
        ld1_0.city,
        ld1_0.created_at,
        ld1_0.is_active,
        ld1_0.latitude,
        ld1_0.longitude,
        ld1_0.postal_code,
        ld1_0.updated_at 
    from
        locations ld1_0 
    where
        ld1_0.postal_code=?
2025-12-06 01:55:54.031 [main] DEBUG [tfms-truck-fleet-management-system] [] org.hibernate.SQL - 
    insert 
    into
        locations
        (address, city, created_at, is_active, latitude, longitude, postal_code, updated_at) 
    values
        (?, ?, ?, ?, ?, ?, ?, ?)
Hibernate: 
    insert 
    into
        locations
        (address, city, created_at, is_active, latitude, longitude, postal_code, updated_at) 
    values
        (?, ?, ?, ?, ?, ?, ?, ?)
2025-12-06 01:55:54.034 [main] DEBUG [tfms-truck-fleet-management-system] [] org.hibernate.SQL - 
    select
        pd1_0.id 
    from
        parcels pd1_0 
    where
        pd1_0.name=? 
    fetch
        first ? rows only
Hibernate: 
    select
        pd1_0.id 
    from
        parcels pd1_0 
    where
        pd1_0.name=? 
    fetch
        first ? rows only
2025-12-06 01:55:54.035 [main] DEBUG [tfms-truck-fleet-management-system] [] org.hibernate.SQL - 
    insert 
    into
        parcels
        (active, created_at, delivery_instructions, delivery_location_id, estimated_travel_time, name, planned_delivery_date, recipient_name, recipient_phone, status, stop_id, updated_at, volume, warehouse_id, weight) 
    values
        (?, ?, ?, ?, ?, ?, ?, ?, ?, ?, ?, ?, ?, ?, ?)
Hibernate: 
    insert 
    into
        parcels
        (active, created_at, delivery_instructions, delivery_location_id, estimated_travel_time, name, planned_delivery_date, recipient_name, recipient_phone, status, stop_id, updated_at, volume, warehouse_id, weight) 
    values
        (?, ?, ?, ?, ?, ?, ?, ?, ?, ?, ?, ?, ?, ?, ?)
2025-12-06 01:55:54.039 [main] DEBUG [tfms-truck-fleet-management-system] [] org.hibernate.SQL - 
    select
        ld1_0.id,
        ld1_0.address,
        ld1_0.city,
        ld1_0.created_at,
        ld1_0.is_active,
        ld1_0.latitude,
        ld1_0.longitude,
        ld1_0.postal_code,
        ld1_0.updated_at 
    from
        locations ld1_0 
    where
        ld1_0.postal_code=?
Hibernate: 
    select
        ld1_0.id,
        ld1_0.address,
        ld1_0.city,
        ld1_0.created_at,
        ld1_0.is_active,
        ld1_0.latitude,
        ld1_0.longitude,
        ld1_0.postal_code,
        ld1_0.updated_at 
    from
        locations ld1_0 
    where
        ld1_0.postal_code=?
2025-12-06 01:55:54.040 [main] DEBUG [tfms-truck-fleet-management-system] [] org.hibernate.SQL - 
    insert 
    into
        locations
        (address, city, created_at, is_active, latitude, longitude, postal_code, updated_at) 
    values
        (?, ?, ?, ?, ?, ?, ?, ?)
Hibernate: 
    insert 
    into
        locations
        (address, city, created_at, is_active, latitude, longitude, postal_code, updated_at) 
    values
        (?, ?, ?, ?, ?, ?, ?, ?)
2025-12-06 01:55:54.044 [main] DEBUG [tfms-truck-fleet-management-system] [] org.hibernate.SQL - 
    select
        pd1_0.id 
    from
        parcels pd1_0 
    where
        pd1_0.name=? 
    fetch
        first ? rows only
Hibernate: 
    select
        pd1_0.id 
    from
        parcels pd1_0 
    where
        pd1_0.name=? 
    fetch
        first ? rows only
2025-12-06 01:55:54.045 [main] DEBUG [tfms-truck-fleet-management-system] [] org.hibernate.SQL - 
    insert 
    into
        parcels
        (active, created_at, delivery_instructions, delivery_location_id, estimated_travel_time, name, planned_delivery_date, recipient_name, recipient_phone, status, stop_id, updated_at, volume, warehouse_id, weight) 
    values
        (?, ?, ?, ?, ?, ?, ?, ?, ?, ?, ?, ?, ?, ?, ?)
Hibernate: 
    insert 
    into
        parcels
        (active, created_at, delivery_instructions, delivery_location_id, estimated_travel_time, name, planned_delivery_date, recipient_name, recipient_phone, status, stop_id, updated_at, volume, warehouse_id, weight) 
    values
        (?, ?, ?, ?, ?, ?, ?, ?, ?, ?, ?, ?, ?, ?, ?)
2025-12-06 01:55:54.048 [main] DEBUG [tfms-truck-fleet-management-system] [] org.hibernate.SQL - 
    select
        ld1_0.id,
        ld1_0.address,
        ld1_0.city,
        ld1_0.created_at,
        ld1_0.is_active,
        ld1_0.latitude,
        ld1_0.longitude,
        ld1_0.postal_code,
        ld1_0.updated_at 
    from
        locations ld1_0 
    where
        ld1_0.postal_code=?
Hibernate: 
    select
        ld1_0.id,
        ld1_0.address,
        ld1_0.city,
        ld1_0.created_at,
        ld1_0.is_active,
        ld1_0.latitude,
        ld1_0.longitude,
        ld1_0.postal_code,
        ld1_0.updated_at 
    from
        locations ld1_0 
    where
        ld1_0.postal_code=?
2025-12-06 01:55:54.049 [main] DEBUG [tfms-truck-fleet-management-system] [] org.hibernate.SQL - 
    insert 
    into
        locations
        (address, city, created_at, is_active, latitude, longitude, postal_code, updated_at) 
    values
        (?, ?, ?, ?, ?, ?, ?, ?)
Hibernate: 
    insert 
    into
        locations
        (address, city, created_at, is_active, latitude, longitude, postal_code, updated_at) 
    values
        (?, ?, ?, ?, ?, ?, ?, ?)
2025-12-06 01:55:54.053 [main] DEBUG [tfms-truck-fleet-management-system] [] org.hibernate.SQL - 
    select
        pd1_0.id 
    from
        parcels pd1_0 
    where
        pd1_0.name=? 
    fetch
        first ? rows only
Hibernate: 
    select
        pd1_0.id 
    from
        parcels pd1_0 
    where
        pd1_0.name=? 
    fetch
        first ? rows only
2025-12-06 01:55:54.054 [main] DEBUG [tfms-truck-fleet-management-system] [] org.hibernate.SQL - 
    insert 
    into
        parcels
        (active, created_at, delivery_instructions, delivery_location_id, estimated_travel_time, name, planned_delivery_date, recipient_name, recipient_phone, status, stop_id, updated_at, volume, warehouse_id, weight) 
    values
        (?, ?, ?, ?, ?, ?, ?, ?, ?, ?, ?, ?, ?, ?, ?)
Hibernate: 
    insert 
    into
        parcels
        (active, created_at, delivery_instructions, delivery_location_id, estimated_travel_time, name, planned_delivery_date, recipient_name, recipient_phone, status, stop_id, updated_at, volume, warehouse_id, weight) 
    values
        (?, ?, ?, ?, ?, ?, ?, ?, ?, ?, ?, ?, ?, ?, ?)
2025-12-06 01:55:54.058 [main] DEBUG [tfms-truck-fleet-management-system] [] org.hibernate.SQL - 
    select
        ld1_0.id,
        ld1_0.address,
        ld1_0.city,
        ld1_0.created_at,
        ld1_0.is_active,
        ld1_0.latitude,
        ld1_0.longitude,
        ld1_0.postal_code,
        ld1_0.updated_at 
    from
        locations ld1_0 
    where
        ld1_0.postal_code=?
Hibernate: 
    select
        ld1_0.id,
        ld1_0.address,
        ld1_0.city,
        ld1_0.created_at,
        ld1_0.is_active,
        ld1_0.latitude,
        ld1_0.longitude,
        ld1_0.postal_code,
        ld1_0.updated_at 
    from
        locations ld1_0 
    where
        ld1_0.postal_code=?
2025-12-06 01:55:54.059 [main] DEBUG [tfms-truck-fleet-management-system] [] org.hibernate.SQL - 
    insert 
    into
        locations
        (address, city, created_at, is_active, latitude, longitude, postal_code, updated_at) 
    values
        (?, ?, ?, ?, ?, ?, ?, ?)
Hibernate: 
    insert 
    into
        locations
        (address, city, created_at, is_active, latitude, longitude, postal_code, updated_at) 
    values
        (?, ?, ?, ?, ?, ?, ?, ?)
2025-12-06 01:55:54.064 [main] DEBUG [tfms-truck-fleet-management-system] [] org.hibernate.SQL - 
    select
        pd1_0.id 
    from
        parcels pd1_0 
    where
        pd1_0.name=? 
    fetch
        first ? rows only
Hibernate: 
    select
        pd1_0.id 
    from
        parcels pd1_0 
    where
        pd1_0.name=? 
    fetch
        first ? rows only
2025-12-06 01:55:54.065 [main] DEBUG [tfms-truck-fleet-management-system] [] org.hibernate.SQL - 
    insert 
    into
        parcels
        (active, created_at, delivery_instructions, delivery_location_id, estimated_travel_time, name, planned_delivery_date, recipient_name, recipient_phone, status, stop_id, updated_at, volume, warehouse_id, weight) 
    values
        (?, ?, ?, ?, ?, ?, ?, ?, ?, ?, ?, ?, ?, ?, ?)
Hibernate: 
    insert 
    into
        parcels
        (active, created_at, delivery_instructions, delivery_location_id, estimated_travel_time, name, planned_delivery_date, recipient_name, recipient_phone, status, stop_id, updated_at, volume, warehouse_id, weight) 
    values
        (?, ?, ?, ?, ?, ?, ?, ?, ?, ?, ?, ?, ?, ?, ?)
2025-12-06 01:55:54.068 [main] DEBUG [tfms-truck-fleet-management-system] [] org.hibernate.SQL - 
    select
        ld1_0.id,
        ld1_0.address,
        ld1_0.city,
        ld1_0.created_at,
        ld1_0.is_active,
        ld1_0.latitude,
        ld1_0.longitude,
        ld1_0.postal_code,
        ld1_0.updated_at 
    from
        locations ld1_0 
    where
        ld1_0.postal_code=?
Hibernate: 
    select
        ld1_0.id,
        ld1_0.address,
        ld1_0.city,
        ld1_0.created_at,
        ld1_0.is_active,
        ld1_0.latitude,
        ld1_0.longitude,
        ld1_0.postal_code,
        ld1_0.updated_at 
    from
        locations ld1_0 
    where
        ld1_0.postal_code=?
2025-12-06 01:55:54.069 [main] DEBUG [tfms-truck-fleet-management-system] [] org.hibernate.SQL - 
    insert 
    into
        locations
        (address, city, created_at, is_active, latitude, longitude, postal_code, updated_at) 
    values
        (?, ?, ?, ?, ?, ?, ?, ?)
Hibernate: 
    insert 
    into
        locations
        (address, city, created_at, is_active, latitude, longitude, postal_code, updated_at) 
    values
        (?, ?, ?, ?, ?, ?, ?, ?)
2025-12-06 01:55:54.072 [main] DEBUG [tfms-truck-fleet-management-system] [] org.hibernate.SQL - 
    select
        pd1_0.id 
    from
        parcels pd1_0 
    where
        pd1_0.name=? 
    fetch
        first ? rows only
Hibernate: 
    select
        pd1_0.id 
    from
        parcels pd1_0 
    where
        pd1_0.name=? 
    fetch
        first ? rows only
2025-12-06 01:55:54.073 [main] DEBUG [tfms-truck-fleet-management-system] [] org.hibernate.SQL - 
    insert 
    into
        parcels
        (active, created_at, delivery_instructions, delivery_location_id, estimated_travel_time, name, planned_delivery_date, recipient_name, recipient_phone, status, stop_id, updated_at, volume, warehouse_id, weight) 
    values
        (?, ?, ?, ?, ?, ?, ?, ?, ?, ?, ?, ?, ?, ?, ?)
Hibernate: 
    insert 
    into
        parcels
        (active, created_at, delivery_instructions, delivery_location_id, estimated_travel_time, name, planned_delivery_date, recipient_name, recipient_phone, status, stop_id, updated_at, volume, warehouse_id, weight) 
    values
        (?, ?, ?, ?, ?, ?, ?, ?, ?, ?, ?, ?, ?, ?, ?)
2025-12-06 01:55:54.076 [main] DEBUG [tfms-truck-fleet-management-system] [] org.hibernate.SQL - 
    select
        ld1_0.id,
        ld1_0.address,
        ld1_0.city,
        ld1_0.created_at,
        ld1_0.is_active,
        ld1_0.latitude,
        ld1_0.longitude,
        ld1_0.postal_code,
        ld1_0.updated_at 
    from
        locations ld1_0 
    where
        ld1_0.postal_code=?
Hibernate: 
    select
        ld1_0.id,
        ld1_0.address,
        ld1_0.city,
        ld1_0.created_at,
        ld1_0.is_active,
        ld1_0.latitude,
        ld1_0.longitude,
        ld1_0.postal_code,
        ld1_0.updated_at 
    from
        locations ld1_0 
    where
        ld1_0.postal_code=?
2025-12-06 01:55:54.077 [main] DEBUG [tfms-truck-fleet-management-system] [] org.hibernate.SQL - 
    insert 
    into
        locations
        (address, city, created_at, is_active, latitude, longitude, postal_code, updated_at) 
    values
        (?, ?, ?, ?, ?, ?, ?, ?)
Hibernate: 
    insert 
    into
        locations
        (address, city, created_at, is_active, latitude, longitude, postal_code, updated_at) 
    values
        (?, ?, ?, ?, ?, ?, ?, ?)
2025-12-06 01:55:54.080 [main] DEBUG [tfms-truck-fleet-management-system] [] org.hibernate.SQL - 
    select
        pd1_0.id 
    from
        parcels pd1_0 
    where
        pd1_0.name=? 
    fetch
        first ? rows only
Hibernate: 
    select
        pd1_0.id 
    from
        parcels pd1_0 
    where
        pd1_0.name=? 
    fetch
        first ? rows only
2025-12-06 01:55:54.080 [main] DEBUG [tfms-truck-fleet-management-system] [] org.hibernate.SQL - 
    insert 
    into
        parcels
        (active, created_at, delivery_instructions, delivery_location_id, estimated_travel_time, name, planned_delivery_date, recipient_name, recipient_phone, status, stop_id, updated_at, volume, warehouse_id, weight) 
    values
        (?, ?, ?, ?, ?, ?, ?, ?, ?, ?, ?, ?, ?, ?, ?)
Hibernate: 
    insert 
    into
        parcels
        (active, created_at, delivery_instructions, delivery_location_id, estimated_travel_time, name, planned_delivery_date, recipient_name, recipient_phone, status, stop_id, updated_at, volume, warehouse_id, weight) 
    values
        (?, ?, ?, ?, ?, ?, ?, ?, ?, ?, ?, ?, ?, ?, ?)
2025-12-06 01:55:54.085 [main] DEBUG [tfms-truck-fleet-management-system] [] org.hibernate.SQL - 
    select
        ld1_0.id,
        ld1_0.address,
        ld1_0.city,
        ld1_0.created_at,
        ld1_0.is_active,
        ld1_0.latitude,
        ld1_0.longitude,
        ld1_0.postal_code,
        ld1_0.updated_at 
    from
        locations ld1_0 
    where
        ld1_0.postal_code=?
Hibernate: 
    select
        ld1_0.id,
        ld1_0.address,
        ld1_0.city,
        ld1_0.created_at,
        ld1_0.is_active,
        ld1_0.latitude,
        ld1_0.longitude,
        ld1_0.postal_code,
        ld1_0.updated_at 
    from
        locations ld1_0 
    where
        ld1_0.postal_code=?
2025-12-06 01:55:54.086 [main] DEBUG [tfms-truck-fleet-management-system] [] org.hibernate.SQL - 
    insert 
    into
        locations
        (address, city, created_at, is_active, latitude, longitude, postal_code, updated_at) 
    values
        (?, ?, ?, ?, ?, ?, ?, ?)
Hibernate: 
    insert 
    into
        locations
        (address, city, created_at, is_active, latitude, longitude, postal_code, updated_at) 
    values
        (?, ?, ?, ?, ?, ?, ?, ?)
2025-12-06 01:55:54.090 [main] DEBUG [tfms-truck-fleet-management-system] [] org.hibernate.SQL - 
    select
        pd1_0.id 
    from
        parcels pd1_0 
    where
        pd1_0.name=? 
    fetch
        first ? rows only
Hibernate: 
    select
        pd1_0.id 
    from
        parcels pd1_0 
    where
        pd1_0.name=? 
    fetch
        first ? rows only
2025-12-06 01:55:54.090 [main] DEBUG [tfms-truck-fleet-management-system] [] org.hibernate.SQL - 
    insert 
    into
        parcels
        (active, created_at, delivery_instructions, delivery_location_id, estimated_travel_time, name, planned_delivery_date, recipient_name, recipient_phone, status, stop_id, updated_at, volume, warehouse_id, weight) 
    values
        (?, ?, ?, ?, ?, ?, ?, ?, ?, ?, ?, ?, ?, ?, ?)
Hibernate: 
    insert 
    into
        parcels
        (active, created_at, delivery_instructions, delivery_location_id, estimated_travel_time, name, planned_delivery_date, recipient_name, recipient_phone, status, stop_id, updated_at, volume, warehouse_id, weight) 
    values
        (?, ?, ?, ?, ?, ?, ?, ?, ?, ?, ?, ?, ?, ?, ?)
2025-12-06 01:55:54.094 [main] DEBUG [tfms-truck-fleet-management-system] [] org.hibernate.SQL - 
    select
        ld1_0.id,
        ld1_0.address,
        ld1_0.city,
        ld1_0.created_at,
        ld1_0.is_active,
        ld1_0.latitude,
        ld1_0.longitude,
        ld1_0.postal_code,
        ld1_0.updated_at 
    from
        locations ld1_0 
    where
        ld1_0.postal_code=?
Hibernate: 
    select
        ld1_0.id,
        ld1_0.address,
        ld1_0.city,
        ld1_0.created_at,
        ld1_0.is_active,
        ld1_0.latitude,
        ld1_0.longitude,
        ld1_0.postal_code,
        ld1_0.updated_at 
    from
        locations ld1_0 
    where
        ld1_0.postal_code=?
2025-12-06 01:55:54.094 [main] DEBUG [tfms-truck-fleet-management-system] [] org.hibernate.SQL - 
    insert 
    into
        locations
        (address, city, created_at, is_active, latitude, longitude, postal_code, updated_at) 
    values
        (?, ?, ?, ?, ?, ?, ?, ?)
Hibernate: 
    insert 
    into
        locations
        (address, city, created_at, is_active, latitude, longitude, postal_code, updated_at) 
    values
        (?, ?, ?, ?, ?, ?, ?, ?)
2025-12-06 01:55:54.098 [main] DEBUG [tfms-truck-fleet-management-system] [] org.hibernate.SQL - 
    select
        pd1_0.id 
    from
        parcels pd1_0 
    where
        pd1_0.name=? 
    fetch
        first ? rows only
Hibernate: 
    select
        pd1_0.id 
    from
        parcels pd1_0 
    where
        pd1_0.name=? 
    fetch
        first ? rows only
2025-12-06 01:55:54.098 [main] DEBUG [tfms-truck-fleet-management-system] [] org.hibernate.SQL - 
    insert 
    into
        parcels
        (active, created_at, delivery_instructions, delivery_location_id, estimated_travel_time, name, planned_delivery_date, recipient_name, recipient_phone, status, stop_id, updated_at, volume, warehouse_id, weight) 
    values
        (?, ?, ?, ?, ?, ?, ?, ?, ?, ?, ?, ?, ?, ?, ?)
Hibernate: 
    insert 
    into
        parcels
        (active, created_at, delivery_instructions, delivery_location_id, estimated_travel_time, name, planned_delivery_date, recipient_name, recipient_phone, status, stop_id, updated_at, volume, warehouse_id, weight) 
    values
        (?, ?, ?, ?, ?, ?, ?, ?, ?, ?, ?, ?, ?, ?, ?)
2025-12-06 01:55:54.102 [main] DEBUG [tfms-truck-fleet-management-system] [] org.hibernate.SQL - 
    select
        ld1_0.id,
        ld1_0.address,
        ld1_0.city,
        ld1_0.created_at,
        ld1_0.is_active,
        ld1_0.latitude,
        ld1_0.longitude,
        ld1_0.postal_code,
        ld1_0.updated_at 
    from
        locations ld1_0 
    where
        ld1_0.postal_code=?
Hibernate: 
    select
        ld1_0.id,
        ld1_0.address,
        ld1_0.city,
        ld1_0.created_at,
        ld1_0.is_active,
        ld1_0.latitude,
        ld1_0.longitude,
        ld1_0.postal_code,
        ld1_0.updated_at 
    from
        locations ld1_0 
    where
        ld1_0.postal_code=?
2025-12-06 01:55:54.103 [main] DEBUG [tfms-truck-fleet-management-system] [] org.hibernate.SQL - 
    insert 
    into
        locations
        (address, city, created_at, is_active, latitude, longitude, postal_code, updated_at) 
    values
        (?, ?, ?, ?, ?, ?, ?, ?)
Hibernate: 
    insert 
    into
        locations
        (address, city, created_at, is_active, latitude, longitude, postal_code, updated_at) 
    values
        (?, ?, ?, ?, ?, ?, ?, ?)
2025-12-06 01:55:54.109 [main] DEBUG [tfms-truck-fleet-management-system] [] org.hibernate.SQL - 
    select
        pd1_0.id 
    from
        parcels pd1_0 
    where
        pd1_0.name=? 
    fetch
        first ? rows only
Hibernate: 
    select
        pd1_0.id 
    from
        parcels pd1_0 
    where
        pd1_0.name=? 
    fetch
        first ? rows only
2025-12-06 01:55:54.110 [main] DEBUG [tfms-truck-fleet-management-system] [] org.hibernate.SQL - 
    insert 
    into
        parcels
        (active, created_at, delivery_instructions, delivery_location_id, estimated_travel_time, name, planned_delivery_date, recipient_name, recipient_phone, status, stop_id, updated_at, volume, warehouse_id, weight) 
    values
        (?, ?, ?, ?, ?, ?, ?, ?, ?, ?, ?, ?, ?, ?, ?)
Hibernate: 
    insert 
    into
        parcels
        (active, created_at, delivery_instructions, delivery_location_id, estimated_travel_time, name, planned_delivery_date, recipient_name, recipient_phone, status, stop_id, updated_at, volume, warehouse_id, weight) 
    values
        (?, ?, ?, ?, ?, ?, ?, ?, ?, ?, ?, ?, ?, ?, ?)
2025-12-06 01:55:54.114 [main] DEBUG [tfms-truck-fleet-management-system] [] org.hibernate.SQL - 
    select
        ld1_0.id,
        ld1_0.address,
        ld1_0.city,
        ld1_0.created_at,
        ld1_0.is_active,
        ld1_0.latitude,
        ld1_0.longitude,
        ld1_0.postal_code,
        ld1_0.updated_at 
    from
        locations ld1_0 
    where
        ld1_0.postal_code=?
Hibernate: 
    select
        ld1_0.id,
        ld1_0.address,
        ld1_0.city,
        ld1_0.created_at,
        ld1_0.is_active,
        ld1_0.latitude,
        ld1_0.longitude,
        ld1_0.postal_code,
        ld1_0.updated_at 
    from
        locations ld1_0 
    where
        ld1_0.postal_code=?
2025-12-06 01:55:54.115 [main] DEBUG [tfms-truck-fleet-management-system] [] org.hibernate.SQL - 
    insert 
    into
        locations
        (address, city, created_at, is_active, latitude, longitude, postal_code, updated_at) 
    values
        (?, ?, ?, ?, ?, ?, ?, ?)
Hibernate: 
    insert 
    into
        locations
        (address, city, created_at, is_active, latitude, longitude, postal_code, updated_at) 
    values
        (?, ?, ?, ?, ?, ?, ?, ?)
2025-12-06 01:55:54.119 [main] DEBUG [tfms-truck-fleet-management-system] [] org.hibernate.SQL - 
    select
        pd1_0.id 
    from
        parcels pd1_0 
    where
        pd1_0.name=? 
    fetch
        first ? rows only
Hibernate: 
    select
        pd1_0.id 
    from
        parcels pd1_0 
    where
        pd1_0.name=? 
    fetch
        first ? rows only
2025-12-06 01:55:54.120 [main] DEBUG [tfms-truck-fleet-management-system] [] org.hibernate.SQL - 
    insert 
    into
        parcels
        (active, created_at, delivery_instructions, delivery_location_id, estimated_travel_time, name, planned_delivery_date, recipient_name, recipient_phone, status, stop_id, updated_at, volume, warehouse_id, weight) 
    values
        (?, ?, ?, ?, ?, ?, ?, ?, ?, ?, ?, ?, ?, ?, ?)
Hibernate: 
    insert 
    into
        parcels
        (active, created_at, delivery_instructions, delivery_location_id, estimated_travel_time, name, planned_delivery_date, recipient_name, recipient_phone, status, stop_id, updated_at, volume, warehouse_id, weight) 
    values
        (?, ?, ?, ?, ?, ?, ?, ?, ?, ?, ?, ?, ?, ?, ?)
2025-12-06 01:55:54.123 [main] DEBUG [tfms-truck-fleet-management-system] [] org.hibernate.SQL - 
    select
        ld1_0.id,
        ld1_0.address,
        ld1_0.city,
        ld1_0.created_at,
        ld1_0.is_active,
        ld1_0.latitude,
        ld1_0.longitude,
        ld1_0.postal_code,
        ld1_0.updated_at 
    from
        locations ld1_0 
    where
        ld1_0.postal_code=?
Hibernate: 
    select
        ld1_0.id,
        ld1_0.address,
        ld1_0.city,
        ld1_0.created_at,
        ld1_0.is_active,
        ld1_0.latitude,
        ld1_0.longitude,
        ld1_0.postal_code,
        ld1_0.updated_at 
    from
        locations ld1_0 
    where
        ld1_0.postal_code=?
2025-12-06 01:55:54.124 [main] DEBUG [tfms-truck-fleet-management-system] [] org.hibernate.SQL - 
    insert 
    into
        locations
        (address, city, created_at, is_active, latitude, longitude, postal_code, updated_at) 
    values
        (?, ?, ?, ?, ?, ?, ?, ?)
Hibernate: 
    insert 
    into
        locations
        (address, city, created_at, is_active, latitude, longitude, postal_code, updated_at) 
    values
        (?, ?, ?, ?, ?, ?, ?, ?)
2025-12-06 01:55:54.127 [main] DEBUG [tfms-truck-fleet-management-system] [] org.hibernate.SQL - 
    select
        pd1_0.id 
    from
        parcels pd1_0 
    where
        pd1_0.name=? 
    fetch
        first ? rows only
Hibernate: 
    select
        pd1_0.id 
    from
        parcels pd1_0 
    where
        pd1_0.name=? 
    fetch
        first ? rows only
2025-12-06 01:55:54.128 [main] DEBUG [tfms-truck-fleet-management-system] [] org.hibernate.SQL - 
    insert 
    into
        parcels
        (active, created_at, delivery_instructions, delivery_location_id, estimated_travel_time, name, planned_delivery_date, recipient_name, recipient_phone, status, stop_id, updated_at, volume, warehouse_id, weight) 
    values
        (?, ?, ?, ?, ?, ?, ?, ?, ?, ?, ?, ?, ?, ?, ?)
Hibernate: 
    insert 
    into
        parcels
        (active, created_at, delivery_instructions, delivery_location_id, estimated_travel_time, name, planned_delivery_date, recipient_name, recipient_phone, status, stop_id, updated_at, volume, warehouse_id, weight) 
    values
        (?, ?, ?, ?, ?, ?, ?, ?, ?, ?, ?, ?, ?, ?, ?)
Created 20 parcels for Warehouse-Nijmegen in Nijmegen
2025-12-06 01:55:54.131 [main] DEBUG [tfms-truck-fleet-management-system] [] org.hibernate.SQL - 
    select
        ld1_0.id,
        ld1_0.address,
        ld1_0.city,
        ld1_0.created_at,
        ld1_0.is_active,
        ld1_0.latitude,
        ld1_0.longitude,
        ld1_0.postal_code,
        ld1_0.updated_at 
    from
        locations ld1_0 
    where
        ld1_0.postal_code=?
Hibernate: 
    select
        ld1_0.id,
        ld1_0.address,
        ld1_0.city,
        ld1_0.created_at,
        ld1_0.is_active,
        ld1_0.latitude,
        ld1_0.longitude,
        ld1_0.postal_code,
        ld1_0.updated_at 
    from
        locations ld1_0 
    where
        ld1_0.postal_code=?
2025-12-06 01:55:54.132 [main] DEBUG [tfms-truck-fleet-management-system] [] org.hibernate.SQL - 
    insert 
    into
        locations
        (address, city, created_at, is_active, latitude, longitude, postal_code, updated_at) 
    values
        (?, ?, ?, ?, ?, ?, ?, ?)
Hibernate: 
    insert 
    into
        locations
        (address, city, created_at, is_active, latitude, longitude, postal_code, updated_at) 
    values
        (?, ?, ?, ?, ?, ?, ?, ?)
2025-12-06 01:55:54.136 [main] DEBUG [tfms-truck-fleet-management-system] [] org.hibernate.SQL - 
    select
        whd1_0.id,
        whd1_0.active,
        whd1_0.created_at,
        whd1_0.location_id,
        whd1_0.name,
        whd1_0.updated_at 
    from
        warehouse whd1_0 
    where
        whd1_0.name=?
Hibernate: 
    select
        whd1_0.id,
        whd1_0.active,
        whd1_0.created_at,
        whd1_0.location_id,
        whd1_0.name,
        whd1_0.updated_at 
    from
        warehouse whd1_0 
    where
        whd1_0.name=?
2025-12-06 01:55:54.137 [main] DEBUG [tfms-truck-fleet-management-system] [] org.hibernate.SQL - 
    insert 
    into
        warehouse
        (active, created_at, location_id, name, updated_at) 
    values
        (?, ?, ?, ?, ?)
Hibernate: 
    insert 
    into
        warehouse
        (active, created_at, location_id, name, updated_at) 
    values
        (?, ?, ?, ?, ?)
2025-12-06 01:55:54.141 [main] DEBUG [tfms-truck-fleet-management-system] [] org.hibernate.SQL - 
    select
        ld1_0.id,
        ld1_0.address,
        ld1_0.city,
        ld1_0.created_at,
        ld1_0.is_active,
        ld1_0.latitude,
        ld1_0.longitude,
        ld1_0.postal_code,
        ld1_0.updated_at 
    from
        locations ld1_0 
    where
        ld1_0.postal_code=?
Hibernate: 
    select
        ld1_0.id,
        ld1_0.address,
        ld1_0.city,
        ld1_0.created_at,
        ld1_0.is_active,
        ld1_0.latitude,
        ld1_0.longitude,
        ld1_0.postal_code,
        ld1_0.updated_at 
    from
        locations ld1_0 
    where
        ld1_0.postal_code=?
2025-12-06 01:55:54.142 [main] DEBUG [tfms-truck-fleet-management-system] [] org.hibernate.SQL - 
    insert 
    into
        locations
        (address, city, created_at, is_active, latitude, longitude, postal_code, updated_at) 
    values
        (?, ?, ?, ?, ?, ?, ?, ?)
Hibernate: 
    insert 
    into
        locations
        (address, city, created_at, is_active, latitude, longitude, postal_code, updated_at) 
    values
        (?, ?, ?, ?, ?, ?, ?, ?)
2025-12-06 01:55:54.146 [main] DEBUG [tfms-truck-fleet-management-system] [] org.hibernate.SQL - 
    select
        pd1_0.id 
    from
        parcels pd1_0 
    where
        pd1_0.name=? 
    fetch
        first ? rows only
Hibernate: 
    select
        pd1_0.id 
    from
        parcels pd1_0 
    where
        pd1_0.name=? 
    fetch
        first ? rows only
2025-12-06 01:55:54.147 [main] DEBUG [tfms-truck-fleet-management-system] [] org.hibernate.SQL - 
    insert 
    into
        parcels
        (active, created_at, delivery_instructions, delivery_location_id, estimated_travel_time, name, planned_delivery_date, recipient_name, recipient_phone, status, stop_id, updated_at, volume, warehouse_id, weight) 
    values
        (?, ?, ?, ?, ?, ?, ?, ?, ?, ?, ?, ?, ?, ?, ?)
Hibernate: 
    insert 
    into
        parcels
        (active, created_at, delivery_instructions, delivery_location_id, estimated_travel_time, name, planned_delivery_date, recipient_name, recipient_phone, status, stop_id, updated_at, volume, warehouse_id, weight) 
    values
        (?, ?, ?, ?, ?, ?, ?, ?, ?, ?, ?, ?, ?, ?, ?)
2025-12-06 01:55:54.151 [main] DEBUG [tfms-truck-fleet-management-system] [] org.hibernate.SQL - 
    select
        ld1_0.id,
        ld1_0.address,
        ld1_0.city,
        ld1_0.created_at,
        ld1_0.is_active,
        ld1_0.latitude,
        ld1_0.longitude,
        ld1_0.postal_code,
        ld1_0.updated_at 
    from
        locations ld1_0 
    where
        ld1_0.postal_code=?
Hibernate: 
    select
        ld1_0.id,
        ld1_0.address,
        ld1_0.city,
        ld1_0.created_at,
        ld1_0.is_active,
        ld1_0.latitude,
        ld1_0.longitude,
        ld1_0.postal_code,
        ld1_0.updated_at 
    from
        locations ld1_0 
    where
        ld1_0.postal_code=?
2025-12-06 01:55:54.152 [main] DEBUG [tfms-truck-fleet-management-system] [] org.hibernate.SQL - 
    insert 
    into
        locations
        (address, city, created_at, is_active, latitude, longitude, postal_code, updated_at) 
    values
        (?, ?, ?, ?, ?, ?, ?, ?)
Hibernate: 
    insert 
    into
        locations
        (address, city, created_at, is_active, latitude, longitude, postal_code, updated_at) 
    values
        (?, ?, ?, ?, ?, ?, ?, ?)
2025-12-06 01:55:54.155 [main] DEBUG [tfms-truck-fleet-management-system] [] org.hibernate.SQL - 
    select
        pd1_0.id 
    from
        parcels pd1_0 
    where
        pd1_0.name=? 
    fetch
        first ? rows only
Hibernate: 
    select
        pd1_0.id 
    from
        parcels pd1_0 
    where
        pd1_0.name=? 
    fetch
        first ? rows only
2025-12-06 01:55:54.155 [main] DEBUG [tfms-truck-fleet-management-system] [] org.hibernate.SQL - 
    insert 
    into
        parcels
        (active, created_at, delivery_instructions, delivery_location_id, estimated_travel_time, name, planned_delivery_date, recipient_name, recipient_phone, status, stop_id, updated_at, volume, warehouse_id, weight) 
    values
        (?, ?, ?, ?, ?, ?, ?, ?, ?, ?, ?, ?, ?, ?, ?)
Hibernate: 
    insert 
    into
        parcels
        (active, created_at, delivery_instructions, delivery_location_id, estimated_travel_time, name, planned_delivery_date, recipient_name, recipient_phone, status, stop_id, updated_at, volume, warehouse_id, weight) 
    values
        (?, ?, ?, ?, ?, ?, ?, ?, ?, ?, ?, ?, ?, ?, ?)
2025-12-06 01:55:54.159 [main] DEBUG [tfms-truck-fleet-management-system] [] org.hibernate.SQL - 
    select
        ld1_0.id,
        ld1_0.address,
        ld1_0.city,
        ld1_0.created_at,
        ld1_0.is_active,
        ld1_0.latitude,
        ld1_0.longitude,
        ld1_0.postal_code,
        ld1_0.updated_at 
    from
        locations ld1_0 
    where
        ld1_0.postal_code=?
Hibernate: 
    select
        ld1_0.id,
        ld1_0.address,
        ld1_0.city,
        ld1_0.created_at,
        ld1_0.is_active,
        ld1_0.latitude,
        ld1_0.longitude,
        ld1_0.postal_code,
        ld1_0.updated_at 
    from
        locations ld1_0 
    where
        ld1_0.postal_code=?
2025-12-06 01:55:54.159 [main] DEBUG [tfms-truck-fleet-management-system] [] org.hibernate.SQL - 
    insert 
    into
        locations
        (address, city, created_at, is_active, latitude, longitude, postal_code, updated_at) 
    values
        (?, ?, ?, ?, ?, ?, ?, ?)
Hibernate: 
    insert 
    into
        locations
        (address, city, created_at, is_active, latitude, longitude, postal_code, updated_at) 
    values
        (?, ?, ?, ?, ?, ?, ?, ?)
2025-12-06 01:55:54.163 [main] DEBUG [tfms-truck-fleet-management-system] [] org.hibernate.SQL - 
    select
        pd1_0.id 
    from
        parcels pd1_0 
    where
        pd1_0.name=? 
    fetch
        first ? rows only
Hibernate: 
    select
        pd1_0.id 
    from
        parcels pd1_0 
    where
        pd1_0.name=? 
    fetch
        first ? rows only
2025-12-06 01:55:54.164 [main] DEBUG [tfms-truck-fleet-management-system] [] org.hibernate.SQL - 
    insert 
    into
        parcels
        (active, created_at, delivery_instructions, delivery_location_id, estimated_travel_time, name, planned_delivery_date, recipient_name, recipient_phone, status, stop_id, updated_at, volume, warehouse_id, weight) 
    values
        (?, ?, ?, ?, ?, ?, ?, ?, ?, ?, ?, ?, ?, ?, ?)
Hibernate: 
    insert 
    into
        parcels
        (active, created_at, delivery_instructions, delivery_location_id, estimated_travel_time, name, planned_delivery_date, recipient_name, recipient_phone, status, stop_id, updated_at, volume, warehouse_id, weight) 
    values
        (?, ?, ?, ?, ?, ?, ?, ?, ?, ?, ?, ?, ?, ?, ?)
2025-12-06 01:55:54.168 [main] DEBUG [tfms-truck-fleet-management-system] [] org.hibernate.SQL - 
    select
        ld1_0.id,
        ld1_0.address,
        ld1_0.city,
        ld1_0.created_at,
        ld1_0.is_active,
        ld1_0.latitude,
        ld1_0.longitude,
        ld1_0.postal_code,
        ld1_0.updated_at 
    from
        locations ld1_0 
    where
        ld1_0.postal_code=?
Hibernate: 
    select
        ld1_0.id,
        ld1_0.address,
        ld1_0.city,
        ld1_0.created_at,
        ld1_0.is_active,
        ld1_0.latitude,
        ld1_0.longitude,
        ld1_0.postal_code,
        ld1_0.updated_at 
    from
        locations ld1_0 
    where
        ld1_0.postal_code=?
2025-12-06 01:55:54.168 [main] DEBUG [tfms-truck-fleet-management-system] [] org.hibernate.SQL - 
    insert 
    into
        locations
        (address, city, created_at, is_active, latitude, longitude, postal_code, updated_at) 
    values
        (?, ?, ?, ?, ?, ?, ?, ?)
Hibernate: 
    insert 
    into
        locations
        (address, city, created_at, is_active, latitude, longitude, postal_code, updated_at) 
    values
        (?, ?, ?, ?, ?, ?, ?, ?)
2025-12-06 01:55:54.173 [main] DEBUG [tfms-truck-fleet-management-system] [] org.hibernate.SQL - 
    select
        pd1_0.id 
    from
        parcels pd1_0 
    where
        pd1_0.name=? 
    fetch
        first ? rows only
Hibernate: 
    select
        pd1_0.id 
    from
        parcels pd1_0 
    where
        pd1_0.name=? 
    fetch
        first ? rows only
2025-12-06 01:55:54.174 [main] DEBUG [tfms-truck-fleet-management-system] [] org.hibernate.SQL - 
    insert 
    into
        parcels
        (active, created_at, delivery_instructions, delivery_location_id, estimated_travel_time, name, planned_delivery_date, recipient_name, recipient_phone, status, stop_id, updated_at, volume, warehouse_id, weight) 
    values
        (?, ?, ?, ?, ?, ?, ?, ?, ?, ?, ?, ?, ?, ?, ?)
Hibernate: 
    insert 
    into
        parcels
        (active, created_at, delivery_instructions, delivery_location_id, estimated_travel_time, name, planned_delivery_date, recipient_name, recipient_phone, status, stop_id, updated_at, volume, warehouse_id, weight) 
    values
        (?, ?, ?, ?, ?, ?, ?, ?, ?, ?, ?, ?, ?, ?, ?)
2025-12-06 01:55:54.177 [main] DEBUG [tfms-truck-fleet-management-system] [] org.hibernate.SQL - 
    select
        ld1_0.id,
        ld1_0.address,
        ld1_0.city,
        ld1_0.created_at,
        ld1_0.is_active,
        ld1_0.latitude,
        ld1_0.longitude,
        ld1_0.postal_code,
        ld1_0.updated_at 
    from
        locations ld1_0 
    where
        ld1_0.postal_code=?
Hibernate: 
    select
        ld1_0.id,
        ld1_0.address,
        ld1_0.city,
        ld1_0.created_at,
        ld1_0.is_active,
        ld1_0.latitude,
        ld1_0.longitude,
        ld1_0.postal_code,
        ld1_0.updated_at 
    from
        locations ld1_0 
    where
        ld1_0.postal_code=?
2025-12-06 01:55:54.178 [main] DEBUG [tfms-truck-fleet-management-system] [] org.hibernate.SQL - 
    insert 
    into
        locations
        (address, city, created_at, is_active, latitude, longitude, postal_code, updated_at) 
    values
        (?, ?, ?, ?, ?, ?, ?, ?)
Hibernate: 
    insert 
    into
        locations
        (address, city, created_at, is_active, latitude, longitude, postal_code, updated_at) 
    values
        (?, ?, ?, ?, ?, ?, ?, ?)
2025-12-06 01:55:54.181 [main] DEBUG [tfms-truck-fleet-management-system] [] org.hibernate.SQL - 
    select
        pd1_0.id 
    from
        parcels pd1_0 
    where
        pd1_0.name=? 
    fetch
        first ? rows only
Hibernate: 
    select
        pd1_0.id 
    from
        parcels pd1_0 
    where
        pd1_0.name=? 
    fetch
        first ? rows only
2025-12-06 01:55:54.182 [main] DEBUG [tfms-truck-fleet-management-system] [] org.hibernate.SQL - 
    insert 
    into
        parcels
        (active, created_at, delivery_instructions, delivery_location_id, estimated_travel_time, name, planned_delivery_date, recipient_name, recipient_phone, status, stop_id, updated_at, volume, warehouse_id, weight) 
    values
        (?, ?, ?, ?, ?, ?, ?, ?, ?, ?, ?, ?, ?, ?, ?)
Hibernate: 
    insert 
    into
        parcels
        (active, created_at, delivery_instructions, delivery_location_id, estimated_travel_time, name, planned_delivery_date, recipient_name, recipient_phone, status, stop_id, updated_at, volume, warehouse_id, weight) 
    values
        (?, ?, ?, ?, ?, ?, ?, ?, ?, ?, ?, ?, ?, ?, ?)
2025-12-06 01:55:54.185 [main] DEBUG [tfms-truck-fleet-management-system] [] org.hibernate.SQL - 
    select
        ld1_0.id,
        ld1_0.address,
        ld1_0.city,
        ld1_0.created_at,
        ld1_0.is_active,
        ld1_0.latitude,
        ld1_0.longitude,
        ld1_0.postal_code,
        ld1_0.updated_at 
    from
        locations ld1_0 
    where
        ld1_0.postal_code=?
Hibernate: 
    select
        ld1_0.id,
        ld1_0.address,
        ld1_0.city,
        ld1_0.created_at,
        ld1_0.is_active,
        ld1_0.latitude,
        ld1_0.longitude,
        ld1_0.postal_code,
        ld1_0.updated_at 
    from
        locations ld1_0 
    where
        ld1_0.postal_code=?
2025-12-06 01:55:54.185 [main] DEBUG [tfms-truck-fleet-management-system] [] org.hibernate.SQL - 
    insert 
    into
        locations
        (address, city, created_at, is_active, latitude, longitude, postal_code, updated_at) 
    values
        (?, ?, ?, ?, ?, ?, ?, ?)
Hibernate: 
    insert 
    into
        locations
        (address, city, created_at, is_active, latitude, longitude, postal_code, updated_at) 
    values
        (?, ?, ?, ?, ?, ?, ?, ?)
2025-12-06 01:55:54.189 [main] DEBUG [tfms-truck-fleet-management-system] [] org.hibernate.SQL - 
    select
        pd1_0.id 
    from
        parcels pd1_0 
    where
        pd1_0.name=? 
    fetch
        first ? rows only
Hibernate: 
    select
        pd1_0.id 
    from
        parcels pd1_0 
    where
        pd1_0.name=? 
    fetch
        first ? rows only
2025-12-06 01:55:54.190 [main] DEBUG [tfms-truck-fleet-management-system] [] org.hibernate.SQL - 
    insert 
    into
        parcels
        (active, created_at, delivery_instructions, delivery_location_id, estimated_travel_time, name, planned_delivery_date, recipient_name, recipient_phone, status, stop_id, updated_at, volume, warehouse_id, weight) 
    values
        (?, ?, ?, ?, ?, ?, ?, ?, ?, ?, ?, ?, ?, ?, ?)
Hibernate: 
    insert 
    into
        parcels
        (active, created_at, delivery_instructions, delivery_location_id, estimated_travel_time, name, planned_delivery_date, recipient_name, recipient_phone, status, stop_id, updated_at, volume, warehouse_id, weight) 
    values
        (?, ?, ?, ?, ?, ?, ?, ?, ?, ?, ?, ?, ?, ?, ?)
2025-12-06 01:55:54.194 [main] DEBUG [tfms-truck-fleet-management-system] [] org.hibernate.SQL - 
    select
        ld1_0.id,
        ld1_0.address,
        ld1_0.city,
        ld1_0.created_at,
        ld1_0.is_active,
        ld1_0.latitude,
        ld1_0.longitude,
        ld1_0.postal_code,
        ld1_0.updated_at 
    from
        locations ld1_0 
    where
        ld1_0.postal_code=?
Hibernate: 
    select
        ld1_0.id,
        ld1_0.address,
        ld1_0.city,
        ld1_0.created_at,
        ld1_0.is_active,
        ld1_0.latitude,
        ld1_0.longitude,
        ld1_0.postal_code,
        ld1_0.updated_at 
    from
        locations ld1_0 
    where
        ld1_0.postal_code=?
2025-12-06 01:55:54.195 [main] DEBUG [tfms-truck-fleet-management-system] [] org.hibernate.SQL - 
    insert 
    into
        locations
        (address, city, created_at, is_active, latitude, longitude, postal_code, updated_at) 
    values
        (?, ?, ?, ?, ?, ?, ?, ?)
Hibernate: 
    insert 
    into
        locations
        (address, city, created_at, is_active, latitude, longitude, postal_code, updated_at) 
    values
        (?, ?, ?, ?, ?, ?, ?, ?)
2025-12-06 01:55:54.200 [main] DEBUG [tfms-truck-fleet-management-system] [] org.hibernate.SQL - 
    select
        pd1_0.id 
    from
        parcels pd1_0 
    where
        pd1_0.name=? 
    fetch
        first ? rows only
Hibernate: 
    select
        pd1_0.id 
    from
        parcels pd1_0 
    where
        pd1_0.name=? 
    fetch
        first ? rows only
2025-12-06 01:55:54.201 [main] DEBUG [tfms-truck-fleet-management-system] [] org.hibernate.SQL - 
    insert 
    into
        parcels
        (active, created_at, delivery_instructions, delivery_location_id, estimated_travel_time, name, planned_delivery_date, recipient_name, recipient_phone, status, stop_id, updated_at, volume, warehouse_id, weight) 
    values
        (?, ?, ?, ?, ?, ?, ?, ?, ?, ?, ?, ?, ?, ?, ?)
Hibernate: 
    insert 
    into
        parcels
        (active, created_at, delivery_instructions, delivery_location_id, estimated_travel_time, name, planned_delivery_date, recipient_name, recipient_phone, status, stop_id, updated_at, volume, warehouse_id, weight) 
    values
        (?, ?, ?, ?, ?, ?, ?, ?, ?, ?, ?, ?, ?, ?, ?)
2025-12-06 01:55:54.204 [main] DEBUG [tfms-truck-fleet-management-system] [] org.hibernate.SQL - 
    select
        ld1_0.id,
        ld1_0.address,
        ld1_0.city,
        ld1_0.created_at,
        ld1_0.is_active,
        ld1_0.latitude,
        ld1_0.longitude,
        ld1_0.postal_code,
        ld1_0.updated_at 
    from
        locations ld1_0 
    where
        ld1_0.postal_code=?
Hibernate: 
    select
        ld1_0.id,
        ld1_0.address,
        ld1_0.city,
        ld1_0.created_at,
        ld1_0.is_active,
        ld1_0.latitude,
        ld1_0.longitude,
        ld1_0.postal_code,
        ld1_0.updated_at 
    from
        locations ld1_0 
    where
        ld1_0.postal_code=?
2025-12-06 01:55:54.205 [main] DEBUG [tfms-truck-fleet-management-system] [] org.hibernate.SQL - 
    insert 
    into
        locations
        (address, city, created_at, is_active, latitude, longitude, postal_code, updated_at) 
    values
        (?, ?, ?, ?, ?, ?, ?, ?)
Hibernate: 
    insert 
    into
        locations
        (address, city, created_at, is_active, latitude, longitude, postal_code, updated_at) 
    values
        (?, ?, ?, ?, ?, ?, ?, ?)
2025-12-06 01:55:54.208 [main] DEBUG [tfms-truck-fleet-management-system] [] org.hibernate.SQL - 
    select
        pd1_0.id 
    from
        parcels pd1_0 
    where
        pd1_0.name=? 
    fetch
        first ? rows only
Hibernate: 
    select
        pd1_0.id 
    from
        parcels pd1_0 
    where
        pd1_0.name=? 
    fetch
        first ? rows only
2025-12-06 01:55:54.209 [main] DEBUG [tfms-truck-fleet-management-system] [] org.hibernate.SQL - 
    insert 
    into
        parcels
        (active, created_at, delivery_instructions, delivery_location_id, estimated_travel_time, name, planned_delivery_date, recipient_name, recipient_phone, status, stop_id, updated_at, volume, warehouse_id, weight) 
    values
        (?, ?, ?, ?, ?, ?, ?, ?, ?, ?, ?, ?, ?, ?, ?)
Hibernate: 
    insert 
    into
        parcels
        (active, created_at, delivery_instructions, delivery_location_id, estimated_travel_time, name, planned_delivery_date, recipient_name, recipient_phone, status, stop_id, updated_at, volume, warehouse_id, weight) 
    values
        (?, ?, ?, ?, ?, ?, ?, ?, ?, ?, ?, ?, ?, ?, ?)
2025-12-06 01:55:54.212 [main] DEBUG [tfms-truck-fleet-management-system] [] org.hibernate.SQL - 
    select
        ld1_0.id,
        ld1_0.address,
        ld1_0.city,
        ld1_0.created_at,
        ld1_0.is_active,
        ld1_0.latitude,
        ld1_0.longitude,
        ld1_0.postal_code,
        ld1_0.updated_at 
    from
        locations ld1_0 
    where
        ld1_0.postal_code=?
Hibernate: 
    select
        ld1_0.id,
        ld1_0.address,
        ld1_0.city,
        ld1_0.created_at,
        ld1_0.is_active,
        ld1_0.latitude,
        ld1_0.longitude,
        ld1_0.postal_code,
        ld1_0.updated_at 
    from
        locations ld1_0 
    where
        ld1_0.postal_code=?
2025-12-06 01:55:54.213 [main] DEBUG [tfms-truck-fleet-management-system] [] org.hibernate.SQL - 
    insert 
    into
        locations
        (address, city, created_at, is_active, latitude, longitude, postal_code, updated_at) 
    values
        (?, ?, ?, ?, ?, ?, ?, ?)
Hibernate: 
    insert 
    into
        locations
        (address, city, created_at, is_active, latitude, longitude, postal_code, updated_at) 
    values
        (?, ?, ?, ?, ?, ?, ?, ?)
2025-12-06 01:55:54.216 [main] DEBUG [tfms-truck-fleet-management-system] [] org.hibernate.SQL - 
    select
        pd1_0.id 
    from
        parcels pd1_0 
    where
        pd1_0.name=? 
    fetch
        first ? rows only
Hibernate: 
    select
        pd1_0.id 
    from
        parcels pd1_0 
    where
        pd1_0.name=? 
    fetch
        first ? rows only
2025-12-06 01:55:54.217 [main] DEBUG [tfms-truck-fleet-management-system] [] org.hibernate.SQL - 
    insert 
    into
        parcels
        (active, created_at, delivery_instructions, delivery_location_id, estimated_travel_time, name, planned_delivery_date, recipient_name, recipient_phone, status, stop_id, updated_at, volume, warehouse_id, weight) 
    values
        (?, ?, ?, ?, ?, ?, ?, ?, ?, ?, ?, ?, ?, ?, ?)
Hibernate: 
    insert 
    into
        parcels
        (active, created_at, delivery_instructions, delivery_location_id, estimated_travel_time, name, planned_delivery_date, recipient_name, recipient_phone, status, stop_id, updated_at, volume, warehouse_id, weight) 
    values
        (?, ?, ?, ?, ?, ?, ?, ?, ?, ?, ?, ?, ?, ?, ?)
2025-12-06 01:55:54.220 [main] DEBUG [tfms-truck-fleet-management-system] [] org.hibernate.SQL - 
    select
        ld1_0.id,
        ld1_0.address,
        ld1_0.city,
        ld1_0.created_at,
        ld1_0.is_active,
        ld1_0.latitude,
        ld1_0.longitude,
        ld1_0.postal_code,
        ld1_0.updated_at 
    from
        locations ld1_0 
    where
        ld1_0.postal_code=?
Hibernate: 
    select
        ld1_0.id,
        ld1_0.address,
        ld1_0.city,
        ld1_0.created_at,
        ld1_0.is_active,
        ld1_0.latitude,
        ld1_0.longitude,
        ld1_0.postal_code,
        ld1_0.updated_at 
    from
        locations ld1_0 
    where
        ld1_0.postal_code=?
2025-12-06 01:55:54.221 [main] DEBUG [tfms-truck-fleet-management-system] [] org.hibernate.SQL - 
    insert 
    into
        locations
        (address, city, created_at, is_active, latitude, longitude, postal_code, updated_at) 
    values
        (?, ?, ?, ?, ?, ?, ?, ?)
Hibernate: 
    insert 
    into
        locations
        (address, city, created_at, is_active, latitude, longitude, postal_code, updated_at) 
    values
        (?, ?, ?, ?, ?, ?, ?, ?)
2025-12-06 01:55:54.225 [main] DEBUG [tfms-truck-fleet-management-system] [] org.hibernate.SQL - 
    select
        pd1_0.id 
    from
        parcels pd1_0 
    where
        pd1_0.name=? 
    fetch
        first ? rows only
Hibernate: 
    select
        pd1_0.id 
    from
        parcels pd1_0 
    where
        pd1_0.name=? 
    fetch
        first ? rows only
2025-12-06 01:55:54.226 [main] DEBUG [tfms-truck-fleet-management-system] [] org.hibernate.SQL - 
    insert 
    into
        parcels
        (active, created_at, delivery_instructions, delivery_location_id, estimated_travel_time, name, planned_delivery_date, recipient_name, recipient_phone, status, stop_id, updated_at, volume, warehouse_id, weight) 
    values
        (?, ?, ?, ?, ?, ?, ?, ?, ?, ?, ?, ?, ?, ?, ?)
Hibernate: 
    insert 
    into
        parcels
        (active, created_at, delivery_instructions, delivery_location_id, estimated_travel_time, name, planned_delivery_date, recipient_name, recipient_phone, status, stop_id, updated_at, volume, warehouse_id, weight) 
    values
        (?, ?, ?, ?, ?, ?, ?, ?, ?, ?, ?, ?, ?, ?, ?)
2025-12-06 01:55:54.230 [main] DEBUG [tfms-truck-fleet-management-system] [] org.hibernate.SQL - 
    select
        ld1_0.id,
        ld1_0.address,
        ld1_0.city,
        ld1_0.created_at,
        ld1_0.is_active,
        ld1_0.latitude,
        ld1_0.longitude,
        ld1_0.postal_code,
        ld1_0.updated_at 
    from
        locations ld1_0 
    where
        ld1_0.postal_code=?
Hibernate: 
    select
        ld1_0.id,
        ld1_0.address,
        ld1_0.city,
        ld1_0.created_at,
        ld1_0.is_active,
        ld1_0.latitude,
        ld1_0.longitude,
        ld1_0.postal_code,
        ld1_0.updated_at 
    from
        locations ld1_0 
    where
        ld1_0.postal_code=?
2025-12-06 01:55:54.231 [main] DEBUG [tfms-truck-fleet-management-system] [] org.hibernate.SQL - 
    insert 
    into
        locations
        (address, city, created_at, is_active, latitude, longitude, postal_code, updated_at) 
    values
        (?, ?, ?, ?, ?, ?, ?, ?)
Hibernate: 
    insert 
    into
        locations
        (address, city, created_at, is_active, latitude, longitude, postal_code, updated_at) 
    values
        (?, ?, ?, ?, ?, ?, ?, ?)
2025-12-06 01:55:54.234 [main] DEBUG [tfms-truck-fleet-management-system] [] org.hibernate.SQL - 
    select
        pd1_0.id 
    from
        parcels pd1_0 
    where
        pd1_0.name=? 
    fetch
        first ? rows only
Hibernate: 
    select
        pd1_0.id 
    from
        parcels pd1_0 
    where
        pd1_0.name=? 
    fetch
        first ? rows only
2025-12-06 01:55:54.235 [main] DEBUG [tfms-truck-fleet-management-system] [] org.hibernate.SQL - 
    insert 
    into
        parcels
        (active, created_at, delivery_instructions, delivery_location_id, estimated_travel_time, name, planned_delivery_date, recipient_name, recipient_phone, status, stop_id, updated_at, volume, warehouse_id, weight) 
    values
        (?, ?, ?, ?, ?, ?, ?, ?, ?, ?, ?, ?, ?, ?, ?)
Hibernate: 
    insert 
    into
        parcels
        (active, created_at, delivery_instructions, delivery_location_id, estimated_travel_time, name, planned_delivery_date, recipient_name, recipient_phone, status, stop_id, updated_at, volume, warehouse_id, weight) 
    values
        (?, ?, ?, ?, ?, ?, ?, ?, ?, ?, ?, ?, ?, ?, ?)
2025-12-06 01:55:54.239 [main] DEBUG [tfms-truck-fleet-management-system] [] org.hibernate.SQL - 
    select
        ld1_0.id,
        ld1_0.address,
        ld1_0.city,
        ld1_0.created_at,
        ld1_0.is_active,
        ld1_0.latitude,
        ld1_0.longitude,
        ld1_0.postal_code,
        ld1_0.updated_at 
    from
        locations ld1_0 
    where
        ld1_0.postal_code=?
Hibernate: 
    select
        ld1_0.id,
        ld1_0.address,
        ld1_0.city,
        ld1_0.created_at,
        ld1_0.is_active,
        ld1_0.latitude,
        ld1_0.longitude,
        ld1_0.postal_code,
        ld1_0.updated_at 
    from
        locations ld1_0 
    where
        ld1_0.postal_code=?
2025-12-06 01:55:54.240 [main] DEBUG [tfms-truck-fleet-management-system] [] org.hibernate.SQL - 
    insert 
    into
        locations
        (address, city, created_at, is_active, latitude, longitude, postal_code, updated_at) 
    values
        (?, ?, ?, ?, ?, ?, ?, ?)
Hibernate: 
    insert 
    into
        locations
        (address, city, created_at, is_active, latitude, longitude, postal_code, updated_at) 
    values
        (?, ?, ?, ?, ?, ?, ?, ?)
2025-12-06 01:55:54.244 [main] DEBUG [tfms-truck-fleet-management-system] [] org.hibernate.SQL - 
    select
        pd1_0.id 
    from
        parcels pd1_0 
    where
        pd1_0.name=? 
    fetch
        first ? rows only
Hibernate: 
    select
        pd1_0.id 
    from
        parcels pd1_0 
    where
        pd1_0.name=? 
    fetch
        first ? rows only
2025-12-06 01:55:54.245 [main] DEBUG [tfms-truck-fleet-management-system] [] org.hibernate.SQL - 
    insert 
    into
        parcels
        (active, created_at, delivery_instructions, delivery_location_id, estimated_travel_time, name, planned_delivery_date, recipient_name, recipient_phone, status, stop_id, updated_at, volume, warehouse_id, weight) 
    values
        (?, ?, ?, ?, ?, ?, ?, ?, ?, ?, ?, ?, ?, ?, ?)
Hibernate: 
    insert 
    into
        parcels
        (active, created_at, delivery_instructions, delivery_location_id, estimated_travel_time, name, planned_delivery_date, recipient_name, recipient_phone, status, stop_id, updated_at, volume, warehouse_id, weight) 
    values
        (?, ?, ?, ?, ?, ?, ?, ?, ?, ?, ?, ?, ?, ?, ?)
2025-12-06 01:55:54.249 [main] DEBUG [tfms-truck-fleet-management-system] [] org.hibernate.SQL - 
    select
        ld1_0.id,
        ld1_0.address,
        ld1_0.city,
        ld1_0.created_at,
        ld1_0.is_active,
        ld1_0.latitude,
        ld1_0.longitude,
        ld1_0.postal_code,
        ld1_0.updated_at 
    from
        locations ld1_0 
    where
        ld1_0.postal_code=?
Hibernate: 
    select
        ld1_0.id,
        ld1_0.address,
        ld1_0.city,
        ld1_0.created_at,
        ld1_0.is_active,
        ld1_0.latitude,
        ld1_0.longitude,
        ld1_0.postal_code,
        ld1_0.updated_at 
    from
        locations ld1_0 
    where
        ld1_0.postal_code=?
2025-12-06 01:55:54.250 [main] DEBUG [tfms-truck-fleet-management-system] [] org.hibernate.SQL - 
    insert 
    into
        locations
        (address, city, created_at, is_active, latitude, longitude, postal_code, updated_at) 
    values
        (?, ?, ?, ?, ?, ?, ?, ?)
Hibernate: 
    insert 
    into
        locations
        (address, city, created_at, is_active, latitude, longitude, postal_code, updated_at) 
    values
        (?, ?, ?, ?, ?, ?, ?, ?)
2025-12-06 01:55:54.254 [main] DEBUG [tfms-truck-fleet-management-system] [] org.hibernate.SQL - 
    select
        pd1_0.id 
    from
        parcels pd1_0 
    where
        pd1_0.name=? 
    fetch
        first ? rows only
Hibernate: 
    select
        pd1_0.id 
    from
        parcels pd1_0 
    where
        pd1_0.name=? 
    fetch
        first ? rows only
2025-12-06 01:55:54.255 [main] DEBUG [tfms-truck-fleet-management-system] [] org.hibernate.SQL - 
    insert 
    into
        parcels
        (active, created_at, delivery_instructions, delivery_location_id, estimated_travel_time, name, planned_delivery_date, recipient_name, recipient_phone, status, stop_id, updated_at, volume, warehouse_id, weight) 
    values
        (?, ?, ?, ?, ?, ?, ?, ?, ?, ?, ?, ?, ?, ?, ?)
Hibernate: 
    insert 
    into
        parcels
        (active, created_at, delivery_instructions, delivery_location_id, estimated_travel_time, name, planned_delivery_date, recipient_name, recipient_phone, status, stop_id, updated_at, volume, warehouse_id, weight) 
    values
        (?, ?, ?, ?, ?, ?, ?, ?, ?, ?, ?, ?, ?, ?, ?)
2025-12-06 01:55:54.259 [main] DEBUG [tfms-truck-fleet-management-system] [] org.hibernate.SQL - 
    select
        ld1_0.id,
        ld1_0.address,
        ld1_0.city,
        ld1_0.created_at,
        ld1_0.is_active,
        ld1_0.latitude,
        ld1_0.longitude,
        ld1_0.postal_code,
        ld1_0.updated_at 
    from
        locations ld1_0 
    where
        ld1_0.postal_code=?
Hibernate: 
    select
        ld1_0.id,
        ld1_0.address,
        ld1_0.city,
        ld1_0.created_at,
        ld1_0.is_active,
        ld1_0.latitude,
        ld1_0.longitude,
        ld1_0.postal_code,
        ld1_0.updated_at 
    from
        locations ld1_0 
    where
        ld1_0.postal_code=?
2025-12-06 01:55:54.260 [main] DEBUG [tfms-truck-fleet-management-system] [] org.hibernate.SQL - 
    insert 
    into
        locations
        (address, city, created_at, is_active, latitude, longitude, postal_code, updated_at) 
    values
        (?, ?, ?, ?, ?, ?, ?, ?)
Hibernate: 
    insert 
    into
        locations
        (address, city, created_at, is_active, latitude, longitude, postal_code, updated_at) 
    values
        (?, ?, ?, ?, ?, ?, ?, ?)
2025-12-06 01:55:54.265 [main] DEBUG [tfms-truck-fleet-management-system] [] org.hibernate.SQL - 
    select
        pd1_0.id 
    from
        parcels pd1_0 
    where
        pd1_0.name=? 
    fetch
        first ? rows only
Hibernate: 
    select
        pd1_0.id 
    from
        parcels pd1_0 
    where
        pd1_0.name=? 
    fetch
        first ? rows only
2025-12-06 01:55:54.266 [main] DEBUG [tfms-truck-fleet-management-system] [] org.hibernate.SQL - 
    insert 
    into
        parcels
        (active, created_at, delivery_instructions, delivery_location_id, estimated_travel_time, name, planned_delivery_date, recipient_name, recipient_phone, status, stop_id, updated_at, volume, warehouse_id, weight) 
    values
        (?, ?, ?, ?, ?, ?, ?, ?, ?, ?, ?, ?, ?, ?, ?)
Hibernate: 
    insert 
    into
        parcels
        (active, created_at, delivery_instructions, delivery_location_id, estimated_travel_time, name, planned_delivery_date, recipient_name, recipient_phone, status, stop_id, updated_at, volume, warehouse_id, weight) 
    values
        (?, ?, ?, ?, ?, ?, ?, ?, ?, ?, ?, ?, ?, ?, ?)
2025-12-06 01:55:54.270 [main] DEBUG [tfms-truck-fleet-management-system] [] org.hibernate.SQL - 
    select
        ld1_0.id,
        ld1_0.address,
        ld1_0.city,
        ld1_0.created_at,
        ld1_0.is_active,
        ld1_0.latitude,
        ld1_0.longitude,
        ld1_0.postal_code,
        ld1_0.updated_at 
    from
        locations ld1_0 
    where
        ld1_0.postal_code=?
Hibernate: 
    select
        ld1_0.id,
        ld1_0.address,
        ld1_0.city,
        ld1_0.created_at,
        ld1_0.is_active,
        ld1_0.latitude,
        ld1_0.longitude,
        ld1_0.postal_code,
        ld1_0.updated_at 
    from
        locations ld1_0 
    where
        ld1_0.postal_code=?
2025-12-06 01:55:54.271 [main] DEBUG [tfms-truck-fleet-management-system] [] org.hibernate.SQL - 
    insert 
    into
        locations
        (address, city, created_at, is_active, latitude, longitude, postal_code, updated_at) 
    values
        (?, ?, ?, ?, ?, ?, ?, ?)
Hibernate: 
    insert 
    into
        locations
        (address, city, created_at, is_active, latitude, longitude, postal_code, updated_at) 
    values
        (?, ?, ?, ?, ?, ?, ?, ?)
2025-12-06 01:55:54.274 [main] DEBUG [tfms-truck-fleet-management-system] [] org.hibernate.SQL - 
    select
        pd1_0.id 
    from
        parcels pd1_0 
    where
        pd1_0.name=? 
    fetch
        first ? rows only
Hibernate: 
    select
        pd1_0.id 
    from
        parcels pd1_0 
    where
        pd1_0.name=? 
    fetch
        first ? rows only
2025-12-06 01:55:54.275 [main] DEBUG [tfms-truck-fleet-management-system] [] org.hibernate.SQL - 
    insert 
    into
        parcels
        (active, created_at, delivery_instructions, delivery_location_id, estimated_travel_time, name, planned_delivery_date, recipient_name, recipient_phone, status, stop_id, updated_at, volume, warehouse_id, weight) 
    values
        (?, ?, ?, ?, ?, ?, ?, ?, ?, ?, ?, ?, ?, ?, ?)
Hibernate: 
    insert 
    into
        parcels
        (active, created_at, delivery_instructions, delivery_location_id, estimated_travel_time, name, planned_delivery_date, recipient_name, recipient_phone, status, stop_id, updated_at, volume, warehouse_id, weight) 
    values
        (?, ?, ?, ?, ?, ?, ?, ?, ?, ?, ?, ?, ?, ?, ?)
2025-12-06 01:55:54.278 [main] DEBUG [tfms-truck-fleet-management-system] [] org.hibernate.SQL - 
    select
        ld1_0.id,
        ld1_0.address,
        ld1_0.city,
        ld1_0.created_at,
        ld1_0.is_active,
        ld1_0.latitude,
        ld1_0.longitude,
        ld1_0.postal_code,
        ld1_0.updated_at 
    from
        locations ld1_0 
    where
        ld1_0.postal_code=?
Hibernate: 
    select
        ld1_0.id,
        ld1_0.address,
        ld1_0.city,
        ld1_0.created_at,
        ld1_0.is_active,
        ld1_0.latitude,
        ld1_0.longitude,
        ld1_0.postal_code,
        ld1_0.updated_at 
    from
        locations ld1_0 
    where
        ld1_0.postal_code=?
2025-12-06 01:55:54.279 [main] DEBUG [tfms-truck-fleet-management-system] [] org.hibernate.SQL - 
    insert 
    into
        locations
        (address, city, created_at, is_active, latitude, longitude, postal_code, updated_at) 
    values
        (?, ?, ?, ?, ?, ?, ?, ?)
Hibernate: 
    insert 
    into
        locations
        (address, city, created_at, is_active, latitude, longitude, postal_code, updated_at) 
    values
        (?, ?, ?, ?, ?, ?, ?, ?)
2025-12-06 01:55:54.282 [main] DEBUG [tfms-truck-fleet-management-system] [] org.hibernate.SQL - 
    select
        pd1_0.id 
    from
        parcels pd1_0 
    where
        pd1_0.name=? 
    fetch
        first ? rows only
Hibernate: 
    select
        pd1_0.id 
    from
        parcels pd1_0 
    where
        pd1_0.name=? 
    fetch
        first ? rows only
2025-12-06 01:55:54.283 [main] DEBUG [tfms-truck-fleet-management-system] [] org.hibernate.SQL - 
    insert 
    into
        parcels
        (active, created_at, delivery_instructions, delivery_location_id, estimated_travel_time, name, planned_delivery_date, recipient_name, recipient_phone, status, stop_id, updated_at, volume, warehouse_id, weight) 
    values
        (?, ?, ?, ?, ?, ?, ?, ?, ?, ?, ?, ?, ?, ?, ?)
Hibernate: 
    insert 
    into
        parcels
        (active, created_at, delivery_instructions, delivery_location_id, estimated_travel_time, name, planned_delivery_date, recipient_name, recipient_phone, status, stop_id, updated_at, volume, warehouse_id, weight) 
    values
        (?, ?, ?, ?, ?, ?, ?, ?, ?, ?, ?, ?, ?, ?, ?)
2025-12-06 01:55:54.287 [main] DEBUG [tfms-truck-fleet-management-system] [] org.hibernate.SQL - 
    select
        ld1_0.id,
        ld1_0.address,
        ld1_0.city,
        ld1_0.created_at,
        ld1_0.is_active,
        ld1_0.latitude,
        ld1_0.longitude,
        ld1_0.postal_code,
        ld1_0.updated_at 
    from
        locations ld1_0 
    where
        ld1_0.postal_code=?
Hibernate: 
    select
        ld1_0.id,
        ld1_0.address,
        ld1_0.city,
        ld1_0.created_at,
        ld1_0.is_active,
        ld1_0.latitude,
        ld1_0.longitude,
        ld1_0.postal_code,
        ld1_0.updated_at 
    from
        locations ld1_0 
    where
        ld1_0.postal_code=?
2025-12-06 01:55:54.288 [main] DEBUG [tfms-truck-fleet-management-system] [] org.hibernate.SQL - 
    insert 
    into
        locations
        (address, city, created_at, is_active, latitude, longitude, postal_code, updated_at) 
    values
        (?, ?, ?, ?, ?, ?, ?, ?)
Hibernate: 
    insert 
    into
        locations
        (address, city, created_at, is_active, latitude, longitude, postal_code, updated_at) 
    values
        (?, ?, ?, ?, ?, ?, ?, ?)
2025-12-06 01:55:54.292 [main] DEBUG [tfms-truck-fleet-management-system] [] org.hibernate.SQL - 
    select
        pd1_0.id 
    from
        parcels pd1_0 
    where
        pd1_0.name=? 
    fetch
        first ? rows only
Hibernate: 
    select
        pd1_0.id 
    from
        parcels pd1_0 
    where
        pd1_0.name=? 
    fetch
        first ? rows only
2025-12-06 01:55:54.293 [main] DEBUG [tfms-truck-fleet-management-system] [] org.hibernate.SQL - 
    insert 
    into
        parcels
        (active, created_at, delivery_instructions, delivery_location_id, estimated_travel_time, name, planned_delivery_date, recipient_name, recipient_phone, status, stop_id, updated_at, volume, warehouse_id, weight) 
    values
        (?, ?, ?, ?, ?, ?, ?, ?, ?, ?, ?, ?, ?, ?, ?)
Hibernate: 
    insert 
    into
        parcels
        (active, created_at, delivery_instructions, delivery_location_id, estimated_travel_time, name, planned_delivery_date, recipient_name, recipient_phone, status, stop_id, updated_at, volume, warehouse_id, weight) 
    values
        (?, ?, ?, ?, ?, ?, ?, ?, ?, ?, ?, ?, ?, ?, ?)
2025-12-06 01:55:54.296 [main] DEBUG [tfms-truck-fleet-management-system] [] org.hibernate.SQL - 
    select
        ld1_0.id,
        ld1_0.address,
        ld1_0.city,
        ld1_0.created_at,
        ld1_0.is_active,
        ld1_0.latitude,
        ld1_0.longitude,
        ld1_0.postal_code,
        ld1_0.updated_at 
    from
        locations ld1_0 
    where
        ld1_0.postal_code=?
Hibernate: 
    select
        ld1_0.id,
        ld1_0.address,
        ld1_0.city,
        ld1_0.created_at,
        ld1_0.is_active,
        ld1_0.latitude,
        ld1_0.longitude,
        ld1_0.postal_code,
        ld1_0.updated_at 
    from
        locations ld1_0 
    where
        ld1_0.postal_code=?
2025-12-06 01:55:54.297 [main] DEBUG [tfms-truck-fleet-management-system] [] org.hibernate.SQL - 
    insert 
    into
        locations
        (address, city, created_at, is_active, latitude, longitude, postal_code, updated_at) 
    values
        (?, ?, ?, ?, ?, ?, ?, ?)
Hibernate: 
    insert 
    into
        locations
        (address, city, created_at, is_active, latitude, longitude, postal_code, updated_at) 
    values
        (?, ?, ?, ?, ?, ?, ?, ?)
2025-12-06 01:55:54.300 [main] DEBUG [tfms-truck-fleet-management-system] [] org.hibernate.SQL - 
    select
        pd1_0.id 
    from
        parcels pd1_0 
    where
        pd1_0.name=? 
    fetch
        first ? rows only
Hibernate: 
    select
        pd1_0.id 
    from
        parcels pd1_0 
    where
        pd1_0.name=? 
    fetch
        first ? rows only
2025-12-06 01:55:54.301 [main] DEBUG [tfms-truck-fleet-management-system] [] org.hibernate.SQL - 
    insert 
    into
        parcels
        (active, created_at, delivery_instructions, delivery_location_id, estimated_travel_time, name, planned_delivery_date, recipient_name, recipient_phone, status, stop_id, updated_at, volume, warehouse_id, weight) 
    values
        (?, ?, ?, ?, ?, ?, ?, ?, ?, ?, ?, ?, ?, ?, ?)
Hibernate: 
    insert 
    into
        parcels
        (active, created_at, delivery_instructions, delivery_location_id, estimated_travel_time, name, planned_delivery_date, recipient_name, recipient_phone, status, stop_id, updated_at, volume, warehouse_id, weight) 
    values
        (?, ?, ?, ?, ?, ?, ?, ?, ?, ?, ?, ?, ?, ?, ?)
2025-12-06 01:55:54.304 [main] DEBUG [tfms-truck-fleet-management-system] [] org.hibernate.SQL - 
    select
        ld1_0.id,
        ld1_0.address,
        ld1_0.city,
        ld1_0.created_at,
        ld1_0.is_active,
        ld1_0.latitude,
        ld1_0.longitude,
        ld1_0.postal_code,
        ld1_0.updated_at 
    from
        locations ld1_0 
    where
        ld1_0.postal_code=?
Hibernate: 
    select
        ld1_0.id,
        ld1_0.address,
        ld1_0.city,
        ld1_0.created_at,
        ld1_0.is_active,
        ld1_0.latitude,
        ld1_0.longitude,
        ld1_0.postal_code,
        ld1_0.updated_at 
    from
        locations ld1_0 
    where
        ld1_0.postal_code=?
2025-12-06 01:55:54.305 [main] DEBUG [tfms-truck-fleet-management-system] [] org.hibernate.SQL - 
    insert 
    into
        locations
        (address, city, created_at, is_active, latitude, longitude, postal_code, updated_at) 
    values
        (?, ?, ?, ?, ?, ?, ?, ?)
Hibernate: 
    insert 
    into
        locations
        (address, city, created_at, is_active, latitude, longitude, postal_code, updated_at) 
    values
        (?, ?, ?, ?, ?, ?, ?, ?)
2025-12-06 01:55:54.309 [main] DEBUG [tfms-truck-fleet-management-system] [] org.hibernate.SQL - 
    select
        pd1_0.id 
    from
        parcels pd1_0 
    where
        pd1_0.name=? 
    fetch
        first ? rows only
Hibernate: 
    select
        pd1_0.id 
    from
        parcels pd1_0 
    where
        pd1_0.name=? 
    fetch
        first ? rows only
2025-12-06 01:55:54.310 [main] DEBUG [tfms-truck-fleet-management-system] [] org.hibernate.SQL - 
    insert 
    into
        parcels
        (active, created_at, delivery_instructions, delivery_location_id, estimated_travel_time, name, planned_delivery_date, recipient_name, recipient_phone, status, stop_id, updated_at, volume, warehouse_id, weight) 
    values
        (?, ?, ?, ?, ?, ?, ?, ?, ?, ?, ?, ?, ?, ?, ?)
Hibernate: 
    insert 
    into
        parcels
        (active, created_at, delivery_instructions, delivery_location_id, estimated_travel_time, name, planned_delivery_date, recipient_name, recipient_phone, status, stop_id, updated_at, volume, warehouse_id, weight) 
    values
        (?, ?, ?, ?, ?, ?, ?, ?, ?, ?, ?, ?, ?, ?, ?)
2025-12-06 01:55:54.314 [main] DEBUG [tfms-truck-fleet-management-system] [] org.hibernate.SQL - 
    select
        ld1_0.id,
        ld1_0.address,
        ld1_0.city,
        ld1_0.created_at,
        ld1_0.is_active,
        ld1_0.latitude,
        ld1_0.longitude,
        ld1_0.postal_code,
        ld1_0.updated_at 
    from
        locations ld1_0 
    where
        ld1_0.postal_code=?
Hibernate: 
    select
        ld1_0.id,
        ld1_0.address,
        ld1_0.city,
        ld1_0.created_at,
        ld1_0.is_active,
        ld1_0.latitude,
        ld1_0.longitude,
        ld1_0.postal_code,
        ld1_0.updated_at 
    from
        locations ld1_0 
    where
        ld1_0.postal_code=?
2025-12-06 01:55:54.315 [main] DEBUG [tfms-truck-fleet-management-system] [] org.hibernate.SQL - 
    insert 
    into
        locations
        (address, city, created_at, is_active, latitude, longitude, postal_code, updated_at) 
    values
        (?, ?, ?, ?, ?, ?, ?, ?)
Hibernate: 
    insert 
    into
        locations
        (address, city, created_at, is_active, latitude, longitude, postal_code, updated_at) 
    values
        (?, ?, ?, ?, ?, ?, ?, ?)
2025-12-06 01:55:54.319 [main] DEBUG [tfms-truck-fleet-management-system] [] org.hibernate.SQL - 
    select
        pd1_0.id 
    from
        parcels pd1_0 
    where
        pd1_0.name=? 
    fetch
        first ? rows only
Hibernate: 
    select
        pd1_0.id 
    from
        parcels pd1_0 
    where
        pd1_0.name=? 
    fetch
        first ? rows only
2025-12-06 01:55:54.320 [main] DEBUG [tfms-truck-fleet-management-system] [] org.hibernate.SQL - 
    insert 
    into
        parcels
        (active, created_at, delivery_instructions, delivery_location_id, estimated_travel_time, name, planned_delivery_date, recipient_name, recipient_phone, status, stop_id, updated_at, volume, warehouse_id, weight) 
    values
        (?, ?, ?, ?, ?, ?, ?, ?, ?, ?, ?, ?, ?, ?, ?)
Hibernate: 
    insert 
    into
        parcels
        (active, created_at, delivery_instructions, delivery_location_id, estimated_travel_time, name, planned_delivery_date, recipient_name, recipient_phone, status, stop_id, updated_at, volume, warehouse_id, weight) 
    values
        (?, ?, ?, ?, ?, ?, ?, ?, ?, ?, ?, ?, ?, ?, ?)
Created 20 parcels for Warehouse-Apeldoorn in Apeldoorn
✅ Successfully created 200 parcels from 10 warehouses!
2025-12-06 01:55:54.326 [main] DEBUG [tfms-truck-fleet-management-system] [] org.hibernate.SQL - 
    select
        ud1_0.id,
        ud1_0.active,
        ud1_0.api_key,
        ud1_0.created_at,
        ud1_0.email,
        ud1_0.password,
        ud1_0.updated_at,
        ud1_0.user_type,
        ud1_0.username 
    from
        users ud1_0 
    where
        ud1_0.email=?
Hibernate: 
    select
        ud1_0.id,
        ud1_0.active,
        ud1_0.api_key,
        ud1_0.created_at,
        ud1_0.email,
        ud1_0.password,
        ud1_0.updated_at,
        ud1_0.user_type,
        ud1_0.username 
    from
        users ud1_0 
    where
        ud1_0.email=?
2025-12-06 01:55:54.332 [main] DEBUG [tfms-truck-fleet-management-system] [] org.hibernate.SQL - 
    select
        ld1_0.id,
        ld1_0.address,
        ld1_0.city,
        ld1_0.created_at,
        ld1_0.is_active,
        ld1_0.latitude,
        ld1_0.longitude,
        ld1_0.postal_code,
        ld1_0.updated_at 
    from
        locations ld1_0 
    where
        ld1_0.postal_code=?
Hibernate: 
    select
        ld1_0.id,
        ld1_0.address,
        ld1_0.city,
        ld1_0.created_at,
        ld1_0.is_active,
        ld1_0.latitude,
        ld1_0.longitude,
        ld1_0.postal_code,
        ld1_0.updated_at 
    from
        locations ld1_0 
    where
        ld1_0.postal_code=?
2025-12-06 01:55:54.334 [main] DEBUG [tfms-truck-fleet-management-system] [] org.hibernate.SQL - 
    insert 
    into
        locations
        (address, city, created_at, is_active, latitude, longitude, postal_code, updated_at) 
    values
        (?, ?, ?, ?, ?, ?, ?, ?)
Hibernate: 
    insert 
    into
        locations
        (address, city, created_at, is_active, latitude, longitude, postal_code, updated_at) 
    values
        (?, ?, ?, ?, ?, ?, ?, ?)
2025-12-06 01:55:54.340 [main] DEBUG [tfms-truck-fleet-management-system] [] org.hibernate.SQL - 
    select
        dd1_0.id 
    from
        drivers dd1_0 
    where
        dd1_0.user_id=? 
    fetch
        first ? rows only
Hibernate: 
    select
        dd1_0.id 
    from
        drivers dd1_0 
    where
        dd1_0.user_id=? 
    fetch
        first ? rows only
2025-12-06 01:55:54.341 [main] DEBUG [tfms-truck-fleet-management-system] [] org.hibernate.SQL - 
    insert 
    into
        drivers
        (created_at, is_active, is_available, location_id, updated_at, user_id) 
    values
        (?, ?, ?, ?, ?, ?)
Hibernate: 
    insert 
    into
        drivers
        (created_at, is_active, is_available, location_id, updated_at, user_id) 
    values
        (?, ?, ?, ?, ?, ?)
Default Driver created: driver@tfms.com
2025-12-06 01:55:54.345 [main] DEBUG [tfms-truck-fleet-management-system] [] org.hibernate.SQL - 
    select
        ud1_0.id,
        ud1_0.active,
        ud1_0.api_key,
        ud1_0.created_at,
        ud1_0.email,
        ud1_0.password,
        ud1_0.updated_at,
        ud1_0.user_type,
        ud1_0.username 
    from
        users ud1_0 
    where
        ud1_0.email=?
Hibernate: 
    select
        ud1_0.id,
        ud1_0.active,
        ud1_0.api_key,
        ud1_0.created_at,
        ud1_0.email,
        ud1_0.password,
        ud1_0.updated_at,
        ud1_0.user_type,
        ud1_0.username 
    from
        users ud1_0 
    where
        ud1_0.email=?
2025-12-06 01:55:54.349 [main] DEBUG [tfms-truck-fleet-management-system] [] org.hibernate.SQL - 
    select
        ld1_0.id,
        ld1_0.address,
        ld1_0.city,
        ld1_0.created_at,
        ld1_0.is_active,
        ld1_0.latitude,
        ld1_0.longitude,
        ld1_0.postal_code,
        ld1_0.updated_at 
    from
        locations ld1_0 
    where
        ld1_0.postal_code=?
Hibernate: 
    select
        ld1_0.id,
        ld1_0.address,
        ld1_0.city,
        ld1_0.created_at,
        ld1_0.is_active,
        ld1_0.latitude,
        ld1_0.longitude,
        ld1_0.postal_code,
        ld1_0.updated_at 
    from
        locations ld1_0 
    where
        ld1_0.postal_code=?
2025-12-06 01:55:54.349 [main] DEBUG [tfms-truck-fleet-management-system] [] org.hibernate.SQL - 
    insert 
    into
        locations
        (address, city, created_at, is_active, latitude, longitude, postal_code, updated_at) 
    values
        (?, ?, ?, ?, ?, ?, ?, ?)
Hibernate: 
    insert 
    into
        locations
        (address, city, created_at, is_active, latitude, longitude, postal_code, updated_at) 
    values
        (?, ?, ?, ?, ?, ?, ?, ?)
2025-12-06 01:55:54.354 [main] DEBUG [tfms-truck-fleet-management-system] [] org.hibernate.SQL - 
    select
        dd1_0.id 
    from
        drivers dd1_0 
    where
        dd1_0.user_id=? 
    fetch
        first ? rows only
Hibernate: 
    select
        dd1_0.id 
    from
        drivers dd1_0 
    where
        dd1_0.user_id=? 
    fetch
        first ? rows only
2025-12-06 01:55:54.355 [main] DEBUG [tfms-truck-fleet-management-system] [] org.hibernate.SQL - 
    insert 
    into
        drivers
        (created_at, is_active, is_available, location_id, updated_at, user_id) 
    values
        (?, ?, ?, ?, ?, ?)
Hibernate: 
    insert 
    into
        drivers
        (created_at, is_active, is_available, location_id, updated_at, user_id) 
    values
        (?, ?, ?, ?, ?, ?)
Default Driver created: driver2@tfms.com
2025-12-06 01:55:54.359 [main] DEBUG [tfms-truck-fleet-management-system] [] org.hibernate.SQL - 
    select
        ud1_0.id,
        ud1_0.active,
        ud1_0.api_key,
        ud1_0.created_at,
        ud1_0.email,
        ud1_0.password,
        ud1_0.updated_at,
        ud1_0.user_type,
        ud1_0.username 
    from
        users ud1_0 
    where
        ud1_0.email=?
Hibernate: 
    select
        ud1_0.id,
        ud1_0.active,
        ud1_0.api_key,
        ud1_0.created_at,
        ud1_0.email,
        ud1_0.password,
        ud1_0.updated_at,
        ud1_0.user_type,
        ud1_0.username 
    from
        users ud1_0 
    where
        ud1_0.email=?
2025-12-06 01:55:54.362 [main] DEBUG [tfms-truck-fleet-management-system] [] org.hibernate.SQL - 
    select
        ld1_0.id,
        ld1_0.address,
        ld1_0.city,
        ld1_0.created_at,
        ld1_0.is_active,
        ld1_0.latitude,
        ld1_0.longitude,
        ld1_0.postal_code,
        ld1_0.updated_at 
    from
        locations ld1_0 
    where
        ld1_0.postal_code=?
Hibernate: 
    select
        ld1_0.id,
        ld1_0.address,
        ld1_0.city,
        ld1_0.created_at,
        ld1_0.is_active,
        ld1_0.latitude,
        ld1_0.longitude,
        ld1_0.postal_code,
        ld1_0.updated_at 
    from
        locations ld1_0 
    where
        ld1_0.postal_code=?
2025-12-06 01:55:54.366 [main] DEBUG [tfms-truck-fleet-management-system] [] org.hibernate.SQL - 
    select
        dd1_0.id 
    from
        drivers dd1_0 
    where
        dd1_0.user_id=? 
    fetch
        first ? rows only
Hibernate: 
    select
        dd1_0.id 
    from
        drivers dd1_0 
    where
        dd1_0.user_id=? 
    fetch
        first ? rows only
2025-12-06 01:55:54.366 [main] DEBUG [tfms-truck-fleet-management-system] [] org.hibernate.SQL - 
    insert 
    into
        drivers
        (created_at, is_active, is_available, location_id, updated_at, user_id) 
    values
        (?, ?, ?, ?, ?, ?)
Hibernate: 
    insert 
    into
        drivers
        (created_at, is_active, is_available, location_id, updated_at, user_id) 
    values
        (?, ?, ?, ?, ?, ?)
Default Driver created: driver3@tfms.com
Creating 10 trucks with varying capacities...
2025-12-06 01:55:54.370 [main] DEBUG [tfms-truck-fleet-management-system] [] org.hibernate.SQL - 
    select
        td1_0.id 
    from
        trucks td1_0 
    where
        td1_0.plate_number=? 
    fetch
        first ? rows only
Hibernate: 
    select
        td1_0.id 
    from
        trucks td1_0 
    where
        td1_0.plate_number=? 
    fetch
        first ? rows only
2025-12-06 01:55:54.372 [main] DEBUG [tfms-truck-fleet-management-system] [] org.hibernate.SQL - 
    insert 
    into
        trucks
        (created_at, is_active, is_available, last_service_date, last_serviced_by, make, plate_number, truck_type, updated_at, volume) 
    values
        (?, ?, ?, ?, ?, ?, ?, ?, ?, ?)
Hibernate: 
    insert 
    into
        trucks
        (created_at, is_active, is_available, last_service_date, last_serviced_by, make, plate_number, truck_type, updated_at, volume) 
    values
        (?, ?, ?, ?, ?, ?, ?, ?, ?, ?)
Created truck: TRK-001 (SMALL, 15.0m³, Ford Transit)
2025-12-06 01:55:54.381 [main] DEBUG [tfms-truck-fleet-management-system] [] org.hibernate.SQL - 
    select
        td1_0.id 
    from
        trucks td1_0 
    where
        td1_0.plate_number=? 
    fetch
        first ? rows only
Hibernate: 
    select
        td1_0.id 
    from
        trucks td1_0 
    where
        td1_0.plate_number=? 
    fetch
        first ? rows only
2025-12-06 01:55:54.382 [main] DEBUG [tfms-truck-fleet-management-system] [] org.hibernate.SQL - 
    insert 
    into
        trucks
        (created_at, is_active, is_available, last_service_date, last_serviced_by, make, plate_number, truck_type, updated_at, volume) 
    values
        (?, ?, ?, ?, ?, ?, ?, ?, ?, ?)
Hibernate: 
    insert 
    into
        trucks
        (created_at, is_active, is_available, last_service_date, last_serviced_by, make, plate_number, truck_type, updated_at, volume) 
    values
        (?, ?, ?, ?, ?, ?, ?, ?, ?, ?)
Created truck: TRK-002 (SMALL, 18.0m³, Mercedes Sprinter)
2025-12-06 01:55:54.386 [main] DEBUG [tfms-truck-fleet-management-system] [] org.hibernate.SQL - 
    select
        td1_0.id 
    from
        trucks td1_0 
    where
        td1_0.plate_number=? 
    fetch
        first ? rows only
Hibernate: 
    select
        td1_0.id 
    from
        trucks td1_0 
    where
        td1_0.plate_number=? 
    fetch
        first ? rows only
2025-12-06 01:55:54.386 [main] DEBUG [tfms-truck-fleet-management-system] [] org.hibernate.SQL - 
    insert 
    into
        trucks
        (created_at, is_active, is_available, last_service_date, last_serviced_by, make, plate_number, truck_type, updated_at, volume) 
    values
        (?, ?, ?, ?, ?, ?, ?, ?, ?, ?)
Hibernate: 
    insert 
    into
        trucks
        (created_at, is_active, is_available, last_service_date, last_serviced_by, make, plate_number, truck_type, updated_at, volume) 
    values
        (?, ?, ?, ?, ?, ?, ?, ?, ?, ?)
Created truck: TRK-003 (SMALL, 20.0m³, Iveco Daily)
2025-12-06 01:55:54.390 [main] DEBUG [tfms-truck-fleet-management-system] [] org.hibernate.SQL - 
    select
        td1_0.id 
    from
        trucks td1_0 
    where
        td1_0.plate_number=? 
    fetch
        first ? rows only
Hibernate: 
    select
        td1_0.id 
    from
        trucks td1_0 
    where
        td1_0.plate_number=? 
    fetch
        first ? rows only
2025-12-06 01:55:54.390 [main] DEBUG [tfms-truck-fleet-management-system] [] org.hibernate.SQL - 
    insert 
    into
        trucks
        (created_at, is_active, is_available, last_service_date, last_serviced_by, make, plate_number, truck_type, updated_at, volume) 
    values
        (?, ?, ?, ?, ?, ?, ?, ?, ?, ?)
Hibernate: 
    insert 
    into
        trucks
        (created_at, is_active, is_available, last_service_date, last_serviced_by, make, plate_number, truck_type, updated_at, volume) 
    values
        (?, ?, ?, ?, ?, ?, ?, ?, ?, ?)
Created truck: TRK-004 (MEDIUM, 35.0m³, MAN TGL)
2025-12-06 01:55:54.394 [main] DEBUG [tfms-truck-fleet-management-system] [] org.hibernate.SQL - 
    select
        td1_0.id 
    from
        trucks td1_0 
    where
        td1_0.plate_number=? 
    fetch
        first ? rows only
Hibernate: 
    select
        td1_0.id 
    from
        trucks td1_0 
    where
        td1_0.plate_number=? 
    fetch
        first ? rows only
2025-12-06 01:55:54.395 [main] DEBUG [tfms-truck-fleet-management-system] [] org.hibernate.SQL - 
    insert 
    into
        trucks
        (created_at, is_active, is_available, last_service_date, last_serviced_by, make, plate_number, truck_type, updated_at, volume) 
    values
        (?, ?, ?, ?, ?, ?, ?, ?, ?, ?)
Hibernate: 
    insert 
    into
        trucks
        (created_at, is_active, is_available, last_service_date, last_serviced_by, make, plate_number, truck_type, updated_at, volume) 
    values
        (?, ?, ?, ?, ?, ?, ?, ?, ?, ?)
Created truck: TRK-005 (MEDIUM, 40.0m³, DAF LF)
2025-12-06 01:55:54.399 [main] DEBUG [tfms-truck-fleet-management-system] [] org.hibernate.SQL - 
    select
        td1_0.id 
    from
        trucks td1_0 
    where
        td1_0.plate_number=? 
    fetch
        first ? rows only
Hibernate: 
    select
        td1_0.id 
    from
        trucks td1_0 
    where
        td1_0.plate_number=? 
    fetch
        first ? rows only
2025-12-06 01:55:54.400 [main] DEBUG [tfms-truck-fleet-management-system] [] org.hibernate.SQL - 
    insert 
    into
        trucks
        (created_at, is_active, is_available, last_service_date, last_serviced_by, make, plate_number, truck_type, updated_at, volume) 
    values
        (?, ?, ?, ?, ?, ?, ?, ?, ?, ?)
Hibernate: 
    insert 
    into
        trucks
        (created_at, is_active, is_available, last_service_date, last_serviced_by, make, plate_number, truck_type, updated_at, volume) 
    values
        (?, ?, ?, ?, ?, ?, ?, ?, ?, ?)
Created truck: TRK-006 (MEDIUM, 45.0m³, Volvo FL)
2025-12-06 01:55:54.405 [main] DEBUG [tfms-truck-fleet-management-system] [] org.hibernate.SQL - 
    select
        td1_0.id 
    from
        trucks td1_0 
    where
        td1_0.plate_number=? 
    fetch
        first ? rows only
Hibernate: 
    select
        td1_0.id 
    from
        trucks td1_0 
    where
        td1_0.plate_number=? 
    fetch
        first ? rows only
2025-12-06 01:55:54.406 [main] DEBUG [tfms-truck-fleet-management-system] [] org.hibernate.SQL - 
    insert 
    into
        trucks
        (created_at, is_active, is_available, last_service_date, last_serviced_by, make, plate_number, truck_type, updated_at, volume) 
    values
        (?, ?, ?, ?, ?, ?, ?, ?, ?, ?)
Hibernate: 
    insert 
    into
        trucks
        (created_at, is_active, is_available, last_service_date, last_serviced_by, make, plate_number, truck_type, updated_at, volume) 
    values
        (?, ?, ?, ?, ?, ?, ?, ?, ?, ?)
Created truck: TRK-007 (LARGE, 65.0m³, Scania P-Series)
2025-12-06 01:55:54.411 [main] DEBUG [tfms-truck-fleet-management-system] [] org.hibernate.SQL - 
    select
        td1_0.id 
    from
        trucks td1_0 
    where
        td1_0.plate_number=? 
    fetch
        first ? rows only
Hibernate: 
    select
        td1_0.id 
    from
        trucks td1_0 
    where
        td1_0.plate_number=? 
    fetch
        first ? rows only
2025-12-06 01:55:54.412 [main] DEBUG [tfms-truck-fleet-management-system] [] org.hibernate.SQL - 
    insert 
    into
        trucks
        (created_at, is_active, is_available, last_service_date, last_serviced_by, make, plate_number, truck_type, updated_at, volume) 
    values
        (?, ?, ?, ?, ?, ?, ?, ?, ?, ?)
Hibernate: 
    insert 
    into
        trucks
        (created_at, is_active, is_available, last_service_date, last_serviced_by, make, plate_number, truck_type, updated_at, volume) 
    values
        (?, ?, ?, ?, ?, ?, ?, ?, ?, ?)
Created truck: TRK-008 (LARGE, 75.0m³, Mercedes Actros)
2025-12-06 01:55:54.416 [main] DEBUG [tfms-truck-fleet-management-system] [] org.hibernate.SQL - 
    select
        td1_0.id 
    from
        trucks td1_0 
    where
        td1_0.plate_number=? 
    fetch
        first ? rows only
Hibernate: 
    select
        td1_0.id 
    from
        trucks td1_0 
    where
        td1_0.plate_number=? 
    fetch
        first ? rows only
2025-12-06 01:55:54.417 [main] DEBUG [tfms-truck-fleet-management-system] [] org.hibernate.SQL - 
    insert 
    into
        trucks
        (created_at, is_active, is_available, last_service_date, last_serviced_by, make, plate_number, truck_type, updated_at, volume) 
    values
        (?, ?, ?, ?, ?, ?, ?, ?, ?, ?)
Hibernate: 
    insert 
    into
        trucks
        (created_at, is_active, is_available, last_service_date, last_serviced_by, make, plate_number, truck_type, updated_at, volume) 
    values
        (?, ?, ?, ?, ?, ?, ?, ?, ?, ?)
Created truck: TRK-009 (LARGE, 85.0m³, Volvo FH)
2025-12-06 01:55:54.420 [main] DEBUG [tfms-truck-fleet-management-system] [] org.hibernate.SQL - 
    select
        td1_0.id 
    from
        trucks td1_0 
    where
        td1_0.plate_number=? 
    fetch
        first ? rows only
Hibernate: 
    select
        td1_0.id 
    from
        trucks td1_0 
    where
        td1_0.plate_number=? 
    fetch
        first ? rows only
2025-12-06 01:55:54.421 [main] DEBUG [tfms-truck-fleet-management-system] [] org.hibernate.SQL - 
    insert 
    into
        trucks
        (created_at, is_active, is_available, last_service_date, last_serviced_by, make, plate_number, truck_type, updated_at, volume) 
    values
        (?, ?, ?, ?, ?, ?, ?, ?, ?, ?)
Hibernate: 
    insert 
    into
        trucks
        (created_at, is_active, is_available, last_service_date, last_serviced_by, make, plate_number, truck_type, updated_at, volume) 
    values
        (?, ?, ?, ?, ?, ?, ?, ?, ?, ?)
Created truck: TRK-010 (LARGE, 90.0m³, DAF XF)
✅ Successfully created 10 trucks with varying capacities!
Default users initialization completed.

============================================================
TFMS - Truck Fleet Management System
============================================================
Active Profile: DEV
Production Mode: DISABLED
Server Port: 8443
Development Mode - Frontend runs separately
Backend API: http://localhost:8443/api
Frontend: http://localhost:3000 (run separately)
H2 Console: http://localhost:8443/h2-console
============================================================
Application started successfully!
============================================================

2025-12-06 02:12:24.389 [HikariPool-1:housekeeper] WARN  [] [] com.zaxxer.hikari.pool.HikariPool - HikariPool-1 - Thread starvation or clock leap detected (housekeeper delta=6m38s552ms).
2025-12-06 02:36:23.587 [HikariPool-1:housekeeper] WARN  [] [] com.zaxxer.hikari.pool.HikariPool - HikariPool-1 - Thread starvation or clock leap detected (housekeeper delta=23m29s192ms).
2025-12-06 10:30:56.925 [HikariPool-1:housekeeper] WARN  [] [] com.zaxxer.hikari.pool.HikariPool - HikariPool-1 - Retrograde clock change detected (housekeeper delta=28s127ms), soft-evicting connections from pool.
2025-12-06 10:31:38.198 [SpringApplicationShutdownHook] INFO  [] [] org.springframework.boot.web.embedded.tomcat.GracefulShutdown - Commencing graceful shutdown. Waiting for active requests to complete
2025-12-06 10:31:38.219 [tomcat-shutdown] INFO  [] [] org.springframework.boot.web.embedded.tomcat.GracefulShutdown - Graceful shutdown complete
2025-12-06 10:31:38.253 [SpringApplicationShutdownHook] INFO  [] [] org.springframework.orm.jpa.LocalContainerEntityManagerFactoryBean - Closing JPA EntityManagerFactory for persistence unit 'default'
2025-12-06 10:31:38.263 [SpringApplicationShutdownHook] INFO  [] [] com.zaxxer.hikari.HikariDataSource - HikariPool-1 - Shutdown initiated...
2025-12-06 10:31:38.265 [SpringApplicationShutdownHook] INFO  [] [] com.zaxxer.hikari.HikariDataSource - HikariPool-1 - Shutdown completed.
